ForecastDate,Date,CountryCode,CountryName,RegionCode,RegionName,Estimated,Confirmed
2020-03-22,2020-03-10,AE,United Arab Emirates,,,55.678,59
2020-03-22,2020-03-11,AE,United Arab Emirates,,,63.591,74
2020-03-22,2020-03-13,AE,United Arab Emirates,,,72.046,85
2020-03-22,2020-03-15,AE,United Arab Emirates,,,81.01,85
2020-03-22,2020-03-16,AE,United Arab Emirates,,,90.446,86
2020-03-22,2020-03-17,AE,United Arab Emirates,,,100.31,98
2020-03-22,2020-03-18,AE,United Arab Emirates,,,110.554,113
2020-03-22,2020-03-19,AE,United Arab Emirates,,,121.129,113
2020-03-22,2020-03-20,AE,United Arab Emirates,,,131.983,140
2020-03-22,2020-03-21,AE,United Arab Emirates,,,143.065,140
2020-03-22,2020-03-22,AE,United Arab Emirates,,,154.322,153
2020-03-22,2020-03-23,AE,United Arab Emirates,,,165.703,
2020-03-22,2020-03-24,AE,United Arab Emirates,,,177.159,
2020-03-22,2020-03-25,AE,United Arab Emirates,,,188.641,
2020-03-22,2020-03-12,AL,Albania,,,15.317,11
2020-03-22,2020-03-13,AL,Albania,,,21.849,23
2020-03-22,2020-03-14,AL,Albania,,,29.026,33
2020-03-22,2020-03-15,AL,Albania,,,36.427,38
2020-03-22,2020-03-16,AL,Albania,,,43.683,42
2020-03-22,2020-03-17,AL,Albania,,,50.511,51
2020-03-22,2020-03-18,AL,Albania,,,56.733,55
2020-03-22,2020-03-19,AL,Albania,,,62.255,59
2020-03-22,2020-03-20,AL,Albania,,,67.055,70
2020-03-22,2020-03-21,AL,Albania,,,71.158,70
2020-03-22,2020-03-22,AL,Albania,,,74.62,76
2020-03-22,2020-03-23,AL,Albania,,,77.509,
2020-03-22,2020-03-24,AL,Albania,,,79.899,
2020-03-22,2020-03-25,AL,Albania,,,81.864,
2020-03-22,2020-03-11,AR,Argentina,,,18.924,19
2020-03-22,2020-03-13,AR,Argentina,,,24.138,31
2020-03-22,2020-03-14,AR,Argentina,,,30.785,34
2020-03-22,2020-03-15,AR,Argentina,,,39.256,45
2020-03-22,2020-03-16,AR,Argentina,,,50.05,56
2020-03-22,2020-03-17,AR,Argentina,,,63.802,65
2020-03-22,2020-03-18,AR,Argentina,,,81.319,79
2020-03-22,2020-03-19,AR,Argentina,,,103.629,97
2020-03-22,2020-03-20,AR,Argentina,,,132.038,128
2020-03-22,2020-03-21,AR,Argentina,,,168.209,158
2020-03-22,2020-03-22,AR,Argentina,,,214.255,225
2020-03-22,2020-03-23,AR,Argentina,,,272.862,
2020-03-22,2020-03-24,AR,Argentina,,,347.445,
2020-03-22,2020-03-25,AR,Argentina,,,442.345,
2020-03-22,2020-03-12,AT,Austria,,,264.994,246
2020-03-22,2020-03-13,AT,Austria,,,362.513,361
2020-03-22,2020-03-14,AT,Austria,,,487.401,504
2020-03-22,2020-03-15,AT,Austria,,,644.675,655
2020-03-22,2020-03-16,AT,Austria,,,839.614,860
2020-03-22,2020-03-17,AT,Austria,,,1077.641,1016
2020-03-22,2020-03-18,AT,Austria,,,1364.192,1332
2020-03-22,2020-03-19,AT,Austria,,,1704.568,1646
2020-03-22,2020-03-20,AT,Austria,,,2103.8,2196
2020-03-22,2020-03-21,AT,Austria,,,2566.499,2649
2020-03-22,2020-03-22,AT,Austria,,,3096.736,3024
2020-03-22,2020-03-23,AT,Austria,,,3697.918,
2020-03-22,2020-03-24,AT,Austria,,,4372.703,
2020-03-22,2020-03-25,AT,Austria,,,5122.921,
2020-03-22,2020-03-12,AU,Australia,,,133.453,126
2020-03-22,2020-03-13,AU,Australia,,,164.573,156
2020-03-22,2020-03-14,AU,Australia,,,202.926,197
2020-03-22,2020-03-15,AU,Australia,,,250.187,249
2020-03-22,2020-03-16,AU,Australia,,,308.419,298
2020-03-22,2020-03-17,AU,Australia,,,380.158,375
2020-03-22,2020-03-18,AU,Australia,,,468.53,454
2020-03-22,2020-03-19,AU,Australia,,,577.374,565
2020-03-22,2020-03-20,AU,Australia,,,711.421,709
2020-03-22,2020-03-21,AU,Australia,,,876.484,874
2020-03-22,2020-03-22,AU,Australia,,,1079.716,1098
2020-03-22,2020-03-23,AU,Australia,,,1329.915,
2020-03-22,2020-03-24,AU,Australia,,,1637.896,
2020-03-22,2020-03-25,AU,Australia,,,2016.961,
2020-03-22,2020-03-11,AZ,Azerbaijan,,,9.974,11
2020-03-22,2020-03-12,AZ,Azerbaijan,,,11.922,13
2020-03-22,2020-03-13,AZ,Azerbaijan,,,14.217,13
2020-03-22,2020-03-15,AZ,Azerbaijan,,,16.915,19
2020-03-22,2020-03-16,AZ,Azerbaijan,,,20.081,19
2020-03-22,2020-03-17,AZ,Azerbaijan,,,23.788,19
2020-03-22,2020-03-18,AZ,Azerbaijan,,,28.117,28
2020-03-22,2020-03-19,AZ,Azerbaijan,,,33.163,34
2020-03-22,2020-03-20,AZ,Azerbaijan,,,39.032,44
2020-03-22,2020-03-21,AZ,Azerbaijan,,,45.843,44
2020-03-22,2020-03-22,AZ,Azerbaijan,,,53.732,53
2020-03-22,2020-03-23,AZ,Azerbaijan,,,62.851,
2020-03-22,2020-03-24,AZ,Azerbaijan,,,73.369,
2020-03-22,2020-03-25,AZ,Azerbaijan,,,85.477,
2020-03-22,2020-03-12,BE,Belgium,,,348.809,314
2020-03-22,2020-03-13,BE,Belgium,,,434.408,399
2020-03-22,2020-03-14,BE,Belgium,,,539.474,559
2020-03-22,2020-03-15,BE,Belgium,,,668.07,689
2020-03-22,2020-03-16,BE,Belgium,,,825.03,886
2020-03-22,2020-03-17,BE,Belgium,,,1016.081,1085
2020-03-22,2020-03-18,BE,Belgium,,,1247.995,1243
2020-03-22,2020-03-19,BE,Belgium,,,1528.76,1486
2020-03-22,2020-03-20,BE,Belgium,,,1867.765,1795
2020-03-22,2020-03-21,BE,Belgium,,,2276.024,2257
2020-03-22,2020-03-22,BE,Belgium,,,2766.415,2815
2020-03-22,2020-03-23,BE,Belgium,,,3353.965,
2020-03-22,2020-03-24,BE,Belgium,,,4056.155,
2020-03-22,2020-03-25,BE,Belgium,,,4893.272,
2020-03-22,2020-03-12,BH,Bahrain,,,143.421,162
2020-03-22,2020-03-13,BH,Bahrain,,,158.849,162
2020-03-22,2020-03-14,BH,Bahrain,,,174.741,210
2020-03-22,2020-03-15,BH,Bahrain,,,191.005,211
2020-03-22,2020-03-16,BH,Bahrain,,,207.547,214
2020-03-22,2020-03-17,BH,Bahrain,,,224.276,221
2020-03-22,2020-03-18,BH,Bahrain,,,241.104,237
2020-03-22,2020-03-19,BH,Bahrain,,,257.947,256
2020-03-22,2020-03-20,BH,Bahrain,,,274.727,269
2020-03-22,2020-03-21,BH,Bahrain,,,291.371,285
2020-03-22,2020-03-22,BH,Bahrain,,,307.814,306
2020-03-22,2020-03-23,BH,Bahrain,,,323.996,
2020-03-22,2020-03-24,BH,Bahrain,,,339.866,
2020-03-22,2020-03-25,BH,Bahrain,,,355.378,
2020-03-22,2020-03-12,BN,Brunei,,,16.706,11
2020-03-22,2020-03-13,BN,Brunei,,,23.81,25
2020-03-22,2020-03-14,BN,Brunei,,,31.616,37
2020-03-22,2020-03-15,BN,Brunei,,,39.669,40
2020-03-22,2020-03-16,BN,Brunei,,,47.567,50
2020-03-22,2020-03-17,BN,Brunei,,,55.006,54
2020-03-22,2020-03-18,BN,Brunei,,,61.788,56
2020-03-22,2020-03-19,BN,Brunei,,,67.812,68
2020-03-22,2020-03-20,BN,Brunei,,,73.054,73
2020-03-22,2020-03-21,BN,Brunei,,,77.539,78
2020-03-22,2020-03-22,BN,Brunei,,,81.325,83
2020-03-22,2020-03-23,BN,Brunei,,,84.487,
2020-03-22,2020-03-24,BN,Brunei,,,87.106,
2020-03-22,2020-03-25,BN,Brunei,,,89.261,
2020-03-22,2020-03-12,BR,Brazil,,,46.437,52
2020-03-22,2020-03-13,BR,Brazil,,,64.794,77
2020-03-22,2020-03-14,BR,Brazil,,,90.167,98
2020-03-22,2020-03-15,BR,Brazil,,,125.142,121
2020-03-22,2020-03-16,BR,Brazil,,,173.225,200
2020-03-22,2020-03-17,BR,Brazil,,,239.156,234
2020-03-22,2020-03-18,BR,Brazil,,,329.325,291
2020-03-22,2020-03-19,BR,Brazil,,,452.323,428
2020-03-22,2020-03-20,BR,Brazil,,,619.673,621
2020-03-22,2020-03-21,BR,Brazil,,,846.791,904
2020-03-22,2020-03-22,BR,Brazil,,,1154.243,1128
2020-03-22,2020-03-23,BR,Brazil,,,1569.406,
2020-03-22,2020-03-24,BR,Brazil,,,2128.623,
2020-03-22,2020-03-25,BR,Brazil,,,2880.026,
2020-03-22,2020-03-12,CA,Canada,,,122.525,103
2020-03-22,2020-03-13,CA,Canada,,,159.347,138
2020-03-22,2020-03-14,CA,Canada,,,205.651,176
2020-03-22,2020-03-15,CA,Canada,,,263.444,244
2020-03-22,2020-03-16,CA,Canada,,,335.046,304
2020-03-22,2020-03-17,CA,Canada,,,423.131,424
2020-03-22,2020-03-18,CA,Canada,,,530.746,569
2020-03-22,2020-03-19,CA,Canada,,,661.343,690
2020-03-22,2020-03-20,CA,Canada,,,818.802,846
2020-03-22,2020-03-21,CA,Canada,,,1007.451,971
2020-03-22,2020-03-22,CA,Canada,,,1232.087,1231
2020-03-22,2020-03-23,CA,Canada,,,1497.985,
2020-03-22,2020-03-24,CA,Canada,,,1810.912,
2020-03-22,2020-03-25,CA,Canada,,,2177.121,
2020-03-22,2020-03-12,CH,Switzerland,,,694.735,642
2020-03-22,2020-03-13,CH,Switzerland,,,878.768,854
2020-03-22,2020-03-14,CH,Switzerland,,,1106.267,1121
2020-03-22,2020-03-15,CH,Switzerland,,,1386.174,1359
2020-03-22,2020-03-16,CH,Switzerland,,,1728.977,2200
2020-03-22,2020-03-17,CH,Switzerland,,,2146.912,2200
2020-03-22,2020-03-18,CH,Switzerland,,,2654.193,2650
2020-03-22,2020-03-19,CH,Switzerland,,,3267.252,3010
2020-03-22,2020-03-20,CH,Switzerland,,,4005.0,3888
2020-03-22,2020-03-21,CH,Switzerland,,,4889.104,4840
2020-03-22,2020-03-22,CH,Switzerland,,,5944.279,6077
2020-03-22,2020-03-23,CH,Switzerland,,,7198.6,
2020-03-22,2020-03-24,CH,Switzerland,,,8683.817,
2020-03-22,2020-03-25,CH,Switzerland,,,10435.692,
2020-03-22,2020-03-12,CL,Chile,,,17.555,23
2020-03-22,2020-03-13,CL,Chile,,,28.486,33
2020-03-22,2020-03-14,CL,Chile,,,44.476,43
2020-03-22,2020-03-15,CL,Chile,,,67.018,61
2020-03-22,2020-03-16,CL,Chile,,,97.739,75
2020-03-22,2020-03-17,CL,Chile,,,138.32,156
2020-03-22,2020-03-18,CL,Chile,,,190.406,201
2020-03-22,2020-03-19,CL,Chile,,,255.515,238
2020-03-22,2020-03-20,CL,Chile,,,334.944,342
2020-03-22,2020-03-21,CL,Chile,,,429.694,434
2020-03-22,2020-03-22,CL,Chile,,,540.412,537
2020-03-22,2020-03-23,CL,Chile,,,667.353,
2020-03-22,2020-03-24,CL,Chile,,,810.371,
2020-03-22,2020-03-25,CL,Chile,,,968.928,
2020-03-08,2020-02-26,CN,China,AH,Anhui,998.032,989
2020-03-08,2020-02-27,CN,China,AH,Anhui,999.96,989
2020-03-08,2020-02-28,CN,China,AH,Anhui,1001.561,990
2020-03-08,2020-02-29,CN,China,AH,Anhui,1002.891,990
2020-03-08,2020-03-01,CN,China,AH,Anhui,1003.995,990
2020-03-08,2020-03-02,CN,China,AH,Anhui,1004.912,990
2020-03-08,2020-03-03,CN,China,AH,Anhui,1005.673,990
2020-03-08,2020-03-04,CN,China,AH,Anhui,1006.305,990
2020-03-08,2020-03-05,CN,China,AH,Anhui,1006.829,990
2020-03-08,2020-03-06,CN,China,AH,Anhui,1007.264,990
2020-03-08,2020-03-08,CN,China,AH,Anhui,1007.625,990
2020-03-08,2020-03-09,CN,China,AH,Anhui,1007.925,
2020-03-08,2020-03-10,CN,China,AH,Anhui,1008.173,
2020-03-08,2020-03-11,CN,China,AH,Anhui,1008.379,
2020-03-22,2020-03-12,CN,China,BJ,Beijing,439.698,435
2020-03-22,2020-03-13,CN,China,BJ,Beijing,440.043,436
2020-03-22,2020-03-14,CN,China,BJ,Beijing,440.348,437
2020-03-22,2020-03-15,CN,China,BJ,Beijing,440.617,442
2020-03-22,2020-03-16,CN,China,BJ,Beijing,440.855,452
2020-03-22,2020-03-17,CN,China,BJ,Beijing,441.065,456
2020-03-22,2020-03-18,CN,China,BJ,Beijing,441.251,469
2020-03-22,2020-03-19,CN,China,BJ,Beijing,441.415,480
2020-03-22,2020-03-20,CN,China,BJ,Beijing,441.56,491
2020-03-22,2020-03-21,CN,China,BJ,Beijing,441.688,499
2020-03-22,2020-03-22,CN,China,BJ,Beijing,441.801,514
2020-03-22,2020-03-23,CN,China,BJ,Beijing,441.901,
2020-03-22,2020-03-24,CN,China,BJ,Beijing,441.989,
2020-03-22,2020-03-25,CN,China,BJ,Beijing,442.067,
2020-03-23,2020-03-06,CN,China,CQ,Chongqing,579.778,576
2020-03-23,2020-03-07,CN,China,CQ,Chongqing,580.117,576
2020-03-23,2020-03-08,CN,China,CQ,Chongqing,580.408,576
2020-03-23,2020-03-09,CN,China,CQ,Chongqing,580.657,576
2020-03-23,2020-03-10,CN,China,CQ,Chongqing,580.869,576
2020-03-23,2020-03-11,CN,China,CQ,Chongqing,581.051,576
2020-03-23,2020-03-12,CN,China,CQ,Chongqing,581.206,576
2020-03-23,2020-03-13,CN,China,CQ,Chongqing,581.339,576
2020-03-23,2020-03-14,CN,China,CQ,Chongqing,581.453,576
2020-03-23,2020-03-15,CN,China,CQ,Chongqing,581.55,576
2020-03-23,2020-03-23,CN,China,CQ,Chongqing,581.633,577
2020-03-23,2020-03-24,CN,China,CQ,Chongqing,581.704,
2020-03-23,2020-03-25,CN,China,CQ,Chongqing,581.765,
2020-03-23,2020-03-26,CN,China,CQ,Chongqing,581.817,
2020-03-22,2020-03-01,CN,China,FJ,Fujian,297.857,296
2020-03-22,2020-03-02,CN,China,FJ,Fujian,298.063,296
2020-03-22,2020-03-03,CN,China,FJ,Fujian,298.235,296
2020-03-22,2020-03-04,CN,China,FJ,Fujian,298.38,296
2020-03-22,2020-03-05,CN,China,FJ,Fujian,298.501,296
2020-03-22,2020-03-06,CN,China,FJ,Fujian,298.602,296
2020-03-22,2020-03-07,CN,China,FJ,Fujian,298.686,296
2020-03-22,2020-03-08,CN,China,FJ,Fujian,298.757,296
2020-03-22,2020-03-20,CN,China,FJ,Fujian,298.817,299
2020-03-22,2020-03-21,CN,China,FJ,Fujian,298.866,303
2020-03-22,2020-03-22,CN,China,FJ,Fujian,298.908,307
2020-03-22,2020-03-23,CN,China,FJ,Fujian,298.943,
2020-03-22,2020-03-24,CN,China,FJ,Fujian,298.972,
2020-03-22,2020-03-25,CN,China,FJ,Fujian,298.996,
2020-03-22,2020-03-12,CN,China,GD,Guangdong,1363.42,1356
2020-03-22,2020-03-13,CN,China,GD,Guangdong,1363.525,1356
2020-03-22,2020-03-14,CN,China,GD,Guangdong,1363.613,1356
2020-03-22,2020-03-15,CN,China,GD,Guangdong,1363.685,1357
2020-03-22,2020-03-16,CN,China,GD,Guangdong,1363.744,1361
2020-03-22,2020-03-17,CN,China,GD,Guangdong,1363.793,1364
2020-03-22,2020-03-18,CN,China,GD,Guangdong,1363.834,1370
2020-03-22,2020-03-19,CN,China,GD,Guangdong,1363.868,1378
2020-03-22,2020-03-20,CN,China,GD,Guangdong,1363.895,1395
2020-03-22,2020-03-21,CN,China,GD,Guangdong,1363.918,1399
2020-03-22,2020-03-22,CN,China,GD,Guangdong,1363.937,1407
2020-03-22,2020-03-23,CN,China,GD,Guangdong,1363.953,
2020-03-22,2020-03-24,CN,China,GD,Guangdong,1363.966,
2020-03-22,2020-03-25,CN,China,GD,Guangdong,1363.977,
2020-03-23,2020-03-08,CN,China,GS,Gansu,116.545,120
2020-03-23,2020-03-09,CN,China,GS,Gansu,117.776,124
2020-03-23,2020-03-10,CN,China,GS,Gansu,118.947,124
2020-03-23,2020-03-11,CN,China,GS,Gansu,120.062,125
2020-03-23,2020-03-12,CN,China,GS,Gansu,121.121,127
2020-03-23,2020-03-14,CN,China,GS,Gansu,122.128,129
2020-03-23,2020-03-15,CN,China,GS,Gansu,123.085,132
2020-03-23,2020-03-16,CN,China,GS,Gansu,123.993,133
2020-03-23,2020-03-20,CN,China,GS,Gansu,124.854,134
2020-03-23,2020-03-21,CN,China,GS,Gansu,125.672,134
2020-03-23,2020-03-23,CN,China,GS,Gansu,126.447,136
2020-03-23,2020-03-24,CN,China,GS,Gansu,127.181,
2020-03-23,2020-03-25,CN,China,GS,Gansu,127.877,
2020-03-23,2020-03-26,CN,China,GS,Gansu,128.537,
2020-03-20,2020-03-07,CN,China,GX,Guangxi,254.203,252
2020-03-20,2020-03-08,CN,China,GX,Guangxi,254.362,252
2020-03-20,2020-03-09,CN,China,GX,Guangxi,254.499,252
2020-03-20,2020-03-10,CN,China,GX,Guangxi,254.616,252
2020-03-20,2020-03-11,CN,China,GX,Guangxi,254.717,252
2020-03-20,2020-03-12,CN,China,GX,Guangxi,254.804,252
2020-03-20,2020-03-13,CN,China,GX,Guangxi,254.879,252
2020-03-20,2020-03-16,CN,China,GX,Guangxi,254.943,252
2020-03-20,2020-03-17,CN,China,GX,Guangxi,254.998,253
2020-03-20,2020-03-18,CN,China,GX,Guangxi,255.046,253
2020-03-20,2020-03-20,CN,China,GX,Guangxi,255.087,254
2020-03-20,2020-03-21,CN,China,GX,Guangxi,255.122,
2020-03-20,2020-03-22,CN,China,GX,Guangxi,255.152,
2020-03-20,2020-03-23,CN,China,GX,Guangxi,255.177,
2020-03-18,2020-03-07,CN,China,GZ,Guizhou,148.091,146
2020-03-18,2020-03-08,CN,China,GZ,Guizhou,148.293,146
2020-03-18,2020-03-09,CN,China,GZ,Guizhou,148.458,146
2020-03-18,2020-03-10,CN,China,GZ,Guizhou,148.593,146
2020-03-18,2020-03-11,CN,China,GZ,Guizhou,148.702,146
2020-03-18,2020-03-12,CN,China,GZ,Guizhou,148.792,146
2020-03-18,2020-03-13,CN,China,GZ,Guizhou,148.866,146
2020-03-18,2020-03-14,CN,China,GZ,Guizhou,148.925,146
2020-03-18,2020-03-16,CN,China,GZ,Guizhou,148.974,146
2020-03-18,2020-03-17,CN,China,GZ,Guizhou,149.014,147
2020-03-18,2020-03-18,CN,China,GZ,Guizhou,149.047,146
2020-03-18,2020-03-19,CN,China,GZ,Guizhou,149.073,
2020-03-18,2020-03-20,CN,China,GZ,Guizhou,149.095,
2020-03-18,2020-03-21,CN,China,GZ,Guizhou,149.113,
2020-03-14,2020-03-01,CN,China,HA,Henan,1281.705,1272
2020-03-14,2020-03-02,CN,China,HA,Henan,1282.684,1272
2020-03-14,2020-03-03,CN,China,HA,Henan,1283.494,1272
2020-03-14,2020-03-04,CN,China,HA,Henan,1284.164,1272
2020-03-14,2020-03-05,CN,China,HA,Henan,1284.72,1272
2020-03-14,2020-03-06,CN,China,HA,Henan,1285.179,1272
2020-03-14,2020-03-07,CN,China,HA,Henan,1285.559,1272
2020-03-14,2020-03-08,CN,China,HA,Henan,1285.874,1272
2020-03-14,2020-03-11,CN,China,HA,Henan,1286.135,1273
2020-03-14,2020-03-12,CN,China,HA,Henan,1286.35,1273
2020-03-14,2020-03-14,CN,China,HA,Henan,1286.529,1273
2020-03-14,2020-03-15,CN,China,HA,Henan,1286.676,
2020-03-14,2020-03-16,CN,China,HA,Henan,1286.799,
2020-03-14,2020-03-17,CN,China,HA,Henan,1286.9,
2020-03-22,2020-03-12,CN,China,HB,Hubei,68364.115,67781
2020-03-22,2020-03-13,CN,China,HB,Hubei,68413.402,67786
2020-03-22,2020-03-14,CN,China,HB,Hubei,68455.475,67790
2020-03-22,2020-03-15,CN,China,HB,Hubei,68491.386,67794
2020-03-22,2020-03-16,CN,China,HB,Hubei,68522.036,67798
2020-03-22,2020-03-17,CN,China,HB,Hubei,68548.194,67799
2020-03-22,2020-03-18,CN,China,HB,Hubei,68570.516,67800
2020-03-22,2020-03-19,CN,China,HB,Hubei,68589.564,67800
2020-03-22,2020-03-20,CN,China,HB,Hubei,68605.818,67800
2020-03-22,2020-03-21,CN,China,HB,Hubei,68619.686,67800
2020-03-22,2020-03-22,CN,China,HB,Hubei,68631.519,67800
2020-03-22,2020-03-23,CN,China,HB,Hubei,68641.615,
2020-03-22,2020-03-24,CN,China,HB,Hubei,68650.229,
2020-03-22,2020-03-25,CN,China,HB,Hubei,68657.578,
2020-03-22,2020-02-28,CN,China,HE,Hebei,318.424,318
2020-03-22,2020-02-29,CN,China,HE,Hebei,319.536,318
2020-03-22,2020-03-01,CN,China,HE,Hebei,320.499,318
2020-03-22,2020-03-02,CN,China,HE,Hebei,321.333,318
2020-03-22,2020-03-03,CN,China,HE,Hebei,322.054,318
2020-03-22,2020-03-05,CN,China,HE,Hebei,322.677,318
2020-03-22,2020-03-06,CN,China,HE,Hebei,323.217,318
2020-03-22,2020-03-08,CN,China,HE,Hebei,323.683,318
2020-03-22,2020-03-12,CN,China,HE,Hebei,324.086,318
2020-03-22,2020-03-13,CN,China,HE,Hebei,324.434,318
2020-03-22,2020-03-22,CN,China,HE,Hebei,324.734,319
2020-03-22,2020-03-23,CN,China,HE,Hebei,324.994,
2020-03-22,2020-03-24,CN,China,HE,Hebei,325.218,
2020-03-22,2020-03-25,CN,China,HE,Hebei,325.412,
2020-03-17,2020-02-26,CN,China,HI,Hainan,169.171,168
2020-03-17,2020-02-27,CN,China,HI,Hainan,169.818,168
2020-03-17,2020-02-28,CN,China,HI,Hainan,170.377,168
2020-03-17,2020-02-29,CN,China,HI,Hainan,170.859,168
2020-03-17,2020-03-01,CN,China,HI,Hainan,171.276,168
2020-03-17,2020-03-02,CN,China,HI,Hainan,171.636,168
2020-03-17,2020-03-04,CN,China,HI,Hainan,171.946,168
2020-03-17,2020-03-05,CN,China,HI,Hainan,172.214,168
2020-03-17,2020-03-08,CN,China,HI,Hainan,172.445,168
2020-03-17,2020-03-12,CN,China,HI,Hainan,172.644,168
2020-03-17,2020-03-17,CN,China,HI,Hainan,172.815,168
2020-03-17,2020-03-18,CN,China,HI,Hainan,172.963,
2020-03-17,2020-03-19,CN,China,HI,Hainan,173.091,
2020-03-17,2020-03-20,CN,China,HI,Hainan,173.201,
2020-03-22,2020-03-11,CN,China,HK,Hong Kong,140.242,126
2020-03-22,2020-03-12,CN,China,HK,Hong Kong,147.122,129
2020-03-22,2020-03-13,CN,China,HK,Hong Kong,154.338,131
2020-03-22,2020-03-14,CN,China,HK,Hong Kong,161.907,137
2020-03-22,2020-03-15,CN,China,HK,Hong Kong,169.846,145
2020-03-22,2020-03-16,CN,China,HK,Hong Kong,178.173,149
2020-03-22,2020-03-17,CN,China,HK,Hong Kong,186.908,157
2020-03-22,2020-03-18,CN,China,HK,Hong Kong,196.069,181
2020-03-22,2020-03-19,CN,China,HK,Hong Kong,205.678,192
2020-03-22,2020-03-20,CN,China,HK,Hong Kong,215.757,256
2020-03-22,2020-03-22,CN,China,HK,Hong Kong,226.329,317
2020-03-22,2020-03-23,CN,China,HK,Hong Kong,237.416,
2020-03-22,2020-03-24,CN,China,HK,Hong Kong,249.046,
2020-03-22,2020-03-25,CN,China,HK,Hong Kong,261.243,
2020-03-22,2020-03-11,CN,China,HL,Heilongjiang,485.814,482
2020-03-22,2020-03-12,CN,China,HL,Heilongjiang,485.917,482
2020-03-22,2020-03-13,CN,China,HL,Heilongjiang,486.002,482
2020-03-22,2020-03-14,CN,China,HL,Heilongjiang,486.073,482
2020-03-22,2020-03-15,CN,China,HL,Heilongjiang,486.132,482
2020-03-22,2020-03-16,CN,China,HL,Heilongjiang,486.18,482
2020-03-22,2020-03-17,CN,China,HL,Heilongjiang,486.22,482
2020-03-22,2020-03-18,CN,China,HL,Heilongjiang,486.254,482
2020-03-22,2020-03-19,CN,China,HL,Heilongjiang,486.281,483
2020-03-22,2020-03-20,CN,China,HL,Heilongjiang,486.304,484
2020-03-22,2020-03-22,CN,China,HL,Heilongjiang,486.323,484
2020-03-22,2020-03-23,CN,China,HL,Heilongjiang,486.339,
2020-03-22,2020-03-24,CN,China,HL,Heilongjiang,486.352,
2020-03-22,2020-03-25,CN,China,HL,Heilongjiang,486.363,
2020-03-14,2020-03-04,CN,China,HN,Hunan,1026.02,1018
2020-03-14,2020-03-05,CN,China,HN,Hunan,1026.355,1018
2020-03-14,2020-03-06,CN,China,HN,Hunan,1026.63,1018
2020-03-14,2020-03-07,CN,China,HN,Hunan,1026.857,1018
2020-03-14,2020-03-08,CN,China,HN,Hunan,1027.043,1018
2020-03-14,2020-03-09,CN,China,HN,Hunan,1027.197,1018
2020-03-14,2020-03-10,CN,China,HN,Hunan,1027.324,1018
2020-03-14,2020-03-11,CN,China,HN,Hunan,1027.428,1018
2020-03-14,2020-03-12,CN,China,HN,Hunan,1027.514,1018
2020-03-14,2020-03-13,CN,China,HN,Hunan,1027.584,1018
2020-03-14,2020-03-14,CN,China,HN,Hunan,1027.643,1018
2020-03-14,2020-03-15,CN,China,HN,Hunan,1027.69,
2020-03-14,2020-03-16,CN,China,HN,Hunan,1027.73,
2020-03-14,2020-03-17,CN,China,HN,Hunan,1027.762,
2020-03-13,2020-02-28,CN,China,JL,Jilin,92.704,93
2020-03-13,2020-02-29,CN,China,JL,Jilin,92.759,93
2020-03-13,2020-03-01,CN,China,JL,Jilin,92.802,93
2020-03-13,2020-03-02,CN,China,JL,Jilin,92.836,93
2020-03-13,2020-03-03,CN,China,JL,Jilin,92.862,93
2020-03-13,2020-03-04,CN,China,JL,Jilin,92.882,93
2020-03-13,2020-03-05,CN,China,JL,Jilin,92.898,93
2020-03-13,2020-03-06,CN,China,JL,Jilin,92.911,93
2020-03-13,2020-03-07,CN,China,JL,Jilin,92.921,93
2020-03-13,2020-03-10,CN,China,JL,Jilin,92.929,93
2020-03-13,2020-03-13,CN,China,JL,Jilin,92.935,93
2020-03-13,2020-03-14,CN,China,JL,Jilin,92.939,
2020-03-13,2020-03-15,CN,China,JL,Jilin,92.943,
2020-03-13,2020-03-16,CN,China,JL,Jilin,92.946,
2020-03-22,2020-03-04,CN,China,JS,Jiangsu,638.96,631
2020-03-22,2020-03-05,CN,China,JS,Jiangsu,639.41,631
2020-03-22,2020-03-06,CN,China,JS,Jiangsu,639.789,631
2020-03-22,2020-03-07,CN,China,JS,Jiangsu,640.107,631
2020-03-22,2020-03-08,CN,China,JS,Jiangsu,640.374,631
2020-03-22,2020-03-09,CN,China,JS,Jiangsu,640.599,631
2020-03-22,2020-03-10,CN,China,JS,Jiangsu,640.787,631
2020-03-22,2020-03-12,CN,China,JS,Jiangsu,640.946,631
2020-03-22,2020-03-13,CN,China,JS,Jiangsu,641.078,631
2020-03-22,2020-03-15,CN,China,JS,Jiangsu,641.19,631
2020-03-22,2020-03-22,CN,China,JS,Jiangsu,641.284,633
2020-03-22,2020-03-23,CN,China,JS,Jiangsu,641.363,
2020-03-22,2020-03-24,CN,China,JS,Jiangsu,641.429,
2020-03-22,2020-03-25,CN,China,JS,Jiangsu,641.484,
2020-03-22,2020-03-03,CN,China,JX,Jiangxi,943.579,935
2020-03-22,2020-03-04,CN,China,JX,Jiangxi,943.95,935
2020-03-22,2020-03-05,CN,China,JX,Jiangxi,944.253,935
2020-03-22,2020-03-06,CN,China,JX,Jiangxi,944.499,935
2020-03-22,2020-03-07,CN,China,JX,Jiangxi,944.7,935
2020-03-22,2020-03-08,CN,China,JX,Jiangxi,944.864,935
2020-03-22,2020-03-09,CN,China,JX,Jiangxi,944.998,935
2020-03-22,2020-03-10,CN,China,JX,Jiangxi,945.107,935
2020-03-22,2020-03-11,CN,China,JX,Jiangxi,945.195,935
2020-03-22,2020-03-12,CN,China,JX,Jiangxi,945.268,935
2020-03-22,2020-03-22,CN,China,JX,Jiangxi,945.327,936
2020-03-22,2020-03-23,CN,China,JX,Jiangxi,945.375,
2020-03-22,2020-03-24,CN,China,JX,Jiangxi,945.414,
2020-03-22,2020-03-25,CN,China,JX,Jiangxi,945.446,
2020-03-22,2020-03-03,CN,China,LN,Liaoning,124.261,125
2020-03-22,2020-03-04,CN,China,LN,Liaoning,124.335,125
2020-03-22,2020-03-08,CN,China,LN,Liaoning,124.397,125
2020-03-22,2020-03-10,CN,China,LN,Liaoning,124.449,125
2020-03-22,2020-03-12,CN,China,LN,Liaoning,124.493,125
2020-03-22,2020-03-14,CN,China,LN,Liaoning,124.531,125
2020-03-22,2020-03-15,CN,China,LN,Liaoning,124.562,125
2020-03-22,2020-03-17,CN,China,LN,Liaoning,124.589,125
2020-03-22,2020-03-18,CN,China,LN,Liaoning,124.612,125
2020-03-22,2020-03-20,CN,China,LN,Liaoning,124.631,126
2020-03-22,2020-03-22,CN,China,LN,Liaoning,124.647,126
2020-03-22,2020-03-23,CN,China,LN,Liaoning,124.66,
2020-03-22,2020-03-24,CN,China,LN,Liaoning,124.672,
2020-03-22,2020-03-25,CN,China,LN,Liaoning,124.681,
2020-03-16,2020-02-24,CN,China,NX,Ningxia,71.718,71
2020-03-16,2020-02-25,CN,China,NX,Ningxia,72.461,71
2020-03-16,2020-02-26,CN,China,NX,Ningxia,73.111,71
2020-03-16,2020-02-27,CN,China,NX,Ningxia,73.679,72
2020-03-16,2020-02-29,CN,China,NX,Ningxia,74.174,73
2020-03-16,2020-03-02,CN,China,NX,Ningxia,74.605,74
2020-03-16,2020-03-04,CN,China,NX,Ningxia,74.981,75
2020-03-16,2020-03-07,CN,China,NX,Ningxia,75.308,75
2020-03-16,2020-03-11,CN,China,NX,Ningxia,75.592,75
2020-03-16,2020-03-14,CN,China,NX,Ningxia,75.839,75
2020-03-16,2020-03-16,CN,China,NX,Ningxia,76.053,75
2020-03-16,2020-03-17,CN,China,NX,Ningxia,76.239,
2020-03-16,2020-03-18,CN,China,NX,Ningxia,76.401,
2020-03-16,2020-03-19,CN,China,NX,Ningxia,76.541,
2020-02-24,2020-02-03,CN,China,QH,Qinghai,13.535,13
2020-02-24,2020-02-04,CN,China,QH,Qinghai,15.459,15
2020-02-24,2020-02-05,CN,China,QH,Qinghai,16.637,17
2020-02-24,2020-02-06,CN,China,QH,Qinghai,17.325,18
2020-02-24,2020-02-12,CN,China,QH,Qinghai,17.717,18
2020-02-24,2020-02-13,CN,China,QH,Qinghai,17.937,18
2020-02-24,2020-02-15,CN,China,QH,Qinghai,18.06,18
2020-02-24,2020-02-18,CN,China,QH,Qinghai,18.128,18
2020-02-24,2020-02-19,CN,China,QH,Qinghai,18.165,18
2020-02-24,2020-02-21,CN,China,QH,Qinghai,18.186,18
2020-02-24,2020-02-24,CN,China,QH,Qinghai,18.198,18
2020-02-24,2020-02-25,CN,China,QH,Qinghai,18.204,
2020-02-24,2020-02-26,CN,China,QH,Qinghai,18.208,
2020-02-24,2020-02-27,CN,China,QH,Qinghai,18.21,
2020-03-22,2020-03-11,CN,China,SC,Sichuan,542.449,539
2020-03-22,2020-03-12,CN,China,SC,Sichuan,542.733,539
2020-03-22,2020-03-13,CN,China,SC,Sichuan,542.98,539
2020-03-22,2020-03-14,CN,China,SC,Sichuan,543.194,539
2020-03-22,2020-03-15,CN,China,SC,Sichuan,543.38,539
2020-03-22,2020-03-17,CN,China,SC,Sichuan,543.541,540
2020-03-22,2020-03-18,CN,China,SC,Sichuan,543.681,540
2020-03-22,2020-03-19,CN,China,SC,Sichuan,543.802,540
2020-03-22,2020-03-20,CN,China,SC,Sichuan,543.907,541
2020-03-22,2020-03-21,CN,China,SC,Sichuan,543.999,542
2020-03-22,2020-03-22,CN,China,SC,Sichuan,544.078,543
2020-03-22,2020-03-23,CN,China,SC,Sichuan,544.146,
2020-03-22,2020-03-24,CN,China,SC,Sichuan,544.206,
2020-03-22,2020-03-25,CN,China,SC,Sichuan,544.257,
2020-03-22,2020-03-10,CN,China,SD,Shandong,768.35,758
2020-03-22,2020-03-11,CN,China,SD,Shandong,770.469,760
2020-03-22,2020-03-12,CN,China,SD,Shandong,772.386,760
2020-03-22,2020-03-13,CN,China,SD,Shandong,774.121,760
2020-03-22,2020-03-14,CN,China,SD,Shandong,775.689,760
2020-03-22,2020-03-16,CN,China,SD,Shandong,777.107,760
2020-03-22,2020-03-17,CN,China,SD,Shandong,778.389,761
2020-03-22,2020-03-19,CN,China,SD,Shandong,779.547,761
2020-03-22,2020-03-20,CN,China,SD,Shandong,780.594,762
2020-03-22,2020-03-21,CN,China,SD,Shandong,781.54,764
2020-03-22,2020-03-22,CN,China,SD,Shandong,782.394,766
2020-03-22,2020-03-23,CN,China,SD,Shandong,783.166,
2020-03-22,2020-03-24,CN,China,SD,Shandong,783.863,
2020-03-22,2020-03-25,CN,China,SD,Shandong,784.493,
2020-03-22,2020-03-12,CN,China,SH,Shanghai,348.04,344
2020-03-22,2020-03-13,CN,China,SH,Shanghai,348.08,346
2020-03-22,2020-03-14,CN,China,SH,Shanghai,348.113,352
2020-03-22,2020-03-15,CN,China,SH,Shanghai,348.141,353
2020-03-22,2020-03-16,CN,China,SH,Shanghai,348.165,355
2020-03-22,2020-03-17,CN,China,SH,Shanghai,348.184,358
2020-03-22,2020-03-18,CN,China,SH,Shanghai,348.201,361
2020-03-22,2020-03-19,CN,China,SH,Shanghai,348.215,363
2020-03-22,2020-03-20,CN,China,SH,Shanghai,348.227,371
2020-03-22,2020-03-21,CN,China,SH,Shanghai,348.237,380
2020-03-22,2020-03-22,CN,China,SH,Shanghai,348.245,394
2020-03-22,2020-03-23,CN,China,SH,Shanghai,348.252,
2020-03-22,2020-03-24,CN,China,SH,Shanghai,348.258,
2020-03-22,2020-03-25,CN,China,SH,Shanghai,348.263,
2020-03-21,2020-03-05,CN,China,SN,Shaanxi,247.055,245
2020-03-21,2020-03-07,CN,China,SN,Shaanxi,247.157,245
2020-03-21,2020-03-09,CN,China,SN,Shaanxi,247.241,245
2020-03-21,2020-03-10,CN,China,SN,Shaanxi,247.311,245
2020-03-21,2020-03-11,CN,China,SN,Shaanxi,247.37,245
2020-03-21,2020-03-12,CN,China,SN,Shaanxi,247.419,245
2020-03-21,2020-03-16,CN,China,SN,Shaanxi,247.459,245
2020-03-21,2020-03-17,CN,China,SN,Shaanxi,247.493,246
2020-03-21,2020-03-18,CN,China,SN,Shaanxi,247.521,246
2020-03-21,2020-03-20,CN,China,SN,Shaanxi,247.544,247
2020-03-21,2020-03-21,CN,China,SN,Shaanxi,247.564,248
2020-03-21,2020-03-22,CN,China,SN,Shaanxi,247.58,
2020-03-21,2020-03-23,CN,China,SN,Shaanxi,247.593,
2020-03-21,2020-03-24,CN,China,SN,Shaanxi,247.605,
2020-03-13,2020-02-28,CN,China,SN,Shanxi,133.698,133
2020-03-13,2020-02-29,CN,China,SN,Shanxi,133.819,133
2020-03-13,2020-03-01,CN,China,SN,Shanxi,133.918,133
2020-03-13,2020-03-02,CN,China,SN,Shanxi,134.0,133
2020-03-13,2020-03-03,CN,China,SN,Shanxi,134.068,133
2020-03-13,2020-03-04,CN,China,SN,Shanxi,134.124,133
2020-03-13,2020-03-06,CN,China,SN,Shanxi,134.169,133
2020-03-13,2020-03-10,CN,China,SN,Shanxi,134.207,133
2020-03-13,2020-03-11,CN,China,SN,Shanxi,134.238,133
2020-03-13,2020-03-12,CN,China,SN,Shanxi,134.264,133
2020-03-13,2020-03-13,CN,China,SN,Shanxi,134.285,133
2020-03-13,2020-03-14,CN,China,SN,Shanxi,134.302,
2020-03-13,2020-03-15,CN,China,SN,Shanxi,134.316,
2020-03-13,2020-03-16,CN,China,SN,Shanxi,134.328,
2020-03-20,2020-03-01,CN,China,TJ,Tianjin,136.627,136
2020-03-20,2020-03-02,CN,China,TJ,Tianjin,136.985,136
2020-03-20,2020-03-03,CN,China,TJ,Tianjin,137.297,136
2020-03-20,2020-03-04,CN,China,TJ,Tianjin,137.569,136
2020-03-20,2020-03-05,CN,China,TJ,Tianjin,137.805,136
2020-03-20,2020-03-09,CN,China,TJ,Tianjin,138.011,136
2020-03-20,2020-03-10,CN,China,TJ,Tianjin,138.19,136
2020-03-20,2020-03-11,CN,China,TJ,Tianjin,138.346,136
2020-03-20,2020-03-12,CN,China,TJ,Tianjin,138.481,136
2020-03-20,2020-03-15,CN,China,TJ,Tianjin,138.599,136
2020-03-20,2020-03-20,CN,China,TJ,Tianjin,138.701,137
2020-03-20,2020-03-21,CN,China,TJ,Tianjin,138.79,
2020-03-20,2020-03-22,CN,China,TJ,Tianjin,138.867,
2020-03-20,2020-03-23,CN,China,TJ,Tianjin,138.935,
2020-03-08,2020-02-24,CN,China,XJ,Xinjiang,75.409,76
2020-03-08,2020-02-25,CN,China,XJ,Xinjiang,76.049,76
2020-03-08,2020-02-27,CN,China,XJ,Xinjiang,76.606,76
2020-03-08,2020-02-28,CN,China,XJ,Xinjiang,77.091,76
2020-03-08,2020-03-01,CN,China,XJ,Xinjiang,77.513,76
2020-03-08,2020-03-02,CN,China,XJ,Xinjiang,77.879,76
2020-03-08,2020-03-03,CN,China,XJ,Xinjiang,78.197,76
2020-03-08,2020-03-05,CN,China,XJ,Xinjiang,78.472,76
2020-03-08,2020-03-06,CN,China,XJ,Xinjiang,78.711,76
2020-03-08,2020-03-07,CN,China,XJ,Xinjiang,78.918,76
2020-03-08,2020-03-08,CN,China,XJ,Xinjiang,79.098,76
2020-03-08,2020-03-09,CN,China,XJ,Xinjiang,79.253,
2020-03-08,2020-03-10,CN,China,XJ,Xinjiang,79.388,
2020-03-08,2020-03-11,CN,China,XJ,Xinjiang,79.504,
2020-03-17,2020-02-26,CN,China,YN,Yunnan,173.563,174
2020-03-17,2020-02-27,CN,China,YN,Yunnan,173.771,174
2020-03-17,2020-02-28,CN,China,YN,Yunnan,173.943,174
2020-03-17,2020-02-29,CN,China,YN,Yunnan,174.087,174
2020-03-17,2020-03-01,CN,China,YN,Yunnan,174.207,174
2020-03-17,2020-03-02,CN,China,YN,Yunnan,174.307,174
2020-03-17,2020-03-03,CN,China,YN,Yunnan,174.39,174
2020-03-17,2020-03-06,CN,China,YN,Yunnan,174.46,174
2020-03-17,2020-03-15,CN,China,YN,Yunnan,174.518,174
2020-03-17,2020-03-16,CN,China,YN,Yunnan,174.566,175
2020-03-17,2020-03-17,CN,China,YN,Yunnan,174.606,176
2020-03-17,2020-03-18,CN,China,YN,Yunnan,174.639,
2020-03-17,2020-03-19,CN,China,YN,Yunnan,174.667,
2020-03-17,2020-03-20,CN,China,YN,Yunnan,174.69,
2020-03-22,2020-03-10,CN,China,ZJ,Zhejiang,1215.04,1215
2020-03-22,2020-03-11,CN,China,ZJ,Zhejiang,1215.092,1215
2020-03-22,2020-03-12,CN,China,ZJ,Zhejiang,1215.134,1215
2020-03-22,2020-03-14,CN,China,ZJ,Zhejiang,1215.168,1227
2020-03-22,2020-03-15,CN,China,ZJ,Zhejiang,1215.195,1231
2020-03-22,2020-03-16,CN,China,ZJ,Zhejiang,1215.217,1231
2020-03-22,2020-03-17,CN,China,ZJ,Zhejiang,1215.235,1232
2020-03-22,2020-03-19,CN,China,ZJ,Zhejiang,1215.25,1234
2020-03-22,2020-03-20,CN,China,ZJ,Zhejiang,1215.262,1234
2020-03-22,2020-03-21,CN,China,ZJ,Zhejiang,1215.271,1236
2020-03-22,2020-03-22,CN,China,ZJ,Zhejiang,1215.279,1237
2020-03-22,2020-03-23,CN,China,ZJ,Zhejiang,1215.285,
2020-03-22,2020-03-24,CN,China,ZJ,Zhejiang,1215.29,
2020-03-22,2020-03-25,CN,China,ZJ,Zhejiang,1215.294,
2020-03-22,2020-03-12,CN,China,,,81798.829,80932
2020-03-22,2020-03-13,CN,China,,,81866.294,80954
2020-03-22,2020-03-14,CN,China,,,81924.542,80973
2020-03-22,2020-03-15,CN,China,,,81974.827,80995
2020-03-22,2020-03-16,CN,China,,,82018.232,81020
2020-03-22,2020-03-17,CN,China,,,82055.698,81130
2020-03-22,2020-03-18,CN,China,,,82088.033,81163
2020-03-22,2020-03-19,CN,China,,,82115.939,81238
2020-03-22,2020-03-20,CN,China,,,82140.022,81337
2020-03-22,2020-03-21,CN,China,,,82160.804,81416
2020-03-22,2020-03-22,CN,China,,,82178.737,81499
2020-03-22,2020-03-23,CN,China,,,82194.212,
2020-03-22,2020-03-24,CN,China,,,82207.564,
2020-03-22,2020-03-25,CN,China,,,82219.085,
2020-03-22,2020-03-12,CR,Costa Rica,,,16.373,22
2020-03-22,2020-03-13,CR,Costa Rica,,,20.12,23
2020-03-22,2020-03-14,CR,Costa Rica,,,24.708,26
2020-03-22,2020-03-15,CR,Costa Rica,,,30.32,27
2020-03-22,2020-03-16,CR,Costa Rica,,,37.179,35
2020-03-22,2020-03-17,CR,Costa Rica,,,45.557,41
2020-03-22,2020-03-18,CR,Costa Rica,,,55.784,50
2020-03-22,2020-03-19,CR,Costa Rica,,,68.257,69
2020-03-22,2020-03-20,CR,Costa Rica,,,83.461,87
2020-03-22,2020-03-21,CR,Costa Rica,,,101.978,113
2020-03-22,2020-03-22,CR,Costa Rica,,,124.516,117
2020-03-22,2020-03-23,CR,Costa Rica,,,151.928,
2020-03-22,2020-03-24,CR,Costa Rica,,,185.245,
2020-03-22,2020-03-25,CR,Costa Rica,,,225.71,
2020-03-22,2020-03-12,CZ,Czech Republic,,,87.263,94
2020-03-22,2020-03-13,CZ,Czech Republic,,,118.777,116
2020-03-22,2020-03-14,CZ,Czech Republic,,,159.148,150
2020-03-22,2020-03-15,CZ,Czech Republic,,,210.083,214
2020-03-22,2020-03-16,CZ,Czech Republic,,,273.419,298
2020-03-22,2020-03-17,CZ,Czech Republic,,,351.099,344
2020-03-22,2020-03-18,CZ,Czech Republic,,,445.134,434
2020-03-22,2020-03-19,CZ,Czech Republic,,,557.564,522
2020-03-22,2020-03-20,CZ,Czech Republic,,,690.414,694
2020-03-22,2020-03-21,CZ,Czech Republic,,,845.65,904
2020-03-22,2020-03-22,CZ,Czech Republic,,,1025.129,995
2020-03-22,2020-03-23,CZ,Czech Republic,,,1230.56,
2020-03-22,2020-03-24,CZ,Czech Republic,,,1463.459,
2020-03-22,2020-03-25,CZ,Czech Republic,,,1725.118,
2020-03-22,2020-03-12,DE,Germany,,,1628.237,1567
2020-03-22,2020-03-13,DE,Germany,,,2114.713,2369
2020-03-22,2020-03-14,DE,Germany,,,2746.026,3062
2020-03-22,2020-03-15,DE,Germany,,,3565.144,3795
2020-03-22,2020-03-16,DE,Germany,,,4627.739,4838
2020-03-22,2020-03-17,DE,Germany,,,6005.927,6012
2020-03-22,2020-03-18,DE,Germany,,,7793.106,7156
2020-03-22,2020-03-19,DE,Germany,,,10110.222,8198
2020-03-22,2020-03-20,DE,Germany,,,13113.853,14138
2020-03-22,2020-03-21,DE,Germany,,,17006.68,18187
2020-03-22,2020-03-22,DE,Germany,,,22051.008,21463
2020-03-22,2020-03-23,DE,Germany,,,28586.243,
2020-03-22,2020-03-24,DE,Germany,,,37051.474,
2020-03-22,2020-03-25,DE,Germany,,,48014.647,
2020-03-22,2020-03-12,DK,Denmark,,,444.142,516
2020-03-22,2020-03-13,DK,Denmark,,,586.113,676
2020-03-22,2020-03-14,DK,Denmark,,,719.975,804
2020-03-22,2020-03-15,DK,Denmark,,,838.632,827
2020-03-22,2020-03-16,DK,Denmark,,,939.091,875
2020-03-22,2020-03-17,DK,Denmark,,,1021.289,932
2020-03-22,2020-03-18,DK,Denmark,,,1086.862,1024
2020-03-22,2020-03-19,DK,Denmark,,,1138.197,1115
2020-03-22,2020-03-20,DK,Denmark,,,1177.828,1151
2020-03-22,2020-03-21,DK,Denmark,,,1208.108,1255
2020-03-22,2020-03-22,DK,Denmark,,,1231.066,1326
2020-03-22,2020-03-23,DK,Denmark,,,1248.374,
2020-03-22,2020-03-24,DK,Denmark,,,1261.367,
2020-03-22,2020-03-25,DK,Denmark,,,1271.091,
2020-03-22,2020-03-12,DZ,Algeria,,,21.562,20
2020-03-22,2020-03-13,DZ,Algeria,,,26.856,24
2020-03-22,2020-03-14,DZ,Algeria,,,32.835,26
2020-03-22,2020-03-15,DZ,Algeria,,,39.471,37
2020-03-22,2020-03-16,DZ,Algeria,,,46.718,48
2020-03-22,2020-03-17,DZ,Algeria,,,54.514,60
2020-03-22,2020-03-18,DZ,Algeria,,,62.788,60
2020-03-22,2020-03-19,DZ,Algeria,,,71.462,73
2020-03-22,2020-03-20,DZ,Algeria,,,80.451,82
2020-03-22,2020-03-21,DZ,Algeria,,,89.67,94
2020-03-22,2020-03-22,DZ,Algeria,,,99.036,94
2020-03-22,2020-03-23,DZ,Algeria,,,108.467,
2020-03-22,2020-03-24,DZ,Algeria,,,117.888,
2020-03-22,2020-03-25,DZ,Algeria,,,127.23,
2020-03-22,2020-03-10,EC,Ecuador,,,5.211,15
2020-03-22,2020-03-11,EC,Ecuador,,,9.03,17
2020-03-22,2020-03-14,EC,Ecuador,,,15.33,23
2020-03-22,2020-03-15,EC,Ecuador,,,25.511,28
2020-03-22,2020-03-16,EC,Ecuador,,,41.651,37
2020-03-22,2020-03-17,EC,Ecuador,,,66.762,58
2020-03-22,2020-03-18,EC,Ecuador,,,105.133,111
2020-03-22,2020-03-19,EC,Ecuador,,,162.762,168
2020-03-22,2020-03-20,EC,Ecuador,,,247.881,199
2020-03-22,2020-03-21,EC,Ecuador,,,371.599,426
2020-03-22,2020-03-22,EC,Ecuador,,,548.666,532
2020-03-22,2020-03-23,EC,Ecuador,,,798.343,
2020-03-22,2020-03-24,EC,Ecuador,,,1145.402,
2020-03-22,2020-03-25,EC,Ecuador,,,1621.221,
2020-03-22,2020-03-12,EE,Estonia,,,13.98,16
2020-03-22,2020-03-13,EE,Estonia,,,37.932,27
2020-03-22,2020-03-14,EE,Estonia,,,74.784,79
2020-03-22,2020-03-15,EE,Estonia,,,118.652,115
2020-03-22,2020-03-16,EE,Estonia,,,162.405,171
2020-03-22,2020-03-17,EE,Estonia,,,201.05,205
2020-03-22,2020-03-18,EE,Estonia,,,232.458,225
2020-03-22,2020-03-19,EE,Estonia,,,256.575,258
2020-03-22,2020-03-20,EE,Estonia,,,274.389,267
2020-03-22,2020-03-21,EE,Estonia,,,287.204,283
2020-03-22,2020-03-22,EE,Estonia,,,296.259,306
2020-03-22,2020-03-23,EE,Estonia,,,302.579,
2020-03-22,2020-03-24,EE,Estonia,,,306.954,
2020-03-22,2020-03-25,EE,Estonia,,,309.965,
2020-03-22,2020-03-12,EG,Egypt,,,63.392,60
2020-03-22,2020-03-13,EG,Egypt,,,74.175,80
2020-03-22,2020-03-14,EG,Egypt,,,86.686,93
2020-03-22,2020-03-15,EG,Egypt,,,101.186,93
2020-03-22,2020-03-16,EG,Egypt,,,117.971,110
2020-03-22,2020-03-17,EG,Egypt,,,137.378,126
2020-03-22,2020-03-18,EG,Egypt,,,159.79,166
2020-03-22,2020-03-19,EG,Egypt,,,185.642,196
2020-03-22,2020-03-20,EG,Egypt,,,215.428,210
2020-03-22,2020-03-21,EG,Egypt,,,249.707,256
2020-03-22,2020-03-22,EG,Egypt,,,289.111,285
2020-03-22,2020-03-23,EG,Egypt,,,334.355,
2020-03-22,2020-03-24,EG,Egypt,,,386.248,
2020-03-22,2020-03-25,EG,Egypt,,,445.698,
2020-03-22,2020-03-10,ES,Spain,AN,Andalucía,43.278,71
2020-03-22,2020-03-11,ES,Spain,AN,Andalucía,93.959,90
2020-03-22,2020-03-12,ES,Spain,AN,Andalucía,177.043,115
2020-03-22,2020-03-13,ES,Spain,AN,Andalucía,297.122,219
2020-03-22,2020-03-16,ES,Spain,AN,Andalucía,453.626,554
2020-03-22,2020-03-17,ES,Spain,AN,Andalucía,641.027,683
2020-03-22,2020-03-18,ES,Spain,AN,Andalucía,850.373,859
2020-03-22,2020-03-19,ES,Spain,AN,Andalucía,1071.302,1008
2020-03-22,2020-03-20,ES,Spain,AN,Andalucía,1293.849,1287
2020-03-22,2020-03-21,ES,Spain,AN,Andalucía,1509.643,1515
2020-03-22,2020-03-22,ES,Spain,AN,Andalucía,1712.466,1725
2020-03-22,2020-03-23,ES,Spain,AN,Andalucía,1898.298,
2020-03-22,2020-03-24,ES,Spain,AN,Andalucía,2065.046,
2020-03-22,2020-03-25,ES,Spain,AN,Andalucía,2212.139,
2020-03-22,2020-03-10,ES,Spain,AR,Aragón,34.183,38
2020-03-22,2020-03-11,ES,Spain,AR,Aragón,51.035,45
2020-03-22,2020-03-12,ES,Spain,AR,Aragón,73.5,64
2020-03-22,2020-03-13,ES,Spain,AR,Aragón,102.443,80
2020-03-22,2020-03-16,ES,Spain,AR,Aragón,138.587,174
2020-03-22,2020-03-17,ES,Spain,AR,Aragón,182.462,207
2020-03-22,2020-03-18,ES,Spain,AR,Aragón,234.367,226
2020-03-22,2020-03-19,ES,Spain,AR,Aragón,294.343,281
2020-03-22,2020-03-20,ES,Spain,AR,Aragón,362.178,360
2020-03-22,2020-03-21,ES,Spain,AR,Aragón,437.422,424
2020-03-22,2020-03-22,ES,Spain,AR,Aragón,519.416,532
2020-03-22,2020-03-23,ES,Spain,AR,Aragón,607.335,
2020-03-22,2020-03-24,ES,Spain,AR,Aragón,700.231,
2020-03-22,2020-03-25,ES,Spain,AR,Aragón,797.08,
2020-03-22,2020-03-10,ES,Spain,AS,Asturias,23.466,22
2020-03-22,2020-03-11,ES,Spain,AS,Asturias,39.153,32
2020-03-22,2020-03-12,ES,Spain,AS,Asturias,61.613,47
2020-03-22,2020-03-13,ES,Spain,AS,Asturias,92.056,67
2020-03-22,2020-03-16,ES,Spain,AS,Asturias,131.367,177
2020-03-22,2020-03-17,ES,Spain,AS,Asturias,179.995,193
2020-03-22,2020-03-18,ES,Spain,AS,Asturias,237.897,242
2020-03-22,2020-03-19,ES,Spain,AS,Asturias,304.552,292
2020-03-22,2020-03-20,ES,Spain,AS,Asturias,379.023,344
2020-03-22,2020-03-21,ES,Spain,AS,Asturias,460.048,486
2020-03-22,2020-03-22,ES,Spain,AS,Asturias,546.157,545
2020-03-22,2020-03-23,ES,Spain,AS,Asturias,635.782,
2020-03-22,2020-03-24,ES,Spain,AS,Asturias,727.363,
2020-03-22,2020-03-25,ES,Spain,AS,Asturias,819.426,
2020-03-22,2020-03-10,ES,Spain,CB,Cantabria,9.766,12
2020-03-22,2020-03-11,ES,Spain,CB,Cantabria,13.7,12
2020-03-22,2020-03-12,ES,Spain,CB,Cantabria,19.213,16
2020-03-22,2020-03-13,ES,Spain,CB,Cantabria,26.937,29
2020-03-22,2020-03-16,ES,Spain,CB,Cantabria,37.754,58
2020-03-22,2020-03-17,ES,Spain,CB,Cantabria,52.898,58
2020-03-22,2020-03-18,ES,Spain,CB,Cantabria,74.095,68
2020-03-22,2020-03-19,ES,Spain,CB,Cantabria,103.753,83
2020-03-22,2020-03-20,ES,Spain,CB,Cantabria,145.238,144
2020-03-22,2020-03-21,ES,Spain,CB,Cantabria,203.248,215
2020-03-22,2020-03-22,ES,Spain,CB,Cantabria,284.341,282
2020-03-22,2020-03-23,ES,Spain,CB,Cantabria,397.668,
2020-03-22,2020-03-24,ES,Spain,CB,Cantabria,555.992,
2020-03-22,2020-03-25,ES,Spain,CB,Cantabria,777.112,
2020-03-22,2020-03-10,ES,Spain,CL,Castilla y León,28.252,56
2020-03-22,2020-03-11,ES,Spain,CL,Castilla y León,58.589,71
2020-03-22,2020-03-12,ES,Spain,CL,Castilla y León,110.079,92
2020-03-22,2020-03-13,ES,Spain,CL,Castilla y León,189.898,169
2020-03-22,2020-03-16,ES,Spain,CL,Castilla y León,304.286,334
2020-03-22,2020-03-17,ES,Spain,CL,Castilla y León,457.434,431
2020-03-22,2020-03-18,ES,Spain,CL,Castilla y León,650.747,668
2020-03-22,2020-03-19,ES,Spain,CL,Castilla y León,882.622,868
2020-03-22,2020-03-20,ES,Spain,CL,Castilla y León,1148.74,1147
2020-03-22,2020-03-21,ES,Spain,CL,Castilla y León,1442.707,1466
2020-03-22,2020-03-22,ES,Spain,CL,Castilla y León,1756.874,1744
2020-03-22,2020-03-23,ES,Spain,CL,Castilla y León,2083.157,
2020-03-22,2020-03-24,ES,Spain,CL,Castilla y León,2413.735,
2020-03-22,2020-03-25,ES,Spain,CL,Castilla y León,2741.569,
2020-03-22,2020-03-10,ES,Spain,CN,Islas Canarias,26.218,25
2020-03-22,2020-03-11,ES,Spain,CN,Islas Canarias,39.069,37
2020-03-22,2020-03-12,ES,Spain,CN,Islas Canarias,56.272,51
2020-03-22,2020-03-13,ES,Spain,CN,Islas Canarias,78.569,70
2020-03-22,2020-03-16,ES,Spain,CN,Islas Canarias,106.625,119
2020-03-22,2020-03-17,ES,Spain,CN,Islas Canarias,140.983,148
2020-03-22,2020-03-18,ES,Spain,CN,Islas Canarias,182.026,181
2020-03-22,2020-03-19,ES,Spain,CN,Islas Canarias,229.956,220
2020-03-22,2020-03-20,ES,Spain,CN,Islas Canarias,284.777,287
2020-03-22,2020-03-21,ES,Spain,CN,Islas Canarias,346.299,348
2020-03-22,2020-03-22,ES,Spain,CN,Islas Canarias,414.151,414
2020-03-22,2020-03-23,ES,Spain,CN,Islas Canarias,487.803,
2020-03-22,2020-03-24,ES,Spain,CN,Islas Canarias,566.594,
2020-03-22,2020-03-25,ES,Spain,CN,Islas Canarias,649.768,
2020-03-22,2020-03-10,ES,Spain,CT,Cataluña,29.178,124
2020-03-22,2020-03-11,ES,Spain,CT,Cataluña,90.811,156
2020-03-22,2020-03-12,ES,Spain,CT,Cataluña,225.615,260
2020-03-22,2020-03-13,ES,Spain,CT,Cataluña,467.911,316
2020-03-22,2020-03-16,ES,Spain,CT,Cataluña,839.637,903
2020-03-22,2020-03-17,ES,Spain,CT,Cataluña,1341.616,1394
2020-03-22,2020-03-18,ES,Spain,CT,Cataluña,1953.32,1866
2020-03-22,2020-03-19,ES,Spain,CT,Cataluña,2639.63,2702
2020-03-22,2020-03-20,ES,Spain,CT,Cataluña,3360.172,3270
2020-03-22,2020-03-21,ES,Spain,CT,Cataluña,4077.36,4203
2020-03-22,2020-03-22,ES,Spain,CT,Cataluña,4761.277,4704
2020-03-22,2020-03-23,ES,Spain,CT,Cataluña,5391.424,
2020-03-22,2020-03-24,ES,Spain,CT,Cataluña,5956.228,
2020-03-22,2020-03-25,ES,Spain,CT,Cataluña,6451.382,
2020-03-22,2020-03-10,ES,Spain,GA,Galicia,25.184,22
2020-03-22,2020-03-11,ES,Spain,GA,Galicia,45.195,39
2020-03-22,2020-03-12,ES,Spain,GA,Galicia,75.809,35
2020-03-22,2020-03-13,ES,Spain,GA,Galicia,119.783,85
2020-03-22,2020-03-16,ES,Spain,GA,Galicia,179.519,245
2020-03-22,2020-03-17,ES,Spain,GA,Galicia,256.757,292
2020-03-22,2020-03-18,ES,Spain,GA,Galicia,352.352,341
2020-03-22,2020-03-19,ES,Spain,GA,Galicia,466.174,453
2020-03-22,2020-03-20,ES,Spain,GA,Galicia,597.134,578
2020-03-22,2020-03-21,ES,Spain,GA,Galicia,743.312,739
2020-03-22,2020-03-22,ES,Spain,GA,Galicia,902.155,915
2020-03-22,2020-03-23,ES,Spain,GA,Galicia,1070.713,
2020-03-22,2020-03-24,ES,Spain,GA,Galicia,1245.858,
2020-03-22,2020-03-25,ES,Spain,GA,Galicia,1424.496,
2020-03-22,2020-03-10,ES,Spain,IB,Islas Baleares,11.08,13
2020-03-22,2020-03-11,ES,Spain,IB,Islas Baleares,18.034,16
2020-03-22,2020-03-12,ES,Spain,IB,Islas Baleares,28.164,22
2020-03-22,2020-03-13,ES,Spain,IB,Islas Baleares,42.35,30
2020-03-22,2020-03-16,ES,Spain,IB,Islas Baleares,61.511,73
2020-03-22,2020-03-17,ES,Spain,IB,Islas Baleares,86.554,92
2020-03-22,2020-03-18,ES,Spain,IB,Islas Baleares,118.31,112
2020-03-22,2020-03-19,ES,Spain,IB,Islas Baleares,157.48,169
2020-03-22,2020-03-20,ES,Spain,IB,Islas Baleares,204.588,203
2020-03-22,2020-03-21,ES,Spain,IB,Islas Baleares,259.943,246
2020-03-22,2020-03-22,ES,Spain,IB,Islas Baleares,323.626,331
2020-03-22,2020-03-23,ES,Spain,IB,Islas Baleares,395.481,
2020-03-22,2020-03-24,ES,Spain,IB,Islas Baleares,475.127,
2020-03-22,2020-03-25,ES,Spain,IB,Islas Baleares,561.986,
2020-03-22,2020-03-10,ES,Spain,MD,Madrid,588.979,782
2020-03-22,2020-03-11,ES,Spain,MD,Madrid,1063.953,1024
2020-03-22,2020-03-12,ES,Spain,MD,Madrid,1723.455,1388
2020-03-22,2020-03-13,ES,Spain,MD,Madrid,2554.23,1990
2020-03-22,2020-03-16,ES,Spain,MD,Madrid,3520.645,4165
2020-03-22,2020-03-17,ES,Spain,MD,Madrid,4573.965,4871
2020-03-22,2020-03-18,ES,Spain,MD,Madrid,5662.502,5637
2020-03-22,2020-03-19,ES,Spain,MD,Madrid,6739.563,6777
2020-03-22,2020-03-20,ES,Spain,MD,Madrid,7768.084,7165
2020-03-22,2020-03-21,ES,Spain,MD,Madrid,8722.179,8921
2020-03-22,2020-03-22,ES,Spain,MD,Madrid,9586.526,9702
2020-03-22,2020-03-23,ES,Spain,MD,Madrid,10354.579,
2020-03-22,2020-03-24,ES,Spain,MD,Madrid,11026.386,
2020-03-22,2020-03-25,ES,Spain,MD,Madrid,11606.495,
2020-03-22,2020-03-10,ES,Spain,NC,Navarra,27.742,12
2020-03-22,2020-03-11,ES,Spain,NC,Navarra,54.013,46
2020-03-22,2020-03-12,ES,Spain,NC,Navarra,93.955,73
2020-03-22,2020-03-13,ES,Spain,NC,Navarra,148.83,130
2020-03-22,2020-03-16,ES,Spain,NC,Navarra,218.112,274
2020-03-22,2020-03-17,ES,Spain,NC,Navarra,299.642,313
2020-03-22,2020-03-18,ES,Spain,NC,Navarra,390.124,386
2020-03-22,2020-03-19,ES,Spain,NC,Navarra,485.763,482
2020-03-22,2020-03-20,ES,Spain,NC,Navarra,582.834,554
2020-03-22,2020-03-21,ES,Spain,NC,Navarra,678.089,664
2020-03-22,2020-03-22,ES,Spain,NC,Navarra,768.974,794
2020-03-22,2020-03-23,ES,Spain,NC,Navarra,853.69,
2020-03-22,2020-03-24,ES,Spain,NC,Navarra,931.137,
2020-03-22,2020-03-25,ES,Spain,NC,Navarra,1000.806,
2020-03-22,2020-03-10,ES,Spain,PV,País Vasco,171.148,195
2020-03-22,2020-03-11,ES,Spain,PV,País Vasco,242.813,225
2020-03-22,2020-03-12,ES,Spain,PV,País Vasco,335.247,346
2020-03-22,2020-03-13,ES,Spain,PV,País Vasco,451.409,417
2020-03-22,2020-03-16,ES,Spain,PV,País Vasco,593.927,630
2020-03-22,2020-03-17,ES,Spain,PV,País Vasco,764.951,765
2020-03-22,2020-03-18,ES,Spain,PV,País Vasco,966.035,973
2020-03-22,2020-03-19,ES,Spain,PV,País Vasco,1198.048,1190
2020-03-22,2020-03-20,ES,Spain,PV,País Vasco,1461.134,1465
2020-03-22,2020-03-21,ES,Spain,PV,País Vasco,1754.707,1725
2020-03-22,2020-03-22,ES,Spain,PV,País Vasco,2077.492,2097
2020-03-22,2020-03-23,ES,Spain,PV,País Vasco,2427.584,
2020-03-22,2020-03-24,ES,Spain,PV,País Vasco,2802.543,
2020-03-22,2020-03-25,ES,Spain,PV,País Vasco,3199.501,
2020-03-22,2020-03-10,ES,Spain,RI,La Rioja,117.363,144
2020-03-22,2020-03-11,ES,Spain,RI,La Rioja,156.843,179
2020-03-22,2020-03-12,ES,Spain,RI,La Rioja,201.829,205
2020-03-22,2020-03-13,ES,Spain,RI,La Rioja,251.32,243
2020-03-22,2020-03-16,ES,Spain,RI,La Rioja,304.129,312
2020-03-22,2020-03-17,ES,Spain,RI,La Rioja,358.998,355
2020-03-22,2020-03-18,ES,Spain,RI,La Rioja,414.703,419
2020-03-22,2020-03-19,ES,Spain,RI,La Rioja,470.129,468
2020-03-22,2020-03-20,ES,Spain,RI,La Rioja,524.32,497
2020-03-22,2020-03-21,ES,Spain,RI,La Rioja,576.501,564
2020-03-22,2020-03-22,ES,Spain,RI,La Rioja,626.085,654
2020-03-22,2020-03-23,ES,Spain,RI,La Rioja,672.66,
2020-03-22,2020-03-24,ES,Spain,RI,La Rioja,715.973,
2020-03-22,2020-03-25,ES,Spain,RI,La Rioja,755.902,
2020-03-22,2020-03-10,ES,Spain,VC,Comunidad Valenciana,18.463,50
2020-03-22,2020-03-11,ES,Spain,VC,Comunidad Valenciana,48.788,65
2020-03-22,2020-03-12,ES,Spain,VC,Comunidad Valenciana,106.902,76
2020-03-22,2020-03-13,ES,Spain,VC,Comunidad Valenciana,201.375,94
2020-03-22,2020-03-16,ES,Spain,VC,Comunidad Valenciana,335.757,409
2020-03-22,2020-03-17,ES,Spain,VC,Comunidad Valenciana,507.29,541
2020-03-22,2020-03-18,ES,Spain,VC,Comunidad Valenciana,707.859,726
2020-03-22,2020-03-19,ES,Spain,VC,Comunidad Valenciana,926.302,921
2020-03-22,2020-03-20,ES,Spain,VC,Comunidad Valenciana,1150.926,1105
2020-03-22,2020-03-21,ES,Spain,VC,Comunidad Valenciana,1371.418,1363
2020-03-22,2020-03-22,ES,Spain,VC,Comunidad Valenciana,1579.872,1604
2020-03-22,2020-03-23,ES,Spain,VC,Comunidad Valenciana,1771.052,
2020-03-22,2020-03-24,ES,Spain,VC,Comunidad Valenciana,1942.137,
2020-03-22,2020-03-25,ES,Spain,VC,Comunidad Valenciana,2092.234,
2020-03-23,2020-03-13,ES,Spain,,,3282.831,3004
2020-03-23,2020-03-14,ES,Spain,,,4346.382,4334
2020-03-23,2020-03-15,ES,Spain,,,5659.918,6393
2020-03-23,2020-03-16,ES,Spain,,,7256.386,7753
2020-03-23,2020-03-17,ES,Spain,,,9167.658,9191
2020-03-23,2020-03-18,ES,Spain,,,11423.534,11178
2020-03-23,2020-03-19,ES,Spain,,,14050.79,13716
2020-03-23,2020-03-20,ES,Spain,,,17072.311,17147
2020-03-23,2020-03-21,ES,Spain,,,20506.364,19980
2020-03-23,2020-03-22,ES,Spain,,,24366.03,24926
2020-03-23,2020-03-23,ES,Spain,,,28658.814,28572
2020-03-23,2020-03-24,ES,Spain,,,33386.44,
2020-03-23,2020-03-25,ES,Spain,,,38544.84,
2020-03-23,2020-03-26,ES,Spain,,,44124.301,
2020-03-22,2020-03-10,FI,Finland,,,59.007,40
2020-03-22,2020-03-12,FI,Finland,,,93.328,59
2020-03-22,2020-03-13,FI,Finland,,,135.303,155
2020-03-22,2020-03-15,FI,Finland,,,182.799,210
2020-03-22,2020-03-16,FI,Finland,,,233.251,267
2020-03-22,2020-03-17,FI,Finland,,,284.165,272
2020-03-22,2020-03-18,FI,Finland,,,333.453,319
2020-03-22,2020-03-19,FI,Finland,,,379.582,369
2020-03-22,2020-03-20,FI,Finland,,,421.591,400
2020-03-22,2020-03-21,FI,Finland,,,459.007,450
2020-03-22,2020-03-22,FI,Finland,,,491.738,521
2020-03-22,2020-03-23,FI,Finland,,,519.958,
2020-03-22,2020-03-24,FI,Finland,,,544.001,
2020-03-22,2020-03-25,FI,Finland,,,564.291,
2020-03-22,2020-03-12,FR,France,,,2309.467,2281
2020-03-22,2020-03-13,FR,France,,,2912.76,2876
2020-03-22,2020-03-14,FR,France,,,3628.634,3661
2020-03-22,2020-03-15,FR,France,,,4467.982,4499
2020-03-22,2020-03-16,FR,France,,,5441.003,5423
2020-03-22,2020-03-17,FR,France,,,6556.933,6633
2020-03-22,2020-03-18,FR,France,,,7823.811,7730
2020-03-22,2020-03-19,FR,France,,,9248.268,9134
2020-03-22,2020-03-20,FR,France,,,10835.36,10995
2020-03-22,2020-03-21,FR,France,,,12588.45,12612
2020-03-22,2020-03-22,FR,France,,,14509.126,14459
2020-03-22,2020-03-23,FR,France,,,16597.172,
2020-03-22,2020-03-24,FR,France,,,18850.587,
2020-03-22,2020-03-25,FR,France,,,21265.636,
2020-03-22,2020-03-12,GB,United Kingdom,,,495.494,456
2020-03-22,2020-03-13,GB,United Kingdom,,,631.719,590
2020-03-22,2020-03-14,GB,United Kingdom,,,803.295,707
2020-03-22,2020-03-15,GB,United Kingdom,,,1018.837,1140
2020-03-22,2020-03-16,GB,United Kingdom,,,1288.915,1391
2020-03-22,2020-03-17,GB,United Kingdom,,,1626.469,1543
2020-03-22,2020-03-18,GB,United Kingdom,,,2047.3,1950
2020-03-22,2020-03-19,GB,United Kingdom,,,2570.648,2630
2020-03-22,2020-03-20,GB,United Kingdom,,,3219.889,3277
2020-03-22,2020-03-21,GB,United Kingdom,,,4023.348,3983
2020-03-22,2020-03-22,GB,United Kingdom,,,5015.269,5018
2020-03-22,2020-03-23,GB,United Kingdom,,,6236.944,
2020-03-22,2020-03-24,GB,United Kingdom,,,7738.05,
2020-03-22,2020-03-25,GB,United Kingdom,,,9578.208,
2020-03-22,2020-03-12,GE,Georgia,,,21.809,24
2020-03-22,2020-03-13,GE,Georgia,,,24.122,25
2020-03-22,2020-03-14,GE,Georgia,,,26.48,30
2020-03-22,2020-03-15,GE,Georgia,,,28.869,30
2020-03-22,2020-03-16,GE,Georgia,,,31.271,30
2020-03-22,2020-03-17,GE,Georgia,,,33.673,33
2020-03-22,2020-03-18,GE,Georgia,,,36.06,34
2020-03-22,2020-03-19,GE,Georgia,,,38.42,34
2020-03-22,2020-03-20,GE,Georgia,,,40.742,40
2020-03-22,2020-03-21,GE,Georgia,,,43.017,43
2020-03-22,2020-03-22,GE,Georgia,,,45.235,49
2020-03-22,2020-03-23,GE,Georgia,,,47.391,
2020-03-22,2020-03-24,GE,Georgia,,,49.477,
2020-03-22,2020-03-25,GE,Georgia,,,51.49,
2020-03-22,2020-03-12,GR,Greece,,,133.148,99
2020-03-22,2020-03-13,GR,Greece,,,167.425,133
2020-03-22,2020-03-14,GR,Greece,,,205.042,190
2020-03-22,2020-03-15,GR,Greece,,,245.314,228
2020-03-22,2020-03-16,GR,Greece,,,287.493,331
2020-03-22,2020-03-17,GR,Greece,,,330.821,352
2020-03-22,2020-03-18,GR,Greece,,,374.571,387
2020-03-22,2020-03-19,GR,Greece,,,418.081,418
2020-03-22,2020-03-20,GR,Greece,,,460.772,464
2020-03-22,2020-03-21,GR,Greece,,,502.166,495
2020-03-22,2020-03-22,GR,Greece,,,541.879,530
2020-03-22,2020-03-23,GR,Greece,,,579.628,
2020-03-22,2020-03-24,GR,Greece,,,615.214,
2020-03-22,2020-03-25,GR,Greece,,,648.516,
2020-03-22,2020-03-12,HR,Croatia,,,15.093,16
2020-03-22,2020-03-13,HR,Croatia,,,19.428,25
2020-03-22,2020-03-14,HR,Croatia,,,25.003,31
2020-03-22,2020-03-15,HR,Croatia,,,32.173,37
2020-03-22,2020-03-16,HR,Croatia,,,41.392,48
2020-03-22,2020-03-17,HR,Croatia,,,53.243,56
2020-03-22,2020-03-18,HR,Croatia,,,68.475,69
2020-03-22,2020-03-19,HR,Croatia,,,88.051,81
2020-03-22,2020-03-20,HR,Croatia,,,113.203,104
2020-03-22,2020-03-21,HR,Croatia,,,145.515,126
2020-03-22,2020-03-22,HR,Croatia,,,187.019,206
2020-03-22,2020-03-23,HR,Croatia,,,240.318,
2020-03-22,2020-03-24,HR,Croatia,,,308.755,
2020-03-22,2020-03-25,HR,Croatia,,,396.613,
2020-03-22,2020-03-12,HU,Hungary,,,15.787,13
2020-03-22,2020-03-13,HU,Hungary,,,19.488,16
2020-03-22,2020-03-14,HU,Hungary,,,24.028,25
2020-03-22,2020-03-15,HU,Hungary,,,29.591,31
2020-03-22,2020-03-16,HU,Hungary,,,36.398,39
2020-03-22,2020-03-17,HU,Hungary,,,44.72,50
2020-03-22,2020-03-18,HU,Hungary,,,54.881,50
2020-03-22,2020-03-19,HU,Hungary,,,67.273,73
2020-03-22,2020-03-20,HU,Hungary,,,82.368,85
2020-03-22,2020-03-21,HU,Hungary,,,100.736,85
2020-03-22,2020-03-22,HU,Hungary,,,123.06,131
2020-03-22,2020-03-23,HU,Hungary,,,150.161,
2020-03-22,2020-03-24,HU,Hungary,,,183.026,
2020-03-22,2020-03-25,HU,Hungary,,,222.836,
2020-03-22,2020-03-11,ID,Indonesia,,,34.707,19
2020-03-22,2020-03-12,ID,Indonesia,,,44.586,34
2020-03-22,2020-03-14,ID,Indonesia,,,57.268,69
2020-03-22,2020-03-15,ID,Indonesia,,,73.543,96
2020-03-22,2020-03-16,ID,Indonesia,,,94.429,117
2020-03-22,2020-03-17,ID,Indonesia,,,121.226,134
2020-03-22,2020-03-18,ID,Indonesia,,,155.6,172
2020-03-22,2020-03-19,ID,Indonesia,,,199.688,172
2020-03-22,2020-03-20,ID,Indonesia,,,256.225,227
2020-03-22,2020-03-21,ID,Indonesia,,,328.713,309
2020-03-22,2020-03-22,ID,Indonesia,,,421.637,450
2020-03-22,2020-03-23,ID,Indonesia,,,540.738,
2020-03-22,2020-03-24,ID,Indonesia,,,693.366,
2020-03-22,2020-03-25,ID,Indonesia,,,888.925,
2020-03-22,2020-03-12,IE,Ireland,,,42.489,43
2020-03-22,2020-03-13,IE,Ireland,,,62.316,70
2020-03-22,2020-03-14,IE,Ireland,,,89.333,91
2020-03-22,2020-03-15,IE,Ireland,,,125.342,129
2020-03-22,2020-03-16,IE,Ireland,,,172.351,169
2020-03-22,2020-03-17,IE,Ireland,,,232.534,223
2020-03-22,2020-03-18,IE,Ireland,,,308.181,292
2020-03-22,2020-03-19,IE,Ireland,,,401.638,366
2020-03-22,2020-03-20,IE,Ireland,,,515.236,557
2020-03-22,2020-03-21,IE,Ireland,,,651.224,683
2020-03-22,2020-03-22,IE,Ireland,,,811.69,785
2020-03-22,2020-03-23,IE,Ireland,,,998.5,
2020-03-22,2020-03-24,IE,Ireland,,,1213.233,
2020-03-22,2020-03-25,IE,Ireland,,,1457.126,
2020-03-22,2020-03-12,IL,Israel,,,72.558,82
2020-03-22,2020-03-13,IL,Israel,,,100.117,96
2020-03-22,2020-03-14,IL,Israel,,,135.624,116
2020-03-22,2020-03-15,IL,Israel,,,180.563,178
2020-03-22,2020-03-16,IL,Israel,,,236.492,250
2020-03-22,2020-03-17,IL,Israel,,,305.003,260
2020-03-22,2020-03-18,IL,Israel,,,387.683,427
2020-03-22,2020-03-19,IL,Israel,,,486.064,433
2020-03-22,2020-03-20,IL,Israel,,,601.583,677
2020-03-22,2020-03-21,IL,Israel,,,735.536,712
2020-03-22,2020-03-22,IL,Israel,,,889.039,883
2020-03-22,2020-03-23,IL,Israel,,,1062.998,
2020-03-22,2020-03-24,IL,Israel,,,1258.077,
2020-03-22,2020-03-25,IL,Israel,,,1474.683,
2020-03-22,2020-03-12,IN,India,,,54.386,73
2020-03-22,2020-03-13,IN,India,,,64.307,75
2020-03-22,2020-03-14,IN,India,,,76.032,83
2020-03-22,2020-03-15,IN,India,,,89.888,90
2020-03-22,2020-03-16,IN,India,,,106.261,93
2020-03-22,2020-03-17,IN,India,,,125.607,125
2020-03-22,2020-03-18,IN,India,,,148.463,137
2020-03-22,2020-03-19,IN,India,,,175.466,165
2020-03-22,2020-03-20,IN,India,,,207.364,191
2020-03-22,2020-03-21,IN,India,,,245.042,231
2020-03-22,2020-03-22,IN,India,,,289.544,320
2020-03-22,2020-03-23,IN,India,,,342.102,
2020-03-22,2020-03-24,IN,India,,,404.17,
2020-03-22,2020-03-25,IN,India,,,477.463,
2020-03-22,2020-03-12,IQ,Iraq,,,69.16,70
2020-03-22,2020-03-13,IQ,Iraq,,,79.085,74
2020-03-22,2020-03-14,IQ,Iraq,,,89.977,85
2020-03-22,2020-03-15,IQ,Iraq,,,101.871,85
2020-03-22,2020-03-16,IQ,Iraq,,,114.797,124
2020-03-22,2020-03-17,IQ,Iraq,,,128.779,124
2020-03-22,2020-03-18,IQ,Iraq,,,143.837,154
2020-03-22,2020-03-19,IQ,Iraq,,,159.985,164
2020-03-22,2020-03-20,IQ,Iraq,,,177.232,177
2020-03-22,2020-03-21,IQ,Iraq,,,195.578,193
2020-03-22,2020-03-22,IQ,Iraq,,,215.021,214
2020-03-22,2020-03-23,IQ,Iraq,,,235.551,
2020-03-22,2020-03-24,IQ,Iraq,,,257.152,
2020-03-22,2020-03-25,IQ,Iraq,,,279.803,
2020-03-22,2020-03-12,IR,Iran,,,9275.793,9000
2020-03-22,2020-03-13,IR,Iran,,,10410.587,10075
2020-03-22,2020-03-14,IR,Iran,,,11568.039,11364
2020-03-22,2020-03-15,IR,Iran,,,12737.386,12729
2020-03-22,2020-03-16,IR,Iran,,,13908.495,13938
2020-03-22,2020-03-17,IR,Iran,,,15072.062,14991
2020-03-22,2020-03-18,IR,Iran,,,16219.755,16169
2020-03-22,2020-03-19,IR,Iran,,,17344.29,17361
2020-03-22,2020-03-20,IR,Iran,,,18439.462,18407
2020-03-22,2020-03-21,IR,Iran,,,19500.14,19644
2020-03-22,2020-03-22,IR,Iran,,,20522.216,20610
2020-03-22,2020-03-23,IR,Iran,,,21502.547,
2020-03-22,2020-03-24,IR,Iran,,,22438.871,
2020-03-22,2020-03-25,IR,Iran,,,23329.715,
2020-03-22,2020-03-12,IS,Iceland,,,86.528,85
2020-03-22,2020-03-13,IS,Iceland,,,102.49,117
2020-03-22,2020-03-14,IS,Iceland,,,121.386,117
2020-03-22,2020-03-15,IS,Iceland,,,143.756,138
2020-03-22,2020-03-16,IS,Iceland,,,170.234,178
2020-03-22,2020-03-17,IS,Iceland,,,201.574,199
2020-03-22,2020-03-18,IS,Iceland,,,238.664,247
2020-03-22,2020-03-19,IS,Iceland,,,282.558,250
2020-03-22,2020-03-20,IS,Iceland,,,334.498,330
2020-03-22,2020-03-21,IS,Iceland,,,395.956,409
2020-03-22,2020-03-22,IS,Iceland,,,468.669,473
2020-03-22,2020-03-23,IS,Iceland,,,554.691,
2020-03-22,2020-03-24,IS,Iceland,,,656.452,
2020-03-22,2020-03-25,IS,Iceland,,,776.822,
2020-03-23,2020-03-13,IT,Italy,,,15033.398,15113
2020-03-23,2020-03-14,IT,Italy,,,17689.048,17660
2020-03-23,2020-03-15,IT,Italy,,,20684.043,21157
2020-03-23,2020-03-16,IT,Italy,,,24041.11,24938
2020-03-23,2020-03-17,IT,Italy,,,27781.914,27980
2020-03-23,2020-03-18,IT,Italy,,,31926.764,31506
2020-03-23,2020-03-19,IT,Italy,,,36494.348,35713
2020-03-23,2020-03-20,IT,Italy,,,41501.477,41035
2020-03-23,2020-03-21,IT,Italy,,,46962.865,47021
2020-03-23,2020-03-22,IT,Italy,,,52890.935,53578
2020-03-23,2020-03-23,IT,Italy,,,59295.66,59138
2020-03-23,2020-03-24,IT,Italy,,,66184.44,
2020-03-23,2020-03-25,IT,Italy,,,73562.013,
2020-03-23,2020-03-26,IT,Italy,,,81430.403,
2020-03-22,2020-03-12,JP,Japan,,,600.584,619
2020-03-22,2020-03-13,JP,Japan,,,641.486,675
2020-03-22,2020-03-14,JP,Japan,,,683.667,737
2020-03-22,2020-03-15,JP,Japan,,,727.071,780
2020-03-22,2020-03-16,JP,Japan,,,771.642,814
2020-03-22,2020-03-17,JP,Japan,,,817.317,824
2020-03-22,2020-03-18,JP,Japan,,,864.034,829
2020-03-22,2020-03-19,JP,Japan,,,911.725,873
2020-03-22,2020-03-20,JP,Japan,,,960.322,950
2020-03-22,2020-03-21,JP,Japan,,,1009.756,1007
2020-03-22,2020-03-22,JP,Japan,,,1059.953,1046
2020-03-22,2020-03-23,JP,Japan,,,1110.843,
2020-03-22,2020-03-24,JP,Japan,,,1162.353,
2020-03-22,2020-03-25,JP,Japan,,,1214.409,
2020-03-22,2020-03-12,KR,South Korea,,,7907.669,7869
2020-03-22,2020-03-13,KR,South Korea,,,8060.411,7979
2020-03-22,2020-03-14,KR,South Korea,,,8188.65,8086
2020-03-22,2020-03-15,KR,South Korea,,,8295.99,8162
2020-03-22,2020-03-16,KR,South Korea,,,8385.609,8236
2020-03-22,2020-03-17,KR,South Korea,,,8460.279,8320
2020-03-22,2020-03-18,KR,South Korea,,,8522.386,8413
2020-03-22,2020-03-19,KR,South Korea,,,8573.971,8565
2020-03-22,2020-03-20,KR,South Korea,,,8616.766,8652
2020-03-22,2020-03-21,KR,South Korea,,,8652.236,8799
2020-03-22,2020-03-22,KR,South Korea,,,8681.61,8897
2020-03-22,2020-03-23,KR,South Korea,,,8705.92,
2020-03-22,2020-03-24,KR,South Korea,,,8726.029,
2020-03-22,2020-03-25,KR,South Korea,,,8742.655,
2020-03-22,2020-03-12,KW,Kuwait,,,80.834,72
2020-03-22,2020-03-13,KW,Kuwait,,,87.616,80
2020-03-22,2020-03-14,KW,Kuwait,,,94.883,100
2020-03-22,2020-03-15,KW,Kuwait,,,102.662,104
2020-03-22,2020-03-16,KW,Kuwait,,,110.983,112
2020-03-22,2020-03-17,KW,Kuwait,,,119.874,123
2020-03-22,2020-03-18,KW,Kuwait,,,129.367,130
2020-03-22,2020-03-19,KW,Kuwait,,,139.495,142
2020-03-22,2020-03-20,KW,Kuwait,,,150.29,148
2020-03-22,2020-03-21,KW,Kuwait,,,161.788,159
2020-03-22,2020-03-22,KW,Kuwait,,,174.023,176
2020-03-22,2020-03-23,KW,Kuwait,,,187.033,
2020-03-22,2020-03-24,KW,Kuwait,,,200.855,
2020-03-22,2020-03-25,KW,Kuwait,,,215.528,
2020-03-22,2020-03-11,LB,Lebanon,,,47.353,41
2020-03-22,2020-03-12,LB,Lebanon,,,56.587,61
2020-03-22,2020-03-13,LB,Lebanon,,,67.106,66
2020-03-22,2020-03-15,LB,Lebanon,,,79.001,93
2020-03-22,2020-03-16,LB,Lebanon,,,92.354,99
2020-03-22,2020-03-17,LB,Lebanon,,,107.244,120
2020-03-22,2020-03-18,LB,Lebanon,,,123.736,120
2020-03-22,2020-03-19,LB,Lebanon,,,141.891,133
2020-03-22,2020-03-20,LB,Lebanon,,,161.757,149
2020-03-22,2020-03-21,LB,Lebanon,,,183.369,163
2020-03-22,2020-03-22,LB,Lebanon,,,206.752,230
2020-03-22,2020-03-23,LB,Lebanon,,,231.919,
2020-03-22,2020-03-24,LB,Lebanon,,,258.869,
2020-03-22,2020-03-25,LB,Lebanon,,,287.591,
2020-03-22,2020-03-12,MX,Mexico,,,12.579,11
2020-03-22,2020-03-13,MX,Mexico,,,18.772,16
2020-03-22,2020-03-14,MX,Mexico,,,27.277,26
2020-03-22,2020-03-15,MX,Mexico,,,38.66,41
2020-03-22,2020-03-16,MX,Mexico,,,53.536,53
2020-03-22,2020-03-17,MX,Mexico,,,72.547,82
2020-03-22,2020-03-18,MX,Mexico,,,96.338,93
2020-03-22,2020-03-19,MX,Mexico,,,125.538,118
2020-03-22,2020-03-20,MX,Mexico,,,160.73,164
2020-03-22,2020-03-21,MX,Mexico,,,202.428,203
2020-03-22,2020-03-22,MX,Mexico,,,251.057,251
2020-03-22,2020-03-23,MX,Mexico,,,306.937,
2020-03-22,2020-03-24,MX,Mexico,,,370.266,
2020-03-22,2020-03-25,MX,Mexico,,,441.116,
2020-03-22,2020-03-12,MY,Malaysia,,,165.139,149
2020-03-22,2020-03-13,MY,Malaysia,,,212.25,158
2020-03-22,2020-03-14,MY,Malaysia,,,269.256,197
2020-03-22,2020-03-15,MY,Malaysia,,,337.363,238
2020-03-22,2020-03-16,MY,Malaysia,,,417.757,428
2020-03-22,2020-03-17,MY,Malaysia,,,511.577,553
2020-03-22,2020-03-18,MY,Malaysia,,,619.884,673
2020-03-22,2020-03-19,MY,Malaysia,,,743.64,790
2020-03-22,2020-03-20,MY,Malaysia,,,883.678,900
2020-03-22,2020-03-21,MY,Malaysia,,,1040.684,1030
2020-03-22,2020-03-22,MY,Malaysia,,,1215.181,1183
2020-03-22,2020-03-23,MY,Malaysia,,,1407.517,
2020-03-22,2020-03-24,MY,Malaysia,,,1617.855,
2020-03-22,2020-03-25,MY,Malaysia,,,1846.172,
2020-03-22,2020-03-12,NL,Netherlands,,,485.585,503
2020-03-22,2020-03-13,NL,Netherlands,,,606.831,614
2020-03-22,2020-03-14,NL,Netherlands,,,754.282,804
2020-03-22,2020-03-15,NL,Netherlands,,,932.652,959
2020-03-22,2020-03-16,NL,Netherlands,,,1147.309,1135
2020-03-22,2020-03-17,NL,Netherlands,,,1404.333,1413
2020-03-22,2020-03-18,NL,Netherlands,,,1710.57,1705
2020-03-22,2020-03-19,NL,Netherlands,,,2073.69,2051
2020-03-22,2020-03-20,NL,Netherlands,,,2502.24,2460
2020-03-22,2020-03-21,NL,Netherlands,,,3005.696,2994
2020-03-22,2020-03-22,NL,Netherlands,,,3594.507,3631
2020-03-22,2020-03-23,NL,Netherlands,,,4280.145,
2020-03-22,2020-03-24,NL,Netherlands,,,5075.136,
2020-03-22,2020-03-25,NL,Netherlands,,,5993.093,
2020-03-22,2020-03-12,NO,Norway,,,456.277,489
2020-03-22,2020-03-13,NO,Norway,,,577.484,621
2020-03-22,2020-03-14,NO,Norway,,,710.597,621
2020-03-22,2020-03-15,NO,Norway,,,852.984,907
2020-03-22,2020-03-16,NO,Norway,,,1001.794,1077
2020-03-22,2020-03-17,NO,Norway,,,1154.169,1169
2020-03-22,2020-03-18,NO,Norway,,,1307.409,1308
2020-03-22,2020-03-19,NO,Norway,,,1459.093,1423
2020-03-22,2020-03-20,NO,Norway,,,1607.151,1552
2020-03-22,2020-03-21,NO,Norway,,,1749.904,1742
2020-03-22,2020-03-22,NO,Norway,,,1886.056,1926
2020-03-22,2020-03-23,NO,Norway,,,2014.68,
2020-03-22,2020-03-24,NO,Norway,,,2135.174,
2020-03-22,2020-03-25,NO,Norway,,,2247.219,
2020-03-22,2020-03-10,OM,Oman,,,15.006,18
2020-03-22,2020-03-11,OM,Oman,,,16.962,18
2020-03-22,2020-03-14,OM,Oman,,,19.171,20
2020-03-22,2020-03-15,OM,Oman,,,21.668,20
2020-03-22,2020-03-16,OM,Oman,,,24.488,22
2020-03-22,2020-03-17,OM,Oman,,,27.675,24
2020-03-22,2020-03-18,OM,Oman,,,31.275,24
2020-03-22,2020-03-19,OM,Oman,,,35.341,39
2020-03-22,2020-03-20,OM,Oman,,,39.935,39
2020-03-22,2020-03-21,OM,Oman,,,45.124,48
2020-03-22,2020-03-22,OM,Oman,,,50.985,52
2020-03-22,2020-03-23,OM,Oman,,,57.606,
2020-03-22,2020-03-24,OM,Oman,,,65.083,
2020-03-22,2020-03-25,OM,Oman,,,73.528,
2020-03-22,2020-03-12,PA,Panama,,,17.505,14
2020-03-22,2020-03-13,PA,Panama,,,22.831,27
2020-03-22,2020-03-14,PA,Panama,,,29.771,36
2020-03-22,2020-03-15,PA,Panama,,,38.813,43
2020-03-22,2020-03-16,PA,Panama,,,50.592,43
2020-03-22,2020-03-17,PA,Panama,,,65.933,69
2020-03-22,2020-03-18,PA,Panama,,,85.91,86
2020-03-22,2020-03-19,PA,Panama,,,111.918,109
2020-03-22,2020-03-20,PA,Panama,,,145.771,137
2020-03-22,2020-03-21,PA,Panama,,,189.829,200
2020-03-22,2020-03-22,PA,Panama,,,247.157,245
2020-03-22,2020-03-23,PA,Panama,,,321.735,
2020-03-22,2020-03-24,PA,Panama,,,418.738,
2020-03-22,2020-03-25,PA,Panama,,,544.885,
2020-03-22,2020-03-12,PE,Peru,,,13.53,17
2020-03-22,2020-03-13,PE,Peru,,,21.19,22
2020-03-22,2020-03-14,PE,Peru,,,32.021,38
2020-03-22,2020-03-15,PE,Peru,,,46.824,43
2020-03-22,2020-03-16,PE,Peru,,,66.429,71
2020-03-22,2020-03-17,PE,Peru,,,91.653,86
2020-03-22,2020-03-18,PE,Peru,,,123.255,117
2020-03-22,2020-03-19,PE,Peru,,,161.888,145
2020-03-22,2020-03-20,PE,Peru,,,208.062,234
2020-03-22,2020-03-21,PE,Peru,,,262.116,263
2020-03-22,2020-03-22,PE,Peru,,,324.194,318
2020-03-22,2020-03-23,PE,Peru,,,394.243,
2020-03-22,2020-03-24,PE,Peru,,,472.016,
2020-03-22,2020-03-25,PE,Peru,,,557.086,
2020-03-22,2020-03-12,PH,Philippines,,,52.543,49
2020-03-22,2020-03-13,PH,Philippines,,,64.162,52
2020-03-22,2020-03-14,PH,Philippines,,,78.125,64
2020-03-22,2020-03-15,PH,Philippines,,,94.86,111
2020-03-22,2020-03-16,PH,Philippines,,,114.859,140
2020-03-22,2020-03-17,PH,Philippines,,,138.694,142
2020-03-22,2020-03-18,PH,Philippines,,,167.023,187
2020-03-22,2020-03-19,PH,Philippines,,,200.604,202
2020-03-22,2020-03-20,PH,Philippines,,,240.303,230
2020-03-22,2020-03-21,PH,Philippines,,,287.116,230
2020-03-22,2020-03-22,PH,Philippines,,,342.173,380
2020-03-22,2020-03-23,PH,Philippines,,,406.764,
2020-03-22,2020-03-24,PH,Philippines,,,482.351,
2020-03-22,2020-03-25,PH,Philippines,,,570.589,
2020-03-22,2020-03-12,PK,Pakistan,,,0.389,20
2020-03-22,2020-03-13,PK,Pakistan,,,2.464,21
2020-03-22,2020-03-14,PK,Pakistan,,,10.173,21
2020-03-22,2020-03-15,PK,Pakistan,,,30.25,30
2020-03-22,2020-03-16,PK,Pakistan,,,69.89,31
2020-03-22,2020-03-17,PK,Pakistan,,,133.012,187
2020-03-22,2020-03-18,PK,Pakistan,,,218.097,187
2020-03-22,2020-03-19,PK,Pakistan,,,318.92,302
2020-03-22,2020-03-20,PK,Pakistan,,,427.071,478
2020-03-22,2020-03-21,PK,Pakistan,,,534.506,495
2020-03-22,2020-03-22,PK,Pakistan,,,635.096,646
2020-03-22,2020-03-23,PK,Pakistan,,,725.081,
2020-03-22,2020-03-24,PK,Pakistan,,,802.801,
2020-03-22,2020-03-25,PK,Pakistan,,,868.14,
2020-03-22,2020-03-12,PL,Poland,,,34.547,31
2020-03-22,2020-03-13,PL,Poland,,,50.332,49
2020-03-22,2020-03-14,PL,Poland,,,71.314,68
2020-03-22,2020-03-15,PL,Poland,,,98.468,104
2020-03-22,2020-03-16,PL,Poland,,,132.752,125
2020-03-22,2020-03-17,PL,Poland,,,175.057,177
2020-03-22,2020-03-18,PL,Poland,,,226.163,238
2020-03-22,2020-03-19,PL,Poland,,,286.698,287
2020-03-22,2020-03-20,PL,Poland,,,357.109,355
2020-03-22,2020-03-21,PL,Poland,,,437.636,425
2020-03-22,2020-03-22,PL,Poland,,,528.306,536
2020-03-22,2020-03-23,PL,Poland,,,628.931,
2020-03-22,2020-03-24,PL,Poland,,,739.117,
2020-03-22,2020-03-25,PL,Poland,,,858.285,
2020-03-22,2020-03-11,PS,Palestine,,,26.424,29
2020-03-22,2020-03-12,PS,Palestine,,,29.771,30
2020-03-22,2020-03-14,PS,Palestine,,,32.934,35
2020-03-22,2020-03-15,PS,Palestine,,,35.874,38
2020-03-22,2020-03-16,PS,Palestine,,,38.568,38
2020-03-22,2020-03-17,PS,Palestine,,,41.007,39
2020-03-22,2020-03-18,PS,Palestine,,,43.193,41
2020-03-22,2020-03-19,PS,Palestine,,,45.135,44
2020-03-22,2020-03-20,PS,Palestine,,,46.847,47
2020-03-22,2020-03-21,PS,Palestine,,,48.348,48
2020-03-22,2020-03-22,PS,Palestine,,,49.656,52
2020-03-22,2020-03-23,PS,Palestine,,,50.792,
2020-03-22,2020-03-24,PS,Palestine,,,51.774,
2020-03-22,2020-03-25,PS,Palestine,,,52.62,
2020-03-22,2020-03-12,PT,Portugal,,,54.861,59
2020-03-22,2020-03-13,PT,Portugal,,,82.906,78
2020-03-22,2020-03-14,PT,Portugal,,,122.137,112
2020-03-22,2020-03-15,PT,Portugal,,,175.687,169
2020-03-22,2020-03-16,PT,Portugal,,,247.114,245
2020-03-22,2020-03-17,PT,Portugal,,,340.346,331
2020-03-22,2020-03-18,PT,Portugal,,,459.594,448
2020-03-22,2020-03-19,PT,Portugal,,,609.235,642
2020-03-22,2020-03-20,PT,Portugal,,,793.688,785
2020-03-22,2020-03-21,PT,Portugal,,,1017.263,1020
2020-03-22,2020-03-22,PT,Portugal,,,1284.021,1280
2020-03-22,2020-03-23,PT,Portugal,,,1597.629,
2020-03-22,2020-03-24,PT,Portugal,,,1961.233,
2020-03-22,2020-03-25,PT,Portugal,,,2377.345,
2020-03-22,2020-03-11,QA,Qatar,,,80.103,24
2020-03-22,2020-03-12,QA,Qatar,,,200.67,262
2020-03-22,2020-03-14,QA,Qatar,,,309.97,320
2020-03-22,2020-03-15,QA,Qatar,,,380.829,337
2020-03-22,2020-03-16,QA,Qatar,,,419.819,401
2020-03-22,2020-03-17,QA,Qatar,,,439.649,439
2020-03-22,2020-03-18,QA,Qatar,,,449.362,442
2020-03-22,2020-03-19,QA,Qatar,,,454.035,452
2020-03-22,2020-03-20,QA,Qatar,,,456.265,460
2020-03-22,2020-03-21,QA,Qatar,,,457.325,470
2020-03-22,2020-03-22,QA,Qatar,,,457.827,481
2020-03-22,2020-03-23,QA,Qatar,,,458.065,
2020-03-22,2020-03-24,QA,Qatar,,,458.178,
2020-03-22,2020-03-25,QA,Qatar,,,458.231,
2020-03-22,2020-03-12,RO,Romania,,,45.092,45
2020-03-22,2020-03-13,RO,Romania,,,64.288,64
2020-03-22,2020-03-14,RO,Romania,,,87.597,89
2020-03-22,2020-03-15,RO,Romania,,,114.735,113
2020-03-22,2020-03-16,RO,Romania,,,145.189,139
2020-03-22,2020-03-17,RO,Romania,,,178.287,184
2020-03-22,2020-03-18,RO,Romania,,,213.264,217
2020-03-22,2020-03-19,RO,Romania,,,249.334,260
2020-03-22,2020-03-20,RO,Romania,,,285.746,277
2020-03-22,2020-03-21,RO,Romania,,,321.825,308
2020-03-22,2020-03-22,RO,Romania,,,356.998,367
2020-03-22,2020-03-23,RO,Romania,,,390.805,
2020-03-22,2020-03-24,RO,Romania,,,422.899,
2020-03-22,2020-03-25,RO,Romania,,,453.041,
2020-03-22,2020-03-12,RS,Serbia,,,19.753,18
2020-03-22,2020-03-13,RS,Serbia,,,25.994,24
2020-03-22,2020-03-14,RS,Serbia,,,33.588,41
2020-03-22,2020-03-15,RS,Serbia,,,42.665,46
2020-03-22,2020-03-16,RS,Serbia,,,53.339,55
2020-03-22,2020-03-17,RS,Serbia,,,65.699,57
2020-03-22,2020-03-18,RS,Serbia,,,79.808,72
2020-03-22,2020-03-19,RS,Serbia,,,95.698,94
2020-03-22,2020-03-20,RS,Serbia,,,113.372,126
2020-03-22,2020-03-21,RS,Serbia,,,132.804,135
2020-03-22,2020-03-22,RS,Serbia,,,153.935,149
2020-03-22,2020-03-23,RS,Serbia,,,176.682,
2020-03-22,2020-03-24,RS,Serbia,,,200.937,
2020-03-22,2020-03-25,RS,Serbia,,,226.573,
2020-03-22,2020-03-12,RU,Russia,,,23.29,25
2020-03-22,2020-03-13,RU,Russia,,,31.031,30
2020-03-22,2020-03-14,RU,Russia,,,41.073,45
2020-03-22,2020-03-15,RU,Russia,,,54.016,59
2020-03-22,2020-03-16,RU,Russia,,,70.593,63
2020-03-22,2020-03-17,RU,Russia,,,91.692,93
2020-03-22,2020-03-18,RU,Russia,,,118.383,114
2020-03-22,2020-03-19,RU,Russia,,,151.95,147
2020-03-22,2020-03-20,RU,Russia,,,193.92,199
2020-03-22,2020-03-21,RU,Russia,,,246.101,253
2020-03-22,2020-03-22,RU,Russia,,,310.617,306
2020-03-22,2020-03-23,RU,Russia,,,389.957,
2020-03-22,2020-03-24,RU,Russia,,,487.011,
2020-03-22,2020-03-25,RU,Russia,,,605.124,
2020-03-22,2020-03-12,SA,Saudi Arabia,,,40.547,45
2020-03-22,2020-03-13,SA,Saudi Arabia,,,50.605,62
2020-03-22,2020-03-14,SA,Saudi Arabia,,,63.148,86
2020-03-22,2020-03-15,SA,Saudi Arabia,,,78.789,86
2020-03-22,2020-03-16,SA,Saudi Arabia,,,98.292,118
2020-03-22,2020-03-17,SA,Saudi Arabia,,,122.607,133
2020-03-22,2020-03-18,SA,Saudi Arabia,,,152.916,133
2020-03-22,2020-03-19,SA,Saudi Arabia,,,190.691,171
2020-03-22,2020-03-20,SA,Saudi Arabia,,,237.768,238
2020-03-22,2020-03-21,SA,Saudi Arabia,,,296.426,274
2020-03-22,2020-03-22,SA,Saudi Arabia,,,369.508,392
2020-03-22,2020-03-23,SA,Saudi Arabia,,,460.545,
2020-03-22,2020-03-24,SA,Saudi Arabia,,,573.936,
2020-03-22,2020-03-25,SA,Saudi Arabia,,,715.151,
2020-03-22,2020-03-12,SE,Sweden,,,488.457,462
2020-03-22,2020-03-13,SE,Sweden,,,602.979,620
2020-03-22,2020-03-14,SE,Sweden,,,725.119,775
2020-03-22,2020-03-15,SE,Sweden,,,852.238,924
2020-03-22,2020-03-16,SE,Sweden,,,981.734,1032
2020-03-22,2020-03-17,SE,Sweden,,,1111.201,1121
2020-03-22,2020-03-18,SE,Sweden,,,1238.525,1167
2020-03-22,2020-03-19,SE,Sweden,,,1361.953,1301
2020-03-22,2020-03-20,SE,Sweden,,,1480.104,1423
2020-03-22,2020-03-21,SE,Sweden,,,1591.959,1623
2020-03-22,2020-03-22,SE,Sweden,,,1696.835,1746
2020-03-22,2020-03-23,SE,Sweden,,,1794.336,
2020-03-22,2020-03-24,SE,Sweden,,,1884.31,
2020-03-22,2020-03-25,SE,Sweden,,,1966.8,
2020-03-22,2020-03-12,SG,Singapore,,,200.169,178
2020-03-22,2020-03-13,SG,Singapore,,,212.568,187
2020-03-22,2020-03-14,SG,Singapore,,,225.732,200
2020-03-22,2020-03-15,SG,Singapore,,,239.71,214
2020-03-22,2020-03-16,SG,Singapore,,,254.551,226
2020-03-22,2020-03-17,SG,Singapore,,,270.308,243
2020-03-22,2020-03-18,SG,Singapore,,,287.037,266
2020-03-22,2020-03-19,SG,Singapore,,,304.799,313
2020-03-22,2020-03-20,SG,Singapore,,,323.657,345
2020-03-22,2020-03-21,SG,Singapore,,,343.678,385
2020-03-22,2020-03-22,SG,Singapore,,,364.934,432
2020-03-22,2020-03-23,SG,Singapore,,,387.501,
2020-03-22,2020-03-24,SG,Singapore,,,411.46,
2020-03-22,2020-03-25,SG,Singapore,,,436.895,
2020-03-22,2020-03-12,SI,Slovenia,,,63.961,57
2020-03-22,2020-03-13,SI,Slovenia,,,97.339,96
2020-03-22,2020-03-14,SI,Slovenia,,,134.915,141
2020-03-22,2020-03-15,SI,Slovenia,,,173.889,181
2020-03-22,2020-03-16,SI,Slovenia,,,211.812,219
2020-03-22,2020-03-17,SI,Slovenia,,,246.92,253
2020-03-22,2020-03-18,SI,Slovenia,,,278.185,275
2020-03-22,2020-03-19,SI,Slovenia,,,305.201,286
2020-03-22,2020-03-20,SI,Slovenia,,,328.002,319
2020-03-22,2020-03-21,SI,Slovenia,,,346.897,341
2020-03-22,2020-03-22,SI,Slovenia,,,362.336,383
2020-03-22,2020-03-23,SI,Slovenia,,,374.81,
2020-03-22,2020-03-24,SI,Slovenia,,,384.804,
2020-03-22,2020-03-25,SI,Slovenia,,,392.756,
2020-03-22,2020-03-12,SM,San Marino,,,60.168,66
2020-03-22,2020-03-13,SM,San Marino,,,68.242,67
2020-03-22,2020-03-14,SM,San Marino,,,76.654,73
2020-03-22,2020-03-15,SM,San Marino,,,85.338,92
2020-03-22,2020-03-16,SM,San Marino,,,94.225,98
2020-03-22,2020-03-17,SM,San Marino,,,103.249,102
2020-03-22,2020-03-18,SM,San Marino,,,112.344,104
2020-03-22,2020-03-19,SM,San Marino,,,121.45,109
2020-03-22,2020-03-20,SM,San Marino,,,130.511,126
2020-03-22,2020-03-21,SM,San Marino,,,139.474,151
2020-03-22,2020-03-22,SM,San Marino,,,148.293,151
2020-03-22,2020-03-23,SM,San Marino,,,156.929,
2020-03-22,2020-03-24,SM,San Marino,,,165.348,
2020-03-22,2020-03-25,SM,San Marino,,,173.519,
2020-03-22,2020-03-11,TH,Thailand,,,36.227,59
2020-03-22,2020-03-12,TH,Thailand,,,47.313,70
2020-03-22,2020-03-14,TH,Thailand,,,61.78,82
2020-03-22,2020-03-15,TH,Thailand,,,80.655,82
2020-03-22,2020-03-16,TH,Thailand,,,105.276,114
2020-03-22,2020-03-17,TH,Thailand,,,137.386,177
2020-03-22,2020-03-18,TH,Thailand,,,179.256,177
2020-03-22,2020-03-19,TH,Thailand,,,233.84,177
2020-03-22,2020-03-20,TH,Thailand,,,304.988,212
2020-03-22,2020-03-21,TH,Thailand,,,397.707,366
2020-03-22,2020-03-22,TH,Thailand,,,518.513,599
2020-03-22,2020-03-23,TH,Thailand,,,675.885,
2020-03-22,2020-03-24,TH,Thailand,,,880.852,
2020-03-22,2020-03-25,TH,Thailand,,,1147.757,
2020-03-22,2020-03-12,TW,Taiwan,,,61.982,48
2020-03-22,2020-03-13,TW,Taiwan,,,66.149,49
2020-03-22,2020-03-14,TW,Taiwan,,,70.595,53
2020-03-22,2020-03-15,TW,Taiwan,,,75.34,59
2020-03-22,2020-03-16,TW,Taiwan,,,80.403,59
2020-03-22,2020-03-17,TW,Taiwan,,,85.804,67
2020-03-22,2020-03-18,TW,Taiwan,,,91.568,77
2020-03-22,2020-03-19,TW,Taiwan,,,97.718,108
2020-03-22,2020-03-20,TW,Taiwan,,,104.279,108
2020-03-22,2020-03-21,TW,Taiwan,,,111.28,135
2020-03-22,2020-03-22,TW,Taiwan,,,118.749,153
2020-03-22,2020-03-23,TW,Taiwan,,,126.719,
2020-03-22,2020-03-24,TW,Taiwan,,,135.221,
2020-03-22,2020-03-25,TW,Taiwan,,,144.293,
2020-03-22,2020-03-12,US,United States of America,CA,California,172.163,202
2020-03-22,2020-03-13,US,United States of America,CA,California,215.103,202
2020-03-22,2020-03-14,US,United States of America,CA,California,268.685,252
2020-03-22,2020-03-15,US,United States of America,CA,California,335.53,293
2020-03-22,2020-03-16,US,United States of America,CA,California,418.903,335
2020-03-22,2020-03-17,US,United States of America,CA,California,522.862,483
2020-03-22,2020-03-18,US,United States of America,CA,California,652.458,611
2020-03-22,2020-03-19,US,United States of America,CA,California,813.976,924
2020-03-22,2020-03-20,US,United States of America,CA,California,1015.227,1063
2020-03-22,2020-03-21,US,United States of America,CA,California,1265.924,1279
2020-03-22,2020-03-22,US,United States of America,CA,California,1578.138,1536
2020-03-22,2020-03-23,US,United States of America,CA,California,1966.869,
2020-03-22,2020-03-24,US,United States of America,CA,California,2450.751,
2020-03-22,2020-03-25,US,United States of America,CA,California,3052.926,
2020-03-22,2020-03-12,US,United States of America,CO,Colorado,51.231,45
2020-03-22,2020-03-13,US,United States of America,CO,Colorado,63.808,72
2020-03-22,2020-03-14,US,United States of America,CO,Colorado,79.462,101
2020-03-22,2020-03-15,US,United States of America,CO,Colorado,98.943,131
2020-03-22,2020-03-16,US,United States of America,CO,Colorado,123.183,131
2020-03-22,2020-03-17,US,United States of America,CO,Colorado,153.343,160
2020-03-22,2020-03-18,US,United States of America,CO,Colorado,190.862,183
2020-03-22,2020-03-19,US,United States of America,CO,Colorado,237.53,216
2020-03-22,2020-03-20,US,United States of America,CO,Colorado,295.571,277
2020-03-22,2020-03-21,US,United States of America,CO,Colorado,367.746,363
2020-03-22,2020-03-22,US,United States of America,CO,Colorado,457.485,475
2020-03-22,2020-03-23,US,United States of America,CO,Colorado,569.049,
2020-03-22,2020-03-24,US,United States of America,CO,Colorado,707.728,
2020-03-22,2020-03-25,US,United States of America,CO,Colorado,880.088,
2020-03-22,2020-03-12,US,United States of America,FL,Florida,33.098,32
2020-03-22,2020-03-13,US,United States of America,FL,Florida,50.583,50
2020-03-22,2020-03-14,US,United States of America,FL,Florida,75.282,77
2020-03-22,2020-03-15,US,United States of America,FL,Florida,109.292,116
2020-03-22,2020-03-16,US,United States of America,FL,Florida,155.013,141
2020-03-22,2020-03-17,US,United States of America,FL,Florida,215.109,186
2020-03-22,2020-03-18,US,United States of America,FL,Florida,292.455,314
2020-03-22,2020-03-19,US,United States of America,FL,Florida,390.05,390
2020-03-22,2020-03-20,US,United States of America,FL,Florida,510.936,520
2020-03-22,2020-03-21,US,United States of America,FL,Florida,658.089,658
2020-03-22,2020-03-22,US,United States of America,FL,Florida,834.321,830
2020-03-22,2020-03-23,US,United States of America,FL,Florida,1042.177,
2020-03-22,2020-03-24,US,United States of America,FL,Florida,1283.843,
2020-03-22,2020-03-25,US,United States of America,FL,Florida,1561.069,
2020-03-22,2020-03-12,US,United States of America,GA,Georgia,26.635,31
2020-03-22,2020-03-13,US,United States of America,GA,Georgia,40.399,42
2020-03-22,2020-03-14,US,United States of America,GA,Georgia,59.652,66
2020-03-22,2020-03-15,US,United States of America,GA,Georgia,85.897,99
2020-03-22,2020-03-16,US,United States of America,GA,Georgia,120.816,121
2020-03-22,2020-03-17,US,United States of America,GA,Georgia,166.238,146
2020-03-22,2020-03-18,US,United States of America,GA,Georgia,224.081,197
2020-03-22,2020-03-19,US,United States of America,GA,Georgia,296.296,287
2020-03-22,2020-03-20,US,United States of America,GA,Georgia,384.795,420
2020-03-22,2020-03-21,US,United States of America,GA,Georgia,491.385,507
2020-03-22,2020-03-22,US,United States of America,GA,Georgia,617.692,600
2020-03-22,2020-03-23,US,United States of America,GA,Georgia,765.106,
2020-03-22,2020-03-24,US,United States of America,GA,Georgia,934.722,
2020-03-22,2020-03-25,US,United States of America,GA,Georgia,1127.305,
2020-03-22,2020-03-12,US,United States of America,IA,Iowa,8.136,14
2020-03-22,2020-03-13,US,United States of America,IA,Iowa,10.287,16
2020-03-22,2020-03-14,US,United States of America,IA,Iowa,13.005,17
2020-03-22,2020-03-15,US,United States of America,IA,Iowa,16.438,18
2020-03-22,2020-03-16,US,United States of America,IA,Iowa,20.774,22
2020-03-22,2020-03-17,US,United States of America,IA,Iowa,26.25,23
2020-03-22,2020-03-18,US,United States of America,IA,Iowa,33.164,29
2020-03-22,2020-03-19,US,United States of America,IA,Iowa,41.894,38
2020-03-22,2020-03-20,US,United States of America,IA,Iowa,52.914,45
2020-03-22,2020-03-21,US,United States of America,IA,Iowa,66.822,68
2020-03-22,2020-03-22,US,United States of America,IA,Iowa,84.374,90
2020-03-22,2020-03-23,US,United States of America,IA,Iowa,106.52,
2020-03-22,2020-03-24,US,United States of America,IA,Iowa,134.459,
2020-03-22,2020-03-25,US,United States of America,IA,Iowa,169.701,
2020-03-22,2020-03-12,US,United States of America,IL,Illinois,10.338,25
2020-03-22,2020-03-13,US,United States of America,IL,Illinois,20.644,32
2020-03-22,2020-03-14,US,United States of America,IL,Illinois,38.634,46
2020-03-22,2020-03-15,US,United States of America,IL,Illinois,68.172,64
2020-03-22,2020-03-16,US,United States of America,IL,Illinois,114.053,93
2020-03-22,2020-03-17,US,United States of America,IL,Illinois,181.82,160
2020-03-22,2020-03-18,US,United States of America,IL,Illinois,277.447,289
2020-03-22,2020-03-19,US,United States of America,IL,Illinois,406.912,426
2020-03-22,2020-03-20,US,United States of America,IL,Illinois,575.732,590
2020-03-22,2020-03-21,US,United States of America,IL,Illinois,788.5,759
2020-03-22,2020-03-22,US,United States of America,IL,Illinois,1048.507,1058
2020-03-22,2020-03-23,US,United States of America,IL,Illinois,1357.472,
2020-03-22,2020-03-24,US,United States of America,IL,Illinois,1715.415,
2020-03-22,2020-03-25,US,United States of America,IL,Illinois,2120.672,
2020-03-22,2020-03-12,US,United States of America,IN,Indiana,3.57,12
2020-03-22,2020-03-13,US,United States of America,IN,Indiana,5.336,12
2020-03-22,2020-03-14,US,United States of America,IN,Indiana,7.972,15
2020-03-22,2020-03-15,US,United States of America,IN,Indiana,11.905,19
2020-03-22,2020-03-16,US,United States of America,IN,Indiana,17.771,24
2020-03-22,2020-03-17,US,United States of America,IN,Indiana,26.516,30
2020-03-22,2020-03-18,US,United States of America,IN,Indiana,39.548,39
2020-03-22,2020-03-19,US,United States of America,IN,Indiana,58.957,56
2020-03-22,2020-03-20,US,United States of America,IN,Indiana,87.856,79
2020-03-22,2020-03-21,US,United States of America,IN,Indiana,130.862,126
2020-03-22,2020-03-22,US,United States of America,IN,Indiana,194.836,201
2020-03-22,2020-03-23,US,United States of America,IN,Indiana,289.959,
2020-03-22,2020-03-24,US,United States of America,IN,Indiana,431.339,
2020-03-22,2020-03-25,US,United States of America,IN,Indiana,641.377,
2020-03-22,2020-03-12,US,United States of America,LA,Louisiana,26.233,14
2020-03-22,2020-03-13,US,United States of America,LA,Louisiana,39.465,36
2020-03-22,2020-03-14,US,United States of America,LA,Louisiana,58.451,69
2020-03-22,2020-03-15,US,United States of America,LA,Louisiana,85.28,91
2020-03-22,2020-03-16,US,United States of America,LA,Louisiana,122.641,114
2020-03-22,2020-03-17,US,United States of America,LA,Louisiana,173.938,171
2020-03-22,2020-03-18,US,United States of America,LA,Louisiana,243.416,240
2020-03-22,2020-03-19,US,United States of America,LA,Louisiana,336.298,347
2020-03-22,2020-03-20,US,United States of America,LA,Louisiana,458.916,479
2020-03-22,2020-03-21,US,United States of America,LA,Louisiana,618.844,585
2020-03-22,2020-03-22,US,United States of America,LA,Louisiana,825.02,837
2020-03-22,2020-03-23,US,United States of America,LA,Louisiana,1087.864,
2020-03-22,2020-03-24,US,United States of America,LA,Louisiana,1419.36,
2020-03-22,2020-03-25,US,United States of America,LA,Louisiana,1833.135,
2020-03-22,2020-03-12,US,United States of America,MA,Massachusetts,84.226,95
2020-03-22,2020-03-13,US,United States of America,MA,Massachusetts,104.134,123
2020-03-22,2020-03-14,US,United States of America,MA,Massachusetts,128.298,138
2020-03-22,2020-03-15,US,United States of America,MA,Massachusetts,157.53,138
2020-03-22,2020-03-16,US,United States of America,MA,Massachusetts,192.771,164
2020-03-22,2020-03-17,US,United States of America,MA,Massachusetts,235.116,218
2020-03-22,2020-03-18,US,United States of America,MA,Massachusetts,285.828,256
2020-03-22,2020-03-19,US,United States of America,MA,Massachusetts,346.366,328
2020-03-22,2020-03-20,US,United States of America,MA,Massachusetts,418.404,413
2020-03-22,2020-03-21,US,United States of America,MA,Massachusetts,503.86,646
2020-03-22,2020-03-22,US,United States of America,MA,Massachusetts,604.92,525
2020-03-22,2020-03-23,US,United States of America,MA,Massachusetts,724.074,
2020-03-22,2020-03-24,US,United States of America,MA,Massachusetts,864.143,
2020-03-22,2020-03-25,US,United States of America,MA,Massachusetts,1028.318,
2020-03-22,2020-03-12,US,United States of America,MD,Maryland,10.265,12
2020-03-22,2020-03-13,US,United States of America,MD,Maryland,15.101,17
2020-03-22,2020-03-14,US,United States of America,MD,Maryland,21.836,26
2020-03-22,2020-03-15,US,United States of America,MD,Maryland,31.063,31
2020-03-22,2020-03-16,US,United States of America,MD,Maryland,43.503,37
2020-03-22,2020-03-17,US,United States of America,MD,Maryland,60.022,57
2020-03-22,2020-03-18,US,United States of America,MD,Maryland,81.638,85
2020-03-22,2020-03-19,US,United States of America,MD,Maryland,109.534,107
2020-03-22,2020-03-20,US,United States of America,MD,Maryland,145.056,149
2020-03-22,2020-03-21,US,United States of America,MD,Maryland,189.72,190
2020-03-22,2020-03-22,US,United States of America,MD,Maryland,245.197,244
2020-03-22,2020-03-23,US,United States of America,MD,Maryland,313.309,
2020-03-22,2020-03-24,US,United States of America,MD,Maryland,396.01,
2020-03-22,2020-03-25,US,United States of America,MD,Maryland,495.365,
2020-03-22,2020-03-12,US,United States of America,NC,North Carolina,9.345,12
2020-03-22,2020-03-13,US,United States of America,NC,North Carolina,13.029,15
2020-03-22,2020-03-14,US,United States of America,NC,North Carolina,18.159,23
2020-03-22,2020-03-15,US,United States of America,NC,North Carolina,25.302,32
2020-03-22,2020-03-16,US,United States of America,NC,North Carolina,35.245,33
2020-03-22,2020-03-17,US,United States of America,NC,North Carolina,49.08,40
2020-03-22,2020-03-18,US,United States of America,NC,North Carolina,68.325,63
2020-03-22,2020-03-19,US,United States of America,NC,North Carolina,95.089,97
2020-03-22,2020-03-20,US,United States of America,NC,North Carolina,132.298,137
2020-03-22,2020-03-21,US,United States of America,NC,North Carolina,184.011,184
2020-03-22,2020-03-22,US,United States of America,NC,North Carolina,255.863,255
2020-03-22,2020-03-23,US,United States of America,NC,North Carolina,355.666,
2020-03-22,2020-03-24,US,United States of America,NC,North Carolina,494.251,
2020-03-22,2020-03-25,US,United States of America,NC,North Carolina,686.634,
2020-03-22,2020-03-12,US,United States of America,NJ,New Jersey,24.507,30
2020-03-22,2020-03-13,US,United States of America,NJ,New Jersey,42.141,50
2020-03-22,2020-03-14,US,United States of America,NJ,New Jersey,70.524,50
2020-03-22,2020-03-15,US,United States of America,NJ,New Jersey,115.026,98
2020-03-22,2020-03-16,US,United States of America,NJ,New Jersey,183.076,178
2020-03-22,2020-03-17,US,United States of America,NJ,New Jersey,284.694,267
2020-03-22,2020-03-18,US,United States of America,NJ,New Jersey,433.053,427
2020-03-22,2020-03-19,US,United States of America,NJ,New Jersey,645.057,742
2020-03-22,2020-03-20,US,United States of America,NJ,New Jersey,941.898,890
2020-03-22,2020-03-21,US,United States of America,NJ,New Jersey,1349.559,1327
2020-03-22,2020-03-22,US,United States of America,NJ,New Jersey,1899.207,1914
2020-03-22,2020-03-23,US,United States of America,NJ,New Jersey,2627.456,
2020-03-22,2020-03-24,US,United States of America,NJ,New Jersey,3576.452,
2020-03-22,2020-03-25,US,United States of America,NJ,New Jersey,4793.749,
2020-03-22,2020-03-12,US,United States of America,NY,New York,99.785,216
2020-03-22,2020-03-13,US,United States of America,NY,New York,186.42,421
2020-03-22,2020-03-14,US,United States of America,NY,New York,337.7,524
2020-03-22,2020-03-15,US,United States of America,NY,New York,594.071,729
2020-03-22,2020-03-16,US,United States of America,NY,New York,1016.349,950
2020-03-22,2020-03-17,US,United States of America,NY,New York,1693.329,1700
2020-03-22,2020-03-18,US,United States of America,NY,New York,2751.071,2382
2020-03-22,2020-03-19,US,United States of America,NY,New York,4363.79,4152
2020-03-22,2020-03-20,US,United States of America,NY,New York,6766.134,7102
2020-03-22,2020-03-21,US,United States of America,NY,New York,10266.436,10356
2020-03-22,2020-03-22,US,United States of America,NY,New York,15260.36,15168
2020-03-22,2020-03-23,US,United States of America,NY,New York,22244.193,
2020-03-22,2020-03-24,US,United States of America,NY,New York,31826.901,
2020-03-22,2020-03-25,US,United States of America,NY,New York,44740.028,
2020-03-22,2020-03-12,US,United States of America,OR,Oregon,20.408,19
2020-03-22,2020-03-13,US,United States of America,OR,Oregon,25.028,30
2020-03-22,2020-03-14,US,United States of America,OR,Oregon,30.689,30
2020-03-22,2020-03-15,US,United States of America,OR,Oregon,37.626,36
2020-03-22,2020-03-16,US,United States of America,OR,Oregon,46.126,39
2020-03-22,2020-03-17,US,United States of America,OR,Oregon,56.54,47
2020-03-22,2020-03-18,US,United States of America,OR,Oregon,69.298,75
2020-03-22,2020-03-19,US,United States of America,OR,Oregon,84.925,88
2020-03-22,2020-03-20,US,United States of America,OR,Oregon,104.064,114
2020-03-22,2020-03-21,US,United States of America,OR,Oregon,127.501,114
2020-03-22,2020-03-22,US,United States of America,OR,Oregon,156.2,161
2020-03-22,2020-03-23,US,United States of America,OR,Oregon,191.338,
2020-03-22,2020-03-24,US,United States of America,OR,Oregon,234.353,
2020-03-22,2020-03-25,US,United States of America,OR,Oregon,287.006,
2020-03-22,2020-03-12,US,United States of America,PA,Pennsylvania,21.782,22
2020-03-22,2020-03-13,US,United States of America,PA,Pennsylvania,29.802,33
2020-03-22,2020-03-14,US,United States of America,PA,Pennsylvania,40.748,47
2020-03-22,2020-03-15,US,United States of America,PA,Pennsylvania,55.679,63
2020-03-22,2020-03-16,US,United States of America,PA,Pennsylvania,76.03,76
2020-03-22,2020-03-17,US,United States of America,PA,Pennsylvania,103.751,96
2020-03-22,2020-03-18,US,United States of America,PA,Pennsylvania,141.488,133
2020-03-22,2020-03-19,US,United States of America,PA,Pennsylvania,192.826,185
2020-03-22,2020-03-20,US,United States of America,PA,Pennsylvania,262.619,268
2020-03-22,2020-03-21,US,United States of America,PA,Pennsylvania,357.442,371
2020-03-22,2020-03-22,US,United States of America,PA,Pennsylvania,486.188,479
2020-03-22,2020-03-23,US,United States of America,PA,Pennsylvania,660.879,
2020-03-22,2020-03-24,US,United States of America,PA,Pennsylvania,897.759,
2020-03-22,2020-03-25,US,United States of America,PA,Pennsylvania,1218.759,
2020-03-22,2020-03-12,US,United States of America,TN,Tennessee,10.679,18
2020-03-22,2020-03-13,US,United States of America,TN,Tennessee,15.756,26
2020-03-22,2020-03-14,US,United States of America,TN,Tennessee,23.237,32
2020-03-22,2020-03-15,US,United States of America,TN,Tennessee,34.256,39
2020-03-22,2020-03-16,US,United States of America,TN,Tennessee,50.479,52
2020-03-22,2020-03-17,US,United States of America,TN,Tennessee,74.356,73
2020-03-22,2020-03-18,US,United States of America,TN,Tennessee,109.481,98
2020-03-22,2020-03-19,US,United States of America,TN,Tennessee,161.133,154
2020-03-22,2020-03-20,US,United States of America,TN,Tennessee,237.059,228
2020-03-22,2020-03-21,US,United States of America,TN,Tennessee,348.619,371
2020-03-22,2020-03-22,US,United States of America,TN,Tennessee,512.473,505
2020-03-22,2020-03-23,US,United States of America,TN,Tennessee,753.035,
2020-03-22,2020-03-24,US,United States of America,TN,Tennessee,1106.072,
2020-03-22,2020-03-25,US,United States of America,TN,Tennessee,1623.965,
2020-03-22,2020-03-12,US,United States of America,TX,Texas,19.113,23
2020-03-22,2020-03-13,US,United States of America,TX,Texas,25.606,39
2020-03-22,2020-03-14,US,United States of America,TX,Texas,34.296,51
2020-03-22,2020-03-15,US,United States of America,TX,Texas,45.923,56
2020-03-22,2020-03-16,US,United States of America,TX,Texas,61.478,57
2020-03-22,2020-03-17,US,United States of America,TX,Texas,82.28,64
2020-03-22,2020-03-18,US,United States of America,TX,Texas,110.093,83
2020-03-22,2020-03-19,US,United States of America,TX,Texas,147.272,143
2020-03-22,2020-03-20,US,United States of America,TX,Texas,196.958,194
2020-03-22,2020-03-21,US,United States of America,TX,Texas,263.34,304
2020-03-22,2020-03-22,US,United States of America,TX,Texas,352.009,334
2020-03-22,2020-03-23,US,United States of America,TX,Texas,470.416,
2020-03-22,2020-03-24,US,United States of America,TX,Texas,628.497,
2020-03-22,2020-03-25,US,United States of America,TX,Texas,839.493,
2020-03-22,2020-03-12,US,United States of America,VA,Virginia,17.862,17
2020-03-22,2020-03-13,US,United States of America,VA,Virginia,22.828,30
2020-03-22,2020-03-14,US,United States of America,VA,Virginia,29.168,30
2020-03-22,2020-03-15,US,United States of America,VA,Virginia,37.264,45
2020-03-22,2020-03-16,US,United States of America,VA,Virginia,47.6,51
2020-03-22,2020-03-17,US,United States of America,VA,Virginia,60.792,67
2020-03-22,2020-03-18,US,United States of America,VA,Virginia,77.627,77
2020-03-22,2020-03-19,US,United States of America,VA,Virginia,99.108,94
2020-03-22,2020-03-20,US,United States of America,VA,Virginia,126.514,114
2020-03-22,2020-03-21,US,United States of America,VA,Virginia,161.471,152
2020-03-22,2020-03-22,US,United States of America,VA,Virginia,206.055,219
2020-03-22,2020-03-23,US,United States of America,VA,Virginia,262.906,
2020-03-22,2020-03-24,US,United States of America,VA,Virginia,335.388,
2020-03-22,2020-03-25,US,United States of America,VA,Virginia,427.783,
2020-03-22,2020-03-12,US,United States of America,WA,Washington,344.488,337
2020-03-22,2020-03-13,US,United States of America,WA,Washington,427.949,457
2020-03-22,2020-03-14,US,United States of America,WA,Washington,524.114,568
2020-03-22,2020-03-15,US,United States of America,WA,Washington,633.402,642
2020-03-22,2020-03-16,US,United States of America,WA,Washington,756.021,769
2020-03-22,2020-03-17,US,United States of America,WA,Washington,891.955,904
2020-03-22,2020-03-18,US,United States of America,WA,Washington,1040.969,1012
2020-03-22,2020-03-19,US,United States of America,WA,Washington,1202.619,1187
2020-03-22,2020-03-20,US,United States of America,WA,Washington,1376.267,1376
2020-03-22,2020-03-21,US,United States of America,WA,Washington,1561.106,1524
2020-03-22,2020-03-22,US,United States of America,WA,Washington,1756.18,1793
2020-03-22,2020-03-23,US,United States of America,WA,Washington,1960.417,
2020-03-22,2020-03-24,US,United States of America,WA,Washington,2172.659,
2020-03-22,2020-03-25,US,United States of America,WA,Washington,2391.684,
2020-03-22,2020-03-12,US,United States of America,,,958.925,1312
2020-03-22,2020-03-13,US,United States of America,,,1340.091,1663
2020-03-22,2020-03-14,US,United States of America,,,1872.2,2174
2020-03-22,2020-03-15,US,United States of America,,,2614.799,2951
2020-03-22,2020-03-16,US,United States of America,,,3650.839,3774
2020-03-22,2020-03-17,US,United States of America,,,5095.839,4661
2020-03-22,2020-03-18,US,United States of America,,,7110.617,6427
2020-03-22,2020-03-19,US,United States of America,,,9918.993,9415
2020-03-22,2020-03-20,US,United States of America,,,13832.377,14250
2020-03-22,2020-03-21,US,United States of America,,,19283.906,19624
2020-03-22,2020-03-22,US,United States of America,,,26875.856,26747
2020-03-22,2020-03-23,US,United States of America,,,37445.432,
2020-03-22,2020-03-24,US,United States of America,,,52156.053,
2020-03-22,2020-03-25,US,United States of America,,,72623.982,
2020-03-22,2020-03-12,VN,Vietnam,,,41.683,39
2020-03-22,2020-03-13,VN,Vietnam,,,45.055,44
2020-03-22,2020-03-14,VN,Vietnam,,,48.698,49
2020-03-22,2020-03-15,VN,Vietnam,,,52.634,53
2020-03-22,2020-03-16,VN,Vietnam,,,56.888,57
2020-03-22,2020-03-17,VN,Vietnam,,,61.485,61
2020-03-22,2020-03-18,VN,Vietnam,,,66.452,61
2020-03-22,2020-03-19,VN,Vietnam,,,71.82,76
2020-03-22,2020-03-20,VN,Vietnam,,,77.619,85
2020-03-22,2020-03-21,VN,Vietnam,,,83.886,87
2020-03-22,2020-03-22,VN,Vietnam,,,90.657,94
2020-03-22,2020-03-23,VN,Vietnam,,,97.973,
2020-03-22,2020-03-24,VN,Vietnam,,,105.877,
2020-03-22,2020-03-25,VN,Vietnam,,,114.417,
2020-03-22,2020-03-12,ZA,South Africa,,,8.982,13
2020-03-22,2020-03-13,ZA,South Africa,,,14.176,17
2020-03-22,2020-03-14,ZA,South Africa,,,21.628,24
2020-03-22,2020-03-15,ZA,South Africa,,,31.98,24
2020-03-22,2020-03-16,ZA,South Africa,,,45.937,51
2020-03-22,2020-03-17,ZA,South Africa,,,64.237,62
2020-03-22,2020-03-18,ZA,South Africa,,,87.621,85
2020-03-22,2020-03-19,ZA,South Africa,,,116.801,116
2020-03-22,2020-03-20,ZA,South Africa,,,152.415,150
2020-03-22,2020-03-21,ZA,South Africa,,,195.003,205
2020-03-22,2020-03-22,ZA,South Africa,,,244.977,240
2020-03-22,2020-03-23,ZA,South Africa,,,302.597,
2020-03-22,2020-03-24,ZA,South Africa,,,367.963,
2020-03-22,2020-03-25,ZA,South Africa,,,441.01,
