country,nuts_3,cases,cases/100k pop.,datetime
NO,Nordland,17,,2020-03-20T00:00:00
NO,Møre og Romsdal,29,,2020-03-20T00:00:00
NO,Troms og Finnmark,32,,2020-03-20T00:00:00
NO,Vestfold og Telemark,72,,2020-03-20T00:00:00
NO,Agder,79,,2020-03-20T00:00:00
NO,Trøndelag,97,,2020-03-20T00:00:00
NO,Innlandet,115,,2020-03-20T00:00:00
NO,Vestland,173,,2020-03-20T00:00:00
NO,Rogaland,180,,2020-03-20T00:00:00
NO,Oslo,419,,2020-03-20T00:00:00
NO,Viken,529,,2020-03-20T00:00:00
NO,Nordland,17,,2020-03-21T00:00:00
NO,Møre og Romsdal,32,,2020-03-21T00:00:00
NO,Troms og Finnmark,37,,2020-03-21T00:00:00
NO,Vestfold og Telemark,81,,2020-03-21T00:00:00
NO,Agder,82,,2020-03-21T00:00:00
NO,Trøndelag,122,,2020-03-21T00:00:00
NO,Innlandet,125,,2020-03-21T00:00:00
NO,Rogaland,199,,2020-03-21T00:00:00
NO,Vestland,200,,2020-03-21T00:00:00
NO,Oslo,448,,2020-03-21T00:00:00
NO,Viken,583,,2020-03-21T00:00:00
NO,Nordland,19,,2020-03-22T00:00:00
NO,Møre og Romsdal,38,,2020-03-22T00:00:00
NO,Troms og Finnmark,49,,2020-03-22T00:00:00
NO,Vestfold og Telemark,85,,2020-03-22T00:00:00
NO,Agder,91,,2020-03-22T00:00:00
NO,Trøndelag,131,,2020-03-22T00:00:00
NO,Innlandet,148,,2020-03-22T00:00:00
NO,Vestland,214,,2020-03-22T00:00:00
NO,Rogaland,219,,2020-03-22T00:00:00
NO,Oslo,523,,2020-03-22T00:00:00
NO,Viken,615,,2020-03-22T00:00:00
NO,Nordland,19,,2020-03-23T00:00:00
NO,Møre og Romsdal,38,,2020-03-23T00:00:00
NO,Troms og Finnmark,49,,2020-03-23T00:00:00
NO,Vestfold og Telemark,85,,2020-03-23T00:00:00
NO,Agder,91,,2020-03-23T00:00:00
NO,Trøndelag,131,,2020-03-23T00:00:00
NO,Innlandet,148,,2020-03-23T00:00:00
NO,Vestland,214,,2020-03-23T00:00:00
NO,Rogaland,219,,2020-03-23T00:00:00
NO,Oslo,523,,2020-03-23T00:00:00
NO,Viken,615,,2020-03-23T00:00:00
NO,Nordland,18,,2020-03-24T00:00:00
NO,Møre og Romsdal,46,,2020-03-24T00:00:00
NO,Troms og Finnmark,59,,2020-03-24T00:00:00
NO,Agder,92,,2020-03-24T00:00:00
NO,Vestfold og Telemark,95,,2020-03-24T00:00:00
NO,Trøndelag,158,,2020-03-24T00:00:00
NO,Innlandet,163,,2020-03-24T00:00:00
NO,Rogaland,251,,2020-03-24T00:00:00
NO,Vestland,279,,2020-03-24T00:00:00
NO,Oslo,657,,2020-03-24T00:00:00
NO,Viken,748,,2020-03-24T00:00:00
NO,Nordland,22,,2020-03-25T00:00:00
NO,Møre og Romsdal,55,,2020-03-25T00:00:00
NO,Troms og Finnmark,73,,2020-03-25T00:00:00
NO,Agder,101,,2020-03-25T00:00:00
NO,Vestfold og Telemark,107,,2020-03-25T00:00:00
NO,Trøndelag,179,,2020-03-25T00:00:00
NO,Innlandet,193,,2020-03-25T00:00:00
NO,Rogaland,266,,2020-03-25T00:00:00
NO,Vestland,297,,2020-03-25T00:00:00
NO,Oslo,719,,2020-03-25T00:00:00
NO,Viken,818,,2020-03-25T00:00:00
NO,Unknown county,25,,2020-03-26T00:00:00
NO,Nordland,29,,2020-03-26T00:00:00
NO,Møre og Romsdal,71,,2020-03-26T00:00:00
NO,Troms og Finnmark,93,,2020-03-26T00:00:00
NO,Agder,134,,2020-03-26T00:00:00
NO,Vestfold og Telemark,136,,2020-03-26T00:00:00
NO,Innlandet,147,,2020-03-26T00:00:00
NO,Trøndelag,236,,2020-03-26T00:00:00
NO,Rogaland,270,,2020-03-26T00:00:00
NO,Vestland,375,,2020-03-26T00:00:00
NO,Oslo,744,,2020-03-26T00:00:00
NO,Viken,896,,2020-03-26T00:00:00
NO,Unknown county,3,,2020-03-27T00:00:00
NO,Nordland,36,,2020-03-27T00:00:00
NO,Møre og Romsdal,74,,2020-03-27T00:00:00
NO,Troms og Finnmark,116,,2020-03-27T00:00:00
NO,Vestfold og Telemark,146,,2020-03-27T00:00:00
NO,Agder,148,,2020-03-27T00:00:00
NO,Innlandet,200,,2020-03-27T00:00:00
NO,Trøndelag,261,,2020-03-27T00:00:00
NO,Rogaland,277,,2020-03-27T00:00:00
NO,Vestland,410,,2020-03-27T00:00:00
NO,Oslo,903,,2020-03-27T00:00:00
NO,Viken,1007,,2020-03-27T00:00:00
NO,Nordland,42,,2020-03-28T00:00:00
NO,Møre og Romsdal,80,,2020-03-28T00:00:00
NO,Troms og Finnmark,129,,2020-03-28T00:00:00
NO,Vestfold og Telemark,149,,2020-03-28T00:00:00
NO,Agder,159,,2020-03-28T00:00:00
NO,Innlandet,228,,2020-03-28T00:00:00
NO,Trøndelag,281,,2020-03-28T00:00:00
NO,Rogaland,304,,2020-03-28T00:00:00
NO,Vestland,436,,2020-03-28T00:00:00
NO,Oslo,989,,2020-03-28T00:00:00
NO,Viken,1048,,2020-03-28T00:00:00
NO,Nordland,46,,2020-03-29T00:00:00
NO,Møre og Romsdal,81,,2020-03-29T00:00:00
NO,Troms og Finnmark,143,,2020-03-29T00:00:00
NO,Vestfold og Telemark,154,,2020-03-29T00:00:00
NO,Agder,161,,2020-03-29T00:00:00
NO,Innlandet,246,,2020-03-29T00:00:00
NO,Trøndelag,296,,2020-03-29T00:00:00
NO,Rogaland,305,,2020-03-29T00:00:00
NO,Vestland,445,,2020-03-29T00:00:00
NO,Viken,1107,,2020-03-29T00:00:00
NO,Oslo,1118,,2020-03-29T00:00:00
NO,Nordland,48,,2020-03-30T00:00:00
NO,Møre og Romsdal,81,,2020-03-30T00:00:00
NO,Troms og Finnmark,146,,2020-03-30T00:00:00
NO,Vestfold og Telemark,163,,2020-03-30T00:00:00
NO,Agder,166,,2020-03-30T00:00:00
NO,Innlandet,258,,2020-03-30T00:00:00
NO,Rogaland,305,,2020-03-30T00:00:00
NO,Trøndelag,311,,2020-03-30T00:00:00
NO,Vestland,460,,2020-03-30T00:00:00
NO,Viken,1118,,2020-03-30T00:00:00
NO,Oslo,1169,,2020-03-30T00:00:00
NO,Outside mainland Norway,1,,2020-03-31T00:00:00
NO,Nordland,52,,2020-03-31T00:00:00
NO,Møre og Romsdal,82,,2020-03-31T00:00:00
NO,Troms og Finnmark,152,,2020-03-31T00:00:00
NO,Vestfold og Telemark,174,,2020-03-31T00:00:00
NO,Agder,176,,2020-03-31T00:00:00
NO,Innlandet,293,,2020-03-31T00:00:00
NO,Rogaland,317,,2020-03-31T00:00:00
NO,Trøndelag,320,,2020-03-31T00:00:00
NO,Vestland,467,,2020-03-31T00:00:00
NO,Viken,1180,,2020-03-31T00:00:00
NO,Oslo,1233,,2020-03-31T00:00:00
NO,Unknown,2,,2020-04-01T00:00:00
NO,Nordland,62,,2020-04-01T00:00:00
NO,Møre og Romsdal,90,,2020-04-01T00:00:00
NO,Troms og Finnmark,157,,2020-04-01T00:00:00
NO,Vestfold og Telemark,180,,2020-04-01T00:00:00
NO,Agder,190,,2020-04-01T00:00:00
NO,Rogaland,321,,2020-04-01T00:00:00
NO,Innlandet,327,,2020-04-01T00:00:00
NO,Trøndelag,330,,2020-04-01T00:00:00
NO,Vestland,490,,2020-04-01T00:00:00
NO,Viken,1225,,2020-04-01T00:00:00
NO,Oslo,1281,,2020-04-01T00:00:00
NO,Unknown,0,,2020-04-02T00:00:00
NO,Nordland,68,,2020-04-02T00:00:00
NO,Møre og Romsdal,95,,2020-04-02T00:00:00
NO,Troms og Finnmark,164,,2020-04-02T00:00:00
NO,Vestfold og Telemark,190,,2020-04-02T00:00:00
NO,Agder,207,,2020-04-02T00:00:00
NO,Rogaland,332,,2020-04-02T00:00:00
NO,Trøndelag,340,,2020-04-02T00:00:00
NO,Innlandet,344,,2020-04-02T00:00:00
NO,Vestland,510,,2020-04-02T00:00:00
NO,Viken,1306,,2020-04-02T00:00:00
NO,Oslo,1379,,2020-04-02T00:00:00
NO,Unknown,1,,2020-04-03T00:00:00
NO,Nordland,71,,2020-04-03T00:00:00
NO,Møre og Romsdal,106,,2020-04-03T00:00:00
NO,Troms og Finnmark,176,,2020-04-03T00:00:00
NO,Vestfold og Telemark,201,,2020-04-03T00:00:00
NO,Agder,221,,2020-04-03T00:00:00
NO,Innlandet,350,,2020-04-03T00:00:00
NO,Rogaland,351,,2020-04-03T00:00:00
NO,Trøndelag,352,,2020-04-03T00:00:00
NO,Vestland,525,,2020-04-03T00:00:00
NO,Viken,1416,,2020-04-03T00:00:00
NO,Oslo,1438,,2020-04-03T00:00:00
NO,Unknown,2,,2020-04-04T00:00:00
NO,Nordland,74,,2020-04-04T00:00:00
NO,Møre og Romsdal,113,,2020-04-04T00:00:00
NO,Troms og Finnmark,178,,2020-04-04T00:00:00
NO,Vestfold og Telemark,217,,2020-04-04T00:00:00
NO,Agder,227,,2020-04-04T00:00:00
NO,Innlandet,360,,2020-04-04T00:00:00
NO,Trøndelag,361,,2020-04-04T00:00:00
NO,Rogaland,368,,2020-04-04T00:00:00
NO,Vestland,552,,2020-04-04T00:00:00
NO,Viken,1524,,2020-04-04T00:00:00
NO,Oslo,1534,,2020-04-04T00:00:00
NO,Unknown,2,,2020-04-05T00:00:00
NO,Nordland,75,,2020-04-05T00:00:00
NO,Møre og Romsdal,115,,2020-04-05T00:00:00
NO,Troms og Finnmark,181,,2020-04-05T00:00:00
NO,Vestfold og Telemark,220,,2020-04-05T00:00:00
NO,Agder,230,,2020-04-05T00:00:00
NO,Innlandet,362,,2020-04-05T00:00:00
NO,Trøndelag,369,,2020-04-05T00:00:00
NO,Rogaland,372,,2020-04-05T00:00:00
NO,Vestland,556,,2020-04-05T00:00:00
NO,Viken,1576,,2020-04-05T00:00:00
NO,Oslo,1582,,2020-04-05T00:00:00
NO,Unknown,2,,2020-04-06T00:00:00
NO,Nordland,76,,2020-04-06T00:00:00
NO,Møre og Romsdal,116,,2020-04-06T00:00:00
NO,Troms og Finnmark,181,,2020-04-06T00:00:00
NO,Vestfold og Telemark,224,,2020-04-06T00:00:00
NO,Agder,231,,2020-04-06T00:00:00
NO,Innlandet,369,,2020-04-06T00:00:00
NO,Trøndelag,372,,2020-04-06T00:00:00
NO,Rogaland,377,,2020-04-06T00:00:00
NO,Vestland,573,,2020-04-06T00:00:00
NO,Viken,1608,,2020-04-06T00:00:00
NO,Oslo,1626,,2020-04-06T00:00:00
NO,Unknown,1,,2020-04-07T00:00:00
NO,Nordland,77,,2020-04-07T00:00:00
NO,Møre og Romsdal,115,,2020-04-07T00:00:00
NO,Troms og Finnmark,184,,2020-04-07T00:00:00
NO,Vestfold og Telemark,226,,2020-04-07T00:00:00
NO,Agder,236,,2020-04-07T00:00:00
NO,Innlandet,373,,2020-04-07T00:00:00
NO,Trøndelag,375,,2020-04-07T00:00:00
NO,Rogaland,378,,2020-04-07T00:00:00
NO,Vestland,578,,2020-04-07T00:00:00
NO,Viken,1647,,2020-04-07T00:00:00
NO,Oslo,1673,,2020-04-07T00:00:00
NO,Unknown,1,,2020-04-08T00:00:00
NO,Nordland,84,,2020-04-08T00:00:00
NO,Møre og Romsdal,116,,2020-04-08T00:00:00
NO,Troms og Finnmark,185,,2020-04-08T00:00:00
NO,Vestfold og Telemark,234,,2020-04-08T00:00:00
NO,Agder,243,,2020-04-08T00:00:00
NO,Trøndelag,377,,2020-04-08T00:00:00
NO,Rogaland,379,,2020-04-08T00:00:00
NO,Innlandet,381,,2020-04-08T00:00:00
NO,Vestland,603,,2020-04-08T00:00:00
NO,Viken,1677,,2020-04-08T00:00:00
NO,Oslo,1730,,2020-04-08T00:00:00
NO,Unknown,6,,2020-04-09T00:00:00
NO,Nordland,86,,2020-04-09T00:00:00
NO,Møre og Romsdal,116,,2020-04-09T00:00:00
NO,Troms og Finnmark,187,,2020-04-09T00:00:00
NO,Vestfold og Telemark,237,,2020-04-09T00:00:00
NO,Agder,249,,2020-04-09T00:00:00
NO,Rogaland,379,,2020-04-09T00:00:00
NO,Innlandet,387,,2020-04-09T00:00:00
NO,Trøndelag,388,,2020-04-09T00:00:00
NO,Vestland,633,,2020-04-09T00:00:00
NO,Viken,1712,,2020-04-09T00:00:00
NO,Oslo,1780,,2020-04-09T00:00:00
NO,Unknown,3,,2020-04-10T00:00:00
NO,Nordland,87,,2020-04-10T00:00:00
NO,Møre og Romsdal,116,,2020-04-10T00:00:00
NO,Troms og Finnmark,188,,2020-04-10T00:00:00
NO,Vestfold og Telemark,237,,2020-04-10T00:00:00
NO,Agder,253,,2020-04-10T00:00:00
NO,Rogaland,379,,2020-04-10T00:00:00
NO,Innlandet,389,,2020-04-10T00:00:00
NO,Trøndelag,391,,2020-04-10T00:00:00
NO,Vestland,646,,2020-04-10T00:00:00
NO,Viken,1728,,2020-04-10T00:00:00
NO,Oslo,1827,,2020-04-10T00:00:00
NO,Unknown,4,,2020-04-11T00:00:00
NO,Nordland,90,,2020-04-11T00:00:00
NO,Møre og Romsdal,116,,2020-04-11T00:00:00
NO,Troms og Finnmark,190,,2020-04-11T00:00:00
NO,Vestfold og Telemark,238,,2020-04-11T00:00:00
NO,Agder,258,,2020-04-11T00:00:00
NO,Rogaland,378,,2020-04-11T00:00:00
NO,Innlandet,392,,2020-04-11T00:00:00
NO,Trøndelag,393,,2020-04-11T00:00:00
NO,Vestland,648,,2020-04-11T00:00:00
NO,Viken,1747,,2020-04-11T00:00:00
NO,Oslo,1866,,2020-04-11T00:00:00
NO,Unknown,7,,2020-04-12T00:00:00
NO,Nordland,91,,2020-04-12T00:00:00
NO,Møre og Romsdal,116,,2020-04-12T00:00:00
NO,Troms og Finnmark,190,,2020-04-12T00:00:00
NO,Vestfold og Telemark,241,,2020-04-12T00:00:00
NO,Agder,261,,2020-04-12T00:00:00
NO,Rogaland,380,,2020-04-12T00:00:00
NO,Innlandet,395,,2020-04-12T00:00:00
NO,Trøndelag,400,,2020-04-12T00:00:00
NO,Vestland,670,,2020-04-12T00:00:00
NO,Viken,1771,,2020-04-12T00:00:00
NO,Oslo,1893,,2020-04-12T00:00:00
NO,Unknown,9,,2020-04-13T00:00:00
NO,Nordland,95,,2020-04-13T00:00:00
NO,Møre og Romsdal,117,,2020-04-13T00:00:00
NO,Troms og Finnmark,197,,2020-04-13T00:00:00
NO,Vestfold og Telemark,247,,2020-04-13T00:00:00
NO,Agder,266,,2020-04-13T00:00:00
NO,Rogaland,380,,2020-04-13T00:00:00
NO,Innlandet,398,,2020-04-13T00:00:00
NO,Trøndelag,403,,2020-04-13T00:00:00
NO,Vestland,684,,2020-04-13T00:00:00
NO,Viken,1810,,2020-04-13T00:00:00
NO,Oslo,1960,,2020-04-13T00:00:00
NO,Unknown,9,,2020-04-15T00:00:00
NO,Nordland,97,,2020-04-15T00:00:00
NO,Møre og Romsdal,117,,2020-04-15T00:00:00
NO,Troms og Finnmark,200,,2020-04-15T00:00:00
NO,Vestfold og Telemark,250,,2020-04-15T00:00:00
NO,Agder,268,,2020-04-15T00:00:00
NO,Rogaland,382,,2020-04-15T00:00:00
NO,Innlandet,399,,2020-04-15T00:00:00
NO,Trøndelag,405,,2020-04-15T00:00:00
NO,Vestland,729,,2020-04-15T00:00:00
NO,Viken,1836,,2020-04-15T00:00:00
NO,Oslo,1985,,2020-04-15T00:00:00
NO,Unknown,1,,2020-04-16T00:00:00
NO,Nordland,104,,2020-04-16T00:00:00
NO,Møre og Romsdal,118,,2020-04-16T00:00:00
NO,Troms og Finnmark,203,,2020-04-16T00:00:00
NO,Vestfold og Telemark,251,,2020-04-16T00:00:00
NO,Agder,275,,2020-04-16T00:00:00
NO,Rogaland,383,,2020-04-16T00:00:00
NO,Innlandet,403,,2020-04-16T00:00:00
NO,Trøndelag,406,,2020-04-16T00:00:00
NO,Vestland,743,,2020-04-16T00:00:00
NO,Viken,1864,,2020-04-16T00:00:00
NO,Oslo,2031,,2020-04-16T00:00:00
NO,Unknown,1,,2020-04-18T00:00:00
NO,Nordland,108,,2020-04-18T00:00:00
NO,Møre og Romsdal,118,,2020-04-18T00:00:00
NO,Troms og Finnmark,212,,2020-04-18T00:00:00
NO,Vestfold og Telemark,260,,2020-04-18T00:00:00
NO,Agder,286,,2020-04-18T00:00:00
NO,Rogaland,391,,2020-04-18T00:00:00
NO,Innlandet,409,,2020-04-18T00:00:00
NO,Trøndelag,414,,2020-04-18T00:00:00
NO,Vestland,787,,2020-04-18T00:00:00
NO,Viken,1903,,2020-04-18T00:00:00
NO,Oslo,2095,,2020-04-18T00:00:00
NO,Unknown,1,,2020-04-19T00:00:00
NO,Nordland,109,,2020-04-19T00:00:00
NO,Møre og Romsdal,118,,2020-04-19T00:00:00
NO,Troms og Finnmark,218,,2020-04-19T00:00:00
NO,Vestfold og Telemark,261,,2020-04-19T00:00:00
NO,Agder,287,,2020-04-19T00:00:00
NO,Rogaland,391,,2020-04-19T00:00:00
NO,Innlandet,412,,2020-04-19T00:00:00
NO,Trøndelag,418,,2020-04-19T00:00:00
NO,Vestland,792,,2020-04-19T00:00:00
NO,Viken,1929,,2020-04-19T00:00:00
NO,Oslo,2132,,2020-04-19T00:00:00
NO,Unknown,2,,2020-04-20T00:00:00
NO,Nordland,109,,2020-04-20T00:00:00
NO,Møre og Romsdal,118,,2020-04-20T00:00:00
NO,Troms og Finnmark,223,,2020-04-20T00:00:00
NO,Vestfold og Telemark,261,,2020-04-20T00:00:00
NO,Agder,292,,2020-04-20T00:00:00
NO,Rogaland,392,,2020-04-20T00:00:00
NO,Innlandet,412,,2020-04-20T00:00:00
NO,Trøndelag,420,,2020-04-20T00:00:00
NO,Vestland,795,,2020-04-20T00:00:00
NO,Viken,1933,,2020-04-20T00:00:00
NO,Oslo,2156,,2020-04-20T00:00:00
NO,Nordland,110,45.6,2020-04-21T00:00:00
NO,Møre og Romsdal,118,44.5,2020-04-21T00:00:00
NO,Troms og Finnmark,225,92.5,2020-04-21T00:00:00
NO,Vestfold og Telemark,263,62.7,2020-04-21T00:00:00
NO,Agder,294,95.7,2020-04-21T00:00:00
NO,Rogaland,393,81.9,2020-04-21T00:00:00
NO,Innlandet,414,111.5,2020-04-21T00:00:00
NO,Trøndelag,422,90.0,2020-04-21T00:00:00
NO,Vestland,807,126.8,2020-04-21T00:00:00
NO,Viken,1940,156.3,2020-04-21T00:00:00
NO,Oslo,2177,313.9,2020-04-21T00:00:00
NO,Nordland,110,45.6,2020-04-22T00:00:00
NO,Møre og Romsdal,118,44.5,2020-04-22T00:00:00
NO,Troms og Finnmark,227,93.3,2020-04-22T00:00:00
NO,Vestfold og Telemark,263,62.7,2020-04-22T00:00:00
NO,Agder,303,98.6,2020-04-22T00:00:00
NO,Rogaland,395,82.3,2020-04-22T00:00:00
NO,Innlandet,418,112.6,2020-04-22T00:00:00
NO,Trøndelag,423,90.2,2020-04-22T00:00:00
NO,Vestland,812,127.6,2020-04-22T00:00:00
NO,Viken,1967,158.5,2020-04-22T00:00:00
NO,Oslo,2212,319.0,2020-04-22T00:00:00
NO,Nordland,110,45.6,2020-04-23T00:00:00
NO,Møre og Romsdal,119,44.9,2020-04-23T00:00:00
NO,Troms og Finnmark,230,94.5,2020-04-23T00:00:00
NO,Vestfold og Telemark,265,63.2,2020-04-23T00:00:00
NO,Agder,312,101.6,2020-04-23T00:00:00
NO,Rogaland,397,82.7,2020-04-23T00:00:00
NO,Innlandet,419,112.8,2020-04-23T00:00:00
NO,Trøndelag,431,92.0,2020-04-23T00:00:00
NO,Vestland,819,128.7,2020-04-23T00:00:00
NO,Viken,1991,160.4,2020-04-23T00:00:00
NO,Oslo,2252,324.7,2020-04-23T00:00:00
NO,Nordland,113,46.8,2020-04-24T00:00:00
NO,Møre og Romsdal,120,45.2,2020-04-24T00:00:00
NO,Troms og Finnmark,229,94.1,2020-04-24T00:00:00
NO,Vestfold og Telemark,268,63.9,2020-04-24T00:00:00
NO,Agder,316,102.9,2020-04-24T00:00:00
NO,Rogaland,397,82.7,2020-04-24T00:00:00
NO,Innlandet,424,114.2,2020-04-24T00:00:00
NO,Trøndelag,434,92.6,2020-04-24T00:00:00
NO,Vestland,829,130.2,2020-04-24T00:00:00
NO,Viken,2005,161.5,2020-04-24T00:00:00
NO,Oslo,2273,327.8,2020-04-24T00:00:00
NO,Nordland,113,46.8,2020-04-27T00:00:00
NO,Møre og Romsdal,121,45.6,2020-04-27T00:00:00
NO,Troms og Finnmark,232,95.4,2020-04-27T00:00:00
NO,Vestfold og Telemark,271,64.6,2020-04-27T00:00:00
NO,Agder,319,103.8,2020-04-27T00:00:00
NO,Rogaland,400,83.4,2020-04-27T00:00:00
NO,Innlandet,430,115.8,2020-04-27T00:00:00
NO,Trøndelag,459,97.9,2020-04-27T00:00:00
NO,Vestland,835,131.2,2020-04-27T00:00:00
NO,Viken,2029,163.5,2020-04-27T00:00:00
NO,Oslo,2324,335.1,2020-04-27T00:00:00
NO,Nordland,114,47.3,2020-04-28T00:00:00
NO,Møre og Romsdal,122,46.0,2020-04-28T00:00:00
NO,Troms og Finnmark,234,96.2,2020-04-28T00:00:00
NO,Vestfold og Telemark,271,64.6,2020-04-28T00:00:00
NO,Agder,323,105.1,2020-04-28T00:00:00
NO,Rogaland,422,87.9,2020-04-28T00:00:00
NO,Innlandet,432,116.3,2020-04-28T00:00:00
NO,Trøndelag,471,100.5,2020-04-28T00:00:00
NO,Vestland,841,132.1,2020-04-28T00:00:00
NO,Viken,2036,164.0,2020-04-28T00:00:00
NO,Oslo,2339,337.3,2020-04-28T00:00:00
NO,Nordland,114,47.3,2020-04-29T00:00:00
NO,Møre og Romsdal,123,46.4,2020-04-29T00:00:00
NO,Troms og Finnmark,237,97.4,2020-04-29T00:00:00
NO,Vestfold og Telemark,272,64.9,2020-04-29T00:00:00
NO,Agder,324,105.5,2020-04-29T00:00:00
NO,Rogaland,423,88.1,2020-04-29T00:00:00
NO,Innlandet,437,117.7,2020-04-29T00:00:00
NO,Trøndelag,472,100.7,2020-04-29T00:00:00
NO,Vestland,853,134.0,2020-04-29T00:00:00
NO,Viken,2058,165.8,2020-04-29T00:00:00
NO,Oslo,2354,339.4,2020-04-29T00:00:00
NO,Nordland,114,47.3,2020-04-30T00:00:00
NO,Møre og Romsdal,123,46.4,2020-04-30T00:00:00
NO,Troms og Finnmark,240,98.6,2020-04-30T00:00:00
NO,Vestfold og Telemark,272,64.9,2020-04-30T00:00:00
NO,Agder,325,105.8,2020-04-30T00:00:00
NO,Rogaland,431,89.8,2020-04-30T00:00:00
NO,Innlandet,437,117.7,2020-04-30T00:00:00
NO,Trøndelag,477,101.8,2020-04-30T00:00:00
NO,Vestland,856,134.5,2020-04-30T00:00:00
NO,Viken,2071,166.9,2020-04-30T00:00:00
NO,Oslo,2364,340.9,2020-04-30T00:00:00
NO,Nordland,115,47.7,2020-05-07T00:00:00
NO,Møre og Romsdal,123,46.4,2020-05-07T00:00:00
NO,Troms og Finnmark,247,101.5,2020-05-07T00:00:00
NO,Vestfold og Telemark,278,66.3,2020-05-07T00:00:00
NO,Agder,333,108.4,2020-05-07T00:00:00
NO,Rogaland,435,90.6,2020-05-07T00:00:00
NO,Innlandet,453,122.0,2020-05-07T00:00:00
NO,Trøndelag,506,108.0,2020-05-07T00:00:00
NO,Vestland,871,136.8,2020-05-07T00:00:00
NO,Viken,2122,171.0,2020-05-07T00:00:00
NO,Oslo,2470,356.2,2020-05-07T00:00:00
NO,Nordland,115,47.7,2020-05-09T00:00:00
NO,Møre og Romsdal,123,46.4,2020-05-09T00:00:00
NO,Troms og Finnmark,247,101.5,2020-05-09T00:00:00
NO,Vestfold og Telemark,278,66.3,2020-05-09T00:00:00
NO,Agder,333,108.4,2020-05-09T00:00:00
NO,Rogaland,435,90.6,2020-05-09T00:00:00
NO,Innlandet,453,122.0,2020-05-09T00:00:00
NO,Trøndelag,506,108.0,2020-05-09T00:00:00
NO,Vestland,871,136.8,2020-05-09T00:00:00
NO,Viken,2122,171.0,2020-05-09T00:00:00
NO,Oslo,2470,356.2,2020-05-09T00:00:00
NO,Nordland,115,47.7,2020-05-11T00:00:00
NO,Møre og Romsdal,123,46.4,2020-05-11T00:00:00
NO,Troms og Finnmark,247,101.5,2020-05-11T00:00:00
NO,Vestfold og Telemark,278,66.3,2020-05-11T00:00:00
NO,Agder,333,108.4,2020-05-11T00:00:00
NO,Rogaland,435,90.6,2020-05-11T00:00:00
NO,Innlandet,453,122.0,2020-05-11T00:00:00
NO,Trøndelag,506,108.0,2020-05-11T00:00:00
NO,Vestland,871,136.8,2020-05-11T00:00:00
NO,Viken,2122,171.0,2020-05-11T00:00:00
NO,Oslo,2470,356.2,2020-05-11T00:00:00
NO,nordland,116,48.1,2020-05-12T00:00:00
NO,møre og romsdal,129,48.6,2020-05-12T00:00:00
NO,troms og finnmark,251,103.2,2020-05-12T00:00:00
NO,vestfold og telemark,279,66.5,2020-05-12T00:00:00
NO,agder,336,109.4,2020-05-12T00:00:00
NO,rogaland,437,91.1,2020-05-12T00:00:00
NO,innlandet,467,125.7,2020-05-12T00:00:00
NO,trøndelag,519,110.7,2020-05-12T00:00:00
NO,vestland,877,137.8,2020-05-12T00:00:00
NO,viken,2187,176.2,2020-05-12T00:00:00
NO,oslo,2537,365.8,2020-05-12T00:00:00
NO,nordland,117,48.5,2020-05-13T00:00:00
NO,møre og romsdal,132,49.8,2020-05-13T00:00:00
NO,troms og finnmark,251,103.2,2020-05-13T00:00:00
NO,vestfold og telemark,281,67.0,2020-05-13T00:00:00
NO,agder,336,109.4,2020-05-13T00:00:00
NO,rogaland,438,91.3,2020-05-13T00:00:00
NO,innlandet,472,127.1,2020-05-13T00:00:00
NO,trøndelag,523,111.6,2020-05-13T00:00:00
NO,vestland,878,137.9,2020-05-13T00:00:00
NO,viken,2200,177.3,2020-05-13T00:00:00
NO,oslo,2547,367.3,2020-05-13T00:00:00
NO,nordland,117,48.5,2020-05-14T00:00:00
NO,møre og romsdal,132,49.8,2020-05-14T00:00:00
NO,troms og finnmark,251,103.2,2020-05-14T00:00:00
NO,vestfold og telemark,281,67.0,2020-05-14T00:00:00
NO,agder,336,109.4,2020-05-14T00:00:00
NO,rogaland,438,91.3,2020-05-14T00:00:00
NO,innlandet,477,128.4,2020-05-14T00:00:00
NO,trøndelag,525,112.0,2020-05-14T00:00:00
NO,vestland,879,138.1,2020-05-14T00:00:00
NO,viken,2209,178.0,2020-05-14T00:00:00
NO,oslo,2551,367.8,2020-05-14T00:00:00
NO,nordland,117,48.5,2020-05-15T00:00:00
NO,møre og romsdal,133,50.1,2020-05-15T00:00:00
NO,troms og finnmark,252,103.6,2020-05-15T00:00:00
NO,vestfold og telemark,282,67.2,2020-05-15T00:00:00
NO,agder,338,110.0,2020-05-15T00:00:00
NO,rogaland,438,91.3,2020-05-15T00:00:00
NO,innlandet,480,129.2,2020-05-15T00:00:00
NO,trøndelag,530,113.1,2020-05-15T00:00:00
NO,vestland,879,138.1,2020-05-15T00:00:00
NO,viken,2230,179.7,2020-05-15T00:00:00
NO,oslo,2568,370.3,2020-05-15T00:00:00
NO,nordland,117,48.5,2020-05-18T00:00:00
NO,møre og romsdal,133,50.1,2020-05-18T00:00:00
NO,troms og finnmark,252,103.6,2020-05-18T00:00:00
NO,vestfold og telemark,282,67.2,2020-05-18T00:00:00
NO,agder,338,110.0,2020-05-18T00:00:00
NO,rogaland,438,91.3,2020-05-18T00:00:00
NO,innlandet,480,129.2,2020-05-18T00:00:00
NO,trøndelag,530,113.1,2020-05-18T00:00:00
NO,vestland,879,138.1,2020-05-18T00:00:00
NO,viken,2230,179.7,2020-05-18T00:00:00
NO,oslo,2568,370.3,2020-05-18T00:00:00
NO,nordland,117,48.5,2020-05-19T00:00:00
NO,møre og romsdal,133,50.1,2020-05-19T00:00:00
NO,troms og finnmark,252,103.6,2020-05-19T00:00:00
NO,vestfold og telemark,282,67.2,2020-05-19T00:00:00
NO,agder,338,110.0,2020-05-19T00:00:00
NO,rogaland,438,91.3,2020-05-19T00:00:00
NO,innlandet,480,129.2,2020-05-19T00:00:00
NO,trøndelag,530,113.1,2020-05-19T00:00:00
NO,vestland,880,138.2,2020-05-19T00:00:00
NO,viken,2235,180.1,2020-05-19T00:00:00
NO,oslo,2572,370.9,2020-05-19T00:00:00
NO,nordland,117,48.5,2020-05-20T00:00:00
NO,møre og romsdal,133,50.1,2020-05-20T00:00:00
NO,troms og finnmark,252,103.6,2020-05-20T00:00:00
NO,vestfold og telemark,282,67.2,2020-05-20T00:00:00
NO,agder,338,110.0,2020-05-20T00:00:00
NO,rogaland,438,91.3,2020-05-20T00:00:00
NO,innlandet,480,129.2,2020-05-20T00:00:00
NO,trøndelag,532,113.5,2020-05-20T00:00:00
NO,vestland,881,138.4,2020-05-20T00:00:00
NO,viken,2242,180.6,2020-05-20T00:00:00
NO,oslo,2572,370.9,2020-05-20T00:00:00
NO,nordland,117,48.5,2020-05-21T00:00:00
NO,møre og romsdal,133,50.1,2020-05-21T00:00:00
NO,troms og finnmark,252,103.6,2020-05-21T00:00:00
NO,vestfold og telemark,282,67.2,2020-05-21T00:00:00
NO,agder,338,110.0,2020-05-21T00:00:00
NO,rogaland,438,91.3,2020-05-21T00:00:00
NO,innlandet,480,129.2,2020-05-21T00:00:00
NO,trøndelag,532,113.5,2020-05-21T00:00:00
NO,vestland,881,138.4,2020-05-21T00:00:00
NO,viken,2242,180.6,2020-05-21T00:00:00
NO,oslo,2572,370.9,2020-05-21T00:00:00
NO,nordland,118,48.9,2020-05-22T00:00:00
NO,møre og romsdal,133,50.1,2020-05-22T00:00:00
NO,troms og finnmark,252,103.6,2020-05-22T00:00:00
NO,vestfold og telemark,284,67.7,2020-05-22T00:00:00
NO,agder,338,110.0,2020-05-22T00:00:00
NO,rogaland,438,91.3,2020-05-22T00:00:00
NO,innlandet,486,130.9,2020-05-22T00:00:00
NO,trøndelag,532,113.5,2020-05-22T00:00:00
NO,vestland,882,138.6,2020-05-22T00:00:00
NO,viken,2257,181.8,2020-05-22T00:00:00
NO,oslo,2589,373.3,2020-05-22T00:00:00
