country,nuts_2,cases,recovered,deaths,tests,hospitalized,intensive_care,datetime
AT,Tirol,2,,,,,,2020-03-04T17:45:00
AT,Salzburg,3,,,,,,2020-03-04T17:45:00
AT,Steiermark,4,,,,,,2020-03-04T17:45:00
AT,Niederösterreich,5,,,,,,2020-03-04T17:45:00
AT,Wien,15,,,,,,2020-03-04T17:45:00
AT,Tirol,2,,,,,,2020-03-05T08:00:00
AT,Salzburg,3,,,,,,2020-03-05T08:00:00
AT,Steiermark,4,,,,,,2020-03-05T08:00:00
AT,Niederösterreich,12,,,,,,2020-03-05T08:00:00
AT,Wien,16,,,,,,2020-03-05T08:00:00
AT,Kärnten,1,,,,,,2020-03-05T15:00:00
AT,Tirol,3,,,,,,2020-03-05T15:00:00
AT,Steiermark,4,,,,,,2020-03-05T15:00:00
AT,Salzburg,4,,,,,,2020-03-05T15:00:00
AT,Niederösterreich,13,,,,,,2020-03-05T15:00:00
AT,Wien,16,,,,,,2020-03-05T15:00:00
AT,Vorarlberg,1,,,,,,2020-03-06T08:00:00
AT,Oberösterreich,1,,,,,,2020-03-06T08:00:00
AT,Kärnten,1,,,,,,2020-03-06T08:00:00
AT,Steiermark,4,,,,,,2020-03-06T08:00:00
AT,Tirol,4,,,,,,2020-03-06T08:00:00
AT,Salzburg,4,,,,,,2020-03-06T08:00:00
AT,Niederösterreich,15,,,,,,2020-03-06T08:00:00
AT,Wien,17,,,,,,2020-03-06T08:00:00
AT,Vorarlberg,1,,,,,,2020-03-06T15:00:00
AT,Oberösterreich,1,,,,,,2020-03-06T15:00:00
AT,Kärnten,1,,,,,,2020-03-06T15:00:00
AT,Tirol,4,,,,,,2020-03-06T15:00:00
AT,Steiermark,5,,,,,,2020-03-06T15:00:00
AT,Salzburg,5,,,,,,2020-03-06T15:00:00
AT,Niederösterreich,15,,,,,,2020-03-06T15:00:00
AT,Wien,23,,,,,,2020-03-06T15:00:00
AT,Vorarlberg,1,,,,,,2020-03-07T08:00:00
AT,Kärnten,1,,,,,,2020-03-07T08:00:00
AT,Oberösterreich,4,,,,,,2020-03-07T08:00:00
AT,Burgenland,4,,,,,,2020-03-07T08:00:00
AT,Salzburg,5,,,,,,2020-03-07T08:00:00
AT,Steiermark,6,,,,,,2020-03-07T08:00:00
AT,Tirol,7,,,,,,2020-03-07T08:00:00
AT,Wien,23,,,,,,2020-03-07T08:00:00
AT,Niederösterreich,23,,,,,,2020-03-07T08:00:00
AT,Vorarlberg,1,,,,,,2020-03-07T15:00:00
AT,Kärnten,1,,,,,,2020-03-07T15:00:00
AT,Oberösterreich,4,,,,,,2020-03-07T15:00:00
AT,Burgenland,4,,,,,,2020-03-07T15:00:00
AT,Salzburg,5,,,,,,2020-03-07T15:00:00
AT,Steiermark,6,,,,,,2020-03-07T15:00:00
AT,Tirol,7,,,,,,2020-03-07T15:00:00
AT,Niederösterreich,23,,,,,,2020-03-07T15:00:00
AT,Wien,28,,,,,,2020-03-07T15:00:00
AT,Vorarlberg,1,,,,,,2020-03-08T08:00:00
AT,Kärnten,1,,,,,,2020-03-08T08:00:00
AT,Burgenland,4,,,,,,2020-03-08T08:00:00
AT,Salzburg,7,,,,,,2020-03-08T08:00:00
AT,Oberösterreich,7,,,,,,2020-03-08T08:00:00
AT,Tirol,8,,,,,,2020-03-08T08:00:00
AT,Steiermark,8,,,,,,2020-03-08T08:00:00
AT,Wien,32,,,,,,2020-03-08T08:00:00
AT,Niederösterreich,36,,,,,,2020-03-08T08:00:00
AT,Vorarlberg,1,,,,,,2020-03-08T11:45:00
AT,Kärnten,1,,,,,,2020-03-08T11:45:00
AT,Burgenland,4,,,,,,2020-03-08T11:45:00
AT,Salzburg,7,,,,,,2020-03-08T11:45:00
AT,Oberösterreich,7,,,,,,2020-03-08T11:45:00
AT,Tirol,8,,,,,,2020-03-08T11:45:00
AT,Steiermark,8,,,,,,2020-03-08T11:45:00
AT,Niederösterreich,31,,,,,,2020-03-08T11:45:00
AT,Wien,32,,,,,,2020-03-08T11:45:00
AT,Vorarlberg,1,,,,,,2020-03-08T15:00:00
AT,Kärnten,1,,,,,,2020-03-08T15:00:00
AT,Burgenland,4,,,,,,2020-03-08T15:00:00
AT,Oberösterreich,7,,,,,,2020-03-08T15:00:00
AT,Tirol,8,,,,,,2020-03-08T15:00:00
AT,Salzburg,8,,,,,,2020-03-08T15:00:00
AT,Steiermark,10,,,,,,2020-03-08T15:00:00
AT,Niederösterreich,31,,,,,,2020-03-08T15:00:00
AT,Wien,32,,,,,,2020-03-08T15:00:00
AT,Kärnten,1,,,,,,2020-03-09T08:00:00
AT,Vorarlberg,2,,,,,,2020-03-09T08:00:00
AT,Burgenland,4,,,,,,2020-03-09T08:00:00
AT,Salzburg,8,,,,,,2020-03-09T08:00:00
AT,Tirol,9,,,,,,2020-03-09T08:00:00
AT,Oberösterreich,9,,,,,,2020-03-09T08:00:00
AT,Steiermark,10,,,,,,2020-03-09T08:00:00
AT,Wien,33,,,,,,2020-03-09T08:00:00
AT,Niederösterreich,36,,,,,,2020-03-09T08:00:00
AT,Kärnten,1,,,,,,2020-03-09T15:00:00
AT,Vorarlberg,3,,,,,,2020-03-09T15:00:00
AT,Burgenland,4,,,,,,2020-03-09T15:00:00
AT,Salzburg,9,,,,,,2020-03-09T15:00:00
AT,Oberösterreich,11,,,,,,2020-03-09T15:00:00
AT,Steiermark,16,,,,,,2020-03-09T15:00:00
AT,Tirol,16,,,,,,2020-03-09T15:00:00
AT,Wien,35,,,,,,2020-03-09T15:00:00
AT,Niederösterreich,36,,,,,,2020-03-09T15:00:00
AT,Kärnten,1,,,,,,2020-03-10T08:00:00
AT,Vorarlberg,3,,,,,,2020-03-10T08:00:00
AT,Burgenland,4,,,,,,2020-03-10T08:00:00
AT,Salzburg,10,,,,,,2020-03-10T08:00:00
AT,Oberösterreich,13,,,,,,2020-03-10T08:00:00
AT,Steiermark,17,,,,,,2020-03-10T08:00:00
AT,Tirol,27,,,,,,2020-03-10T08:00:00
AT,Niederösterreich,39,,,,,,2020-03-10T08:00:00
AT,Wien,43,,,,,,2020-03-10T08:00:00
AT,Kärnten,1,,,,,,2020-03-10T15:00:00
AT,Burgenland,4,,,,,,2020-03-10T15:00:00
AT,Vorarlberg,11,,,,,,2020-03-10T15:00:00
AT,Salzburg,12,,,,,,2020-03-10T15:00:00
AT,Steiermark,17,,,,,,2020-03-10T15:00:00
AT,Oberösterreich,22,,,,,,2020-03-10T15:00:00
AT,Tirol,32,,,,,,2020-03-10T15:00:00
AT,Niederösterreich,40,,,,,,2020-03-10T15:00:00
AT,Wien,43,,,,,,2020-03-10T15:00:00
AT,Kärnten,1,,,,,,2020-03-11T08:00:00
AT,Burgenland,4,,,,,,2020-03-11T08:00:00
AT,Salzburg,11,,,,,,2020-03-11T08:00:00
AT,Vorarlberg,12,,,,,,2020-03-11T08:00:00
AT,Steiermark,18,,,,,,2020-03-11T08:00:00
AT,Oberösterreich,28,,,,,,2020-03-11T08:00:00
AT,Tirol,37,,,,,,2020-03-11T08:00:00
AT,Niederösterreich,45,,,,,,2020-03-11T08:00:00
AT,Wien,50,,,,,,2020-03-11T08:00:00
AT,Kärnten,3,,,,,,2020-03-11T15:00:00
AT,Burgenland,4,,,,,,2020-03-11T15:00:00
AT,Vorarlberg,13,,,,,,2020-03-11T15:00:00
AT,Salzburg,14,,,,,,2020-03-11T15:00:00
AT,Steiermark,25,,,,,,2020-03-11T15:00:00
AT,Oberösterreich,35,,,,,,2020-03-11T15:00:00
AT,Niederösterreich,45,,,,,,2020-03-11T15:00:00
AT,Wien,50,,,,,,2020-03-11T15:00:00
AT,Tirol,57,,,,,,2020-03-11T15:00:00
AT,Kärnten,3,,,,,,2020-03-12T08:00:00
AT,Burgenland,4,,,,,,2020-03-12T08:00:00
AT,Salzburg,13,,,,,,2020-03-12T08:00:00
AT,Vorarlberg,15,,,,,,2020-03-12T08:00:00
AT,Steiermark,27,,,,,,2020-03-12T08:00:00
AT,Oberösterreich,50,,,,,,2020-03-12T08:00:00
AT,Niederösterreich,51,,,,,,2020-03-12T08:00:00
AT,Wien,58,,,,,,2020-03-12T08:00:00
AT,Tirol,81,,,,,,2020-03-12T08:00:00
AT,Kärnten,3,,,,,,2020-03-12T15:00:00
AT,Burgenland,6,,,,,,2020-03-12T15:00:00
AT,Vorarlberg,16,,,,,,2020-03-12T15:00:00
AT,Salzburg,19,,,,,,2020-03-12T15:00:00
AT,Steiermark,33,,,,,,2020-03-12T15:00:00
AT,Niederösterreich,51,,,,,,2020-03-12T15:00:00
AT,Oberösterreich,58,,,,,,2020-03-12T15:00:00
AT,Wien,66,,,,,,2020-03-12T15:00:00
AT,Tirol,109,,,,,,2020-03-12T15:00:00
AT,Kärnten,4,0,0,,,,2020-03-13T08:00:00
AT,Burgenland,6,0,0,,,,2020-03-13T08:00:00
AT,Vorarlberg,17,0,0,,,,2020-03-13T08:00:00
AT,Salzburg,20,0,0,,,,2020-03-13T08:00:00
AT,Steiermark,38,0,0,,,,2020-03-13T08:00:00
AT,Niederösterreich,63,1,0,,,,2020-03-13T08:00:00
AT,Oberösterreich,68,0,0,,,,2020-03-13T08:00:00
AT,Wien,74,3,1,,,,2020-03-13T08:00:00
AT,Tirol,132,2,0,,,,2020-03-13T08:00:00
AT,Kärnten,4,0,0,,,,2020-03-13T15:00:00
AT,Burgenland,7,0,0,,,,2020-03-13T15:00:00
AT,Vorarlberg,22,0,0,,,,2020-03-13T15:00:00
AT,Steiermark,52,0,0,,,,2020-03-13T15:00:00
AT,Niederösterreich,63,1,0,,,,2020-03-13T15:00:00
AT,Wien,82,3,1,,,,2020-03-13T15:00:00
AT,Oberösterreich,84,0,0,,,,2020-03-13T15:00:00
AT,Tirol,167,2,0,,,,2020-03-13T15:00:00
AT,Kärnten,4,0,0,,,,2020-03-14T08:00:00
AT,Burgenland,9,0,0,,,,2020-03-14T08:00:00
AT,Vorarlberg,26,0,0,,,,2020-03-14T08:00:00
AT,Salzburg,28,0,0,,,,2020-03-14T08:00:00
AT,Steiermark,61,0,0,,,,2020-03-14T08:00:00
AT,Niederösterreich,82,1,0,,,,2020-03-14T08:00:00
AT,Wien,85,3,1,,,,2020-03-14T08:00:00
AT,Oberösterreich,101,0,0,,,,2020-03-14T08:00:00
AT,Tirol,206,2,0,,,,2020-03-14T08:00:00
AT,Kärnten,5,0,0,,,,2020-03-14T15:00:00
AT,Burgenland,10,0,0,,,,2020-03-14T15:00:00
AT,Salzburg,30,0,0,,,,2020-03-14T15:00:00
AT,Vorarlberg,34,0,0,,,,2020-03-14T15:00:00
AT,Steiermark,71,0,0,,,,2020-03-14T15:00:00
AT,Niederösterreich,82,1,0,,,,2020-03-14T15:00:00
AT,Wien,101,3,1,,,,2020-03-14T15:00:00
AT,Oberösterreich,116,0,0,,,,2020-03-14T15:00:00
AT,Tirol,206,2,0,,,,2020-03-14T15:00:00
AT,Kärnten,6,0,0,,,,2020-03-15T08:00:00
AT,Burgenland,10,0,0,,,,2020-03-15T08:00:00
AT,Salzburg,39,0,0,,,,2020-03-15T08:00:00
AT,Vorarlberg,39,0,0,,,,2020-03-15T08:00:00
AT,Steiermark,83,0,0,,,,2020-03-15T08:00:00
AT,Wien,108,3,1,,,,2020-03-15T08:00:00
AT,Niederösterreich,112,1,0,,,,2020-03-15T08:00:00
AT,Oberösterreich,158,0,0,,,,2020-03-15T08:00:00
AT,Tirol,245,2,0,,,,2020-03-15T08:00:00
AT,Kärnten,6,0,0,,,,2020-03-15T15:00:00
AT,Burgenland,10,0,0,,,,2020-03-15T15:00:00
AT,Salzburg,39,0,0,,,,2020-03-15T15:00:00
AT,Vorarlberg,48,0,0,,,,2020-03-15T15:00:00
AT,Niederösterreich,111,1,0,,,,2020-03-15T15:00:00
AT,Steiermark,111,0,0,,,,2020-03-15T15:00:00
AT,Wien,122,3,1,,,,2020-03-15T15:00:00
AT,Oberösterreich,159,0,0,,,,2020-03-15T15:00:00
AT,Tirol,254,2,0,,,,2020-03-15T15:00:00
AT,Kärnten,7,0,0,,,,2020-03-16T08:00:00
AT,Burgenland,10,0,0,,,,2020-03-16T08:00:00
AT,Salzburg,54,0,0,,,,2020-03-16T08:00:00
AT,Vorarlberg,55,0,0,,,,2020-03-16T08:00:00
AT,Steiermark,111,0,0,,,,2020-03-16T08:00:00
AT,Wien,122,3,1,,,,2020-03-16T08:00:00
AT,Niederösterreich,150,1,0,,,,2020-03-16T08:00:00
AT,Oberösterreich,196,0,0,,,,2020-03-16T08:00:00
AT,Tirol,254,2,0,,,,2020-03-16T08:00:00
AT,Burgenland,10,0,0,,,,2020-03-16T15:00:00
AT,Kärnten,18,0,0,,,,2020-03-16T15:00:00
AT,Vorarlberg,55,0,0,,,,2020-03-16T15:00:00
AT,Salzburg,58,0,0,,,,2020-03-16T15:00:00
AT,Wien,128,3,0,,,,2020-03-16T15:00:00
AT,Steiermark,139,0,0,,,,2020-03-16T15:00:00
AT,Niederösterreich,152,1,0,,,,2020-03-16T15:00:00
AT,Oberösterreich,202,0,0,,,,2020-03-16T15:00:00
AT,Tirol,254,2,0,,,,2020-03-16T15:00:00
AT,Burgenland,11,0,0,,,,2020-03-17T08:00:00
AT,Kärnten,18,0,0,,,,2020-03-17T08:00:00
AT,Salzburg,66,0,0,,,,2020-03-17T08:00:00
AT,Vorarlberg,91,0,0,,,,2020-03-17T08:00:00
AT,Wien,130,5,0,,,,2020-03-17T08:00:00
AT,Steiermark,145,0,0,,,,2020-03-17T08:00:00
AT,Niederösterreich,165,1,0,,,,2020-03-17T08:00:00
AT,Oberösterreich,231,0,0,,,,2020-03-17T08:00:00
AT,Tirol,275,2,0,,,,2020-03-17T08:00:00
AT,Burgenland,11,0,0,,,,2020-03-17T15:00:00
AT,Kärnten,27,0,0,,,,2020-03-17T15:00:00
AT,Salzburg,66,0,0,,,,2020-03-17T15:00:00
AT,Vorarlberg,99,0,0,,,,2020-03-17T15:00:00
AT,Wien,166,5,0,,,,2020-03-17T15:00:00
AT,Steiermark,171,0,0,,,,2020-03-17T15:00:00
AT,Niederösterreich,216,2,0,,,,2020-03-17T15:00:00
AT,Oberösterreich,248,0,0,,,,2020-03-17T15:00:00
AT,Tirol,328,2,0,,,,2020-03-17T15:00:00
AT,Burgenland,13,0,0,,,,2020-03-18T08:00:00
AT,Kärnten,29,0,0,,,,2020-03-18T08:00:00
AT,Salzburg,80,0,0,,,,2020-03-18T08:00:00
AT,Vorarlberg,107,0,0,,,,2020-03-18T08:00:00
AT,Wien,180,5,0,,,,2020-03-18T08:00:00
AT,Steiermark,188,0,0,,,,2020-03-18T08:00:00
AT,Niederösterreich,237,2,0,,,,2020-03-18T08:00:00
AT,Oberösterreich,285,0,0,,,,2020-03-18T08:00:00
AT,Tirol,352,2,0,,,,2020-03-18T08:00:00
AT,Burgenland,20,0,0,,,,2020-03-18T15:00:00
AT,Kärnten,41,0,0,,,,2020-03-18T15:00:00
AT,Salzburg,89,0,0,,,,2020-03-18T15:00:00
AT,Vorarlberg,124,0,0,,,,2020-03-18T15:00:00
AT,Wien,209,5,0,,,,2020-03-18T15:00:00
AT,Steiermark,220,0,0,,,,2020-03-18T15:00:00
AT,Niederösterreich,256,2,0,,,,2020-03-18T15:00:00
AT,Oberösterreich,305,0,0,,,,2020-03-18T15:00:00
AT,Tirol,382,2,0,,,,2020-03-18T15:00:00
AT,Burgenland,21,0,0,,,,2020-03-19T08:00:00
AT,Kärnten,45,0,0,,,,2020-03-19T08:00:00
AT,Salzburg,110,0,0,,,,2020-03-19T08:00:00
AT,Vorarlberg,138,0,0,,,,2020-03-19T08:00:00
AT,Wien,231,5,0,,,,2020-03-19T08:00:00
AT,Steiermark,233,0,0,,,,2020-03-19T08:00:00
AT,Niederösterreich,283,2,0,,,,2020-03-19T08:00:00
AT,Oberösterreich,345,0,0,,,,2020-03-19T08:00:00
AT,Tirol,437,2,0,,,,2020-03-19T08:00:00
AT,Burgenland,29,0,0,,,,2020-03-19T14:30:00
AT,Kärnten,50,0,0,,,,2020-03-19T14:30:00
AT,Salzburg,127,0,0,,,,2020-03-19T14:30:00
AT,Vorarlberg,151,0,0,,,,2020-03-19T14:30:00
AT,Wien,234,5,0,,,,2020-03-19T14:30:00
AT,Steiermark,282,0,0,,,,2020-03-19T14:30:00
AT,Niederösterreich,305,2,0,,,,2020-03-19T14:30:00
AT,Oberösterreich,371,0,0,,,,2020-03-19T14:30:00
AT,Tirol,464,2,0,,,,2020-03-19T14:30:00
AT,Burgenland,32,0,0,,,,2020-03-20T08:00:00
AT,Kärnten,63,0,0,,,,2020-03-20T08:00:00
AT,Salzburg,147,0,0,,,,2020-03-20T08:00:00
AT,Vorarlberg,179,0,0,,,,2020-03-20T08:00:00
AT,Wien,277,5,0,,,,2020-03-20T08:00:00
AT,Steiermark,299,0,0,,,,2020-03-20T08:00:00
AT,Niederösterreich,317,2,0,,,,2020-03-20T08:00:00
AT,Oberösterreich,399,0,0,,,,2020-03-20T08:00:00
AT,Tirol,490,2,0,,,,2020-03-20T08:00:00
AT,Burgenland,33,0,0,,,,2020-03-20T14:30:00
AT,Kärnten,71,0,0,,,,2020-03-20T14:30:00
AT,Salzburg,167,0,0,,,,2020-03-20T14:30:00
AT,Vorarlberg,197,0,0,,,,2020-03-20T14:30:00
AT,Wien,296,5,0,,,,2020-03-20T14:30:00
AT,Steiermark,340,0,0,,,,2020-03-20T14:30:00
AT,Niederösterreich,355,2,0,,,,2020-03-20T14:30:00
AT,Oberösterreich,421,0,0,,,,2020-03-20T14:30:00
AT,Tirol,508,2,0,,,,2020-03-20T14:30:00
AT,Burgenland,33,0,0,,,,2020-03-20T15:00:00
AT,Kärnten,71,0,0,,,,2020-03-20T15:00:00
AT,Salzburg,167,0,0,,,,2020-03-20T15:00:00
AT,Vorarlberg,197,0,0,,,,2020-03-20T15:00:00
AT,Wien,296,5,0,,,,2020-03-20T15:00:00
AT,Steiermark,340,0,0,,,,2020-03-20T15:00:00
AT,Niederösterreich,355,2,0,,,,2020-03-20T15:00:00
AT,Oberösterreich,421,0,0,,,,2020-03-20T15:00:00
AT,Tirol,508,2,0,,,,2020-03-20T15:00:00
AT,Burgenland,35,0,0,,,,2020-03-21T08:00:00
AT,Kärnten,74,0,0,,,,2020-03-21T08:00:00
AT,Salzburg,175,0,0,,,,2020-03-21T08:00:00
AT,Vorarlberg,215,0,0,,,,2020-03-21T08:00:00
AT,Steiermark,350,0,0,,,,2020-03-21T08:00:00
AT,Wien,350,5,0,,,,2020-03-21T08:00:00
AT,Niederösterreich,390,2,0,,,,2020-03-21T08:00:00
AT,Oberösterreich,507,0,0,,,,2020-03-21T08:00:00
AT,Tirol,568,2,0,,,,2020-03-21T08:00:00
AT,Burgenland,54,0,0,,,,2020-03-21T15:00:00
AT,Kärnten,83,0,0,,,,2020-03-21T15:00:00
AT,Salzburg,185,0,0,,,,2020-03-21T15:00:00
AT,Vorarlberg,228,0,0,,,,2020-03-21T15:00:00
AT,Wien,359,5,0,,,,2020-03-21T15:00:00
AT,Steiermark,388,0,0,,,,2020-03-21T15:00:00
AT,Niederösterreich,394,2,0,,,,2020-03-21T15:00:00
AT,Oberösterreich,548,0,0,,,,2020-03-21T15:00:00
AT,Tirol,575,2,0,,,,2020-03-21T15:00:00
AT,Burgenland,54,0,0,,,,2020-03-22T08:00:00
AT,Kärnten,98,0,0,,,,2020-03-22T08:00:00
AT,Salzburg,209,0,0,,,,2020-03-22T08:00:00
AT,Vorarlberg,249,0,0,,,,2020-03-22T08:00:00
AT,Wien,369,5,0,,,,2020-03-22T08:00:00
AT,Steiermark,393,0,0,,,,2020-03-22T08:00:00
AT,Niederösterreich,422,2,0,,,,2020-03-22T08:00:00
AT,Oberösterreich,606,0,0,,,,2020-03-22T08:00:00
AT,Tirol,626,2,0,,,,2020-03-22T08:00:00
AT,Burgenland,63,0,0,,,,2020-03-22T15:00:00
AT,Kärnten,105,0,0,,,,2020-03-22T15:00:00
AT,Vorarlberg,263,0,0,,,,2020-03-22T15:00:00
AT,Salzburg,269,0,0,,,,2020-03-22T15:00:00
AT,Wien,403,5,0,,,,2020-03-22T15:00:00
AT,Steiermark,423,0,0,,,,2020-03-22T15:00:00
AT,Niederösterreich,446,2,0,,,,2020-03-22T15:00:00
AT,Oberösterreich,628,0,0,,,,2020-03-22T15:00:00
AT,Tirol,644,2,0,,,,2020-03-22T15:00:00
AT,Burgenland,64,0,0,,,,2020-03-23T08:00:00
AT,Kärnten,113,0,0,,,,2020-03-23T08:00:00
AT,Vorarlberg,294,0,0,,,,2020-03-23T08:00:00
AT,Salzburg,358,0,0,,,,2020-03-23T08:00:00
AT,Steiermark,447,0,0,,,,2020-03-23T08:00:00
AT,Wien,451,5,0,,,,2020-03-23T08:00:00
AT,Niederösterreich,512,2,0,,,,2020-03-23T08:00:00
AT,Tirol,676,2,0,,,,2020-03-23T08:00:00
AT,Oberösterreich,696,0,0,,,,2020-03-23T08:00:00
AT,Burgenland,71,0,0,,,,2020-03-23T15:00:00
AT,Kärnten,122,0,0,,,,2020-03-23T15:00:00
AT,Vorarlberg,323,0,0,,,,2020-03-23T15:00:00
AT,Salzburg,372,0,0,,,,2020-03-23T15:00:00
AT,Wien,476,0,0,,,,2020-03-23T15:00:00
AT,Steiermark,486,0,0,,,,2020-03-23T15:00:00
AT,Niederösterreich,564,0,0,,,,2020-03-23T15:00:00
AT,Oberösterreich,707,0,0,,,,2020-03-23T15:00:00
AT,Tirol,803,0,0,,,,2020-03-23T15:00:00
AT,Burgenland,85,0,0,,,,2020-03-24T08:00:00
AT,Kärnten,135,0,0,,,,2020-03-24T08:00:00
AT,Vorarlberg,354,0,0,,,,2020-03-24T08:00:00
AT,Salzburg,405,0,0,,,,2020-03-24T08:00:00
AT,Steiermark,504,0,0,,,,2020-03-24T08:00:00
AT,Wien,562,0,0,,,,2020-03-24T08:00:00
AT,Niederösterreich,610,0,0,,,,2020-03-24T08:00:00
AT,Oberösterreich,764,0,0,,,,2020-03-24T08:00:00
AT,Burgenland,84,0,0,,,,2020-03-24T15:00:00
AT,Kärnten,141,0,0,,,,2020-03-24T15:00:00
AT,Vorarlberg,379,0,0,,,,2020-03-24T15:00:00
AT,Salzburg,429,0,0,,,,2020-03-24T15:00:00
AT,Steiermark,558,0,0,,,,2020-03-24T15:00:00
AT,Wien,617,0,0,,,,2020-03-24T15:00:00
AT,Niederösterreich,620,0,0,,,,2020-03-24T15:00:00
AT,Oberösterreich,795,0,0,,,,2020-03-24T15:00:00
AT,Burgenland,88,0,0,,,,2020-03-25T08:00:00
AT,Kärnten,145,0,0,,,,2020-03-25T08:00:00
AT,Vorarlberg,404,0,0,,,,2020-03-25T08:00:00
AT,Salzburg,493,0,0,,,,2020-03-25T08:00:00
AT,Steiermark,585,0,0,,,,2020-03-25T08:00:00
AT,Wien,678,0,0,,,,2020-03-25T08:00:00
AT,Niederösterreich,691,0,0,,,,2020-03-25T08:00:00
AT,Oberösterreich,860,0,0,,,,2020-03-25T08:00:00
AT,Burgenland,89,0,0,,,,2020-03-25T15:00:00
AT,Kärnten,161,0,0,,,,2020-03-25T15:00:00
AT,Vorarlberg,407,0,0,,,,2020-03-25T15:00:00
AT,Salzburg,516,0,0,,,,2020-03-25T15:00:00
AT,Steiermark,627,0,0,,,,2020-03-25T15:00:00
AT,Wien,702,0,0,,,,2020-03-25T15:00:00
AT,Niederösterreich,750,0,0,,,,2020-03-25T15:00:00
AT,Oberösterreich,915,0,0,,,,2020-03-25T15:00:00
AT,Burgenland,89,0,0,,,,2020-03-26T08:00:00
AT,Kärnten,168,0,0,,,,2020-03-26T08:00:00
AT,Vorarlberg,422,0,0,,,,2020-03-26T08:00:00
AT,Salzburg,558,0,0,,,,2020-03-26T08:00:00
AT,Steiermark,633,0,0,,,,2020-03-26T08:00:00
AT,Wien,735,0,0,,,,2020-03-26T08:00:00
AT,Niederösterreich,799,0,0,,,,2020-03-26T08:00:00
AT,Burgenland,89,0,0,,,,2020-03-26T09:00:00
AT,Kärnten,168,0,0,,,,2020-03-26T09:00:00
AT,Vorarlberg,422,0,0,,,,2020-03-26T09:00:00
AT,Salzburg,558,0,0,,,,2020-03-26T09:00:00
AT,Steiermark,626,0,0,,,,2020-03-26T09:00:00
AT,Wien,734,0,0,,,,2020-03-26T09:00:00
AT,Niederösterreich,789,0,0,,,,2020-03-26T09:00:00
AT,Burgenland,115,0,0,,,,2020-03-26T15:00:00
AT,Kärnten,183,0,0,,,,2020-03-26T15:00:00
AT,Vorarlberg,435,0,0,,,,2020-03-26T15:00:00
AT,Salzburg,591,0,0,,,,2020-03-26T15:00:00
AT,Steiermark,699,0,0,,,,2020-03-26T15:00:00
AT,Wien,825,0,0,,,,2020-03-26T15:00:00
AT,Niederösterreich,873,0,0,,,,2020-03-26T15:00:00
AT,Burgenland,129,,,,5,2,2020-03-27T08:00:00
AT,Kärnten,192,,,,24,7,2020-03-27T08:00:00
AT,Vorarlberg,478,,,,29,10,2020-03-27T08:00:00
AT,Salzburg,679,,,,40,5,2020-03-27T08:00:00
AT,Steiermark,753,,,,164,19,2020-03-27T08:00:00
AT,Wien,960,,,,118,12,2020-03-27T08:00:00
AT,Niederösterreich,1130,,,,137,21,2020-03-27T08:00:00
AT,Oberösterreich,1199,,,,63,8,2020-03-27T08:00:00
AT,Tirol,1749,,,,122,26,2020-03-27T08:00:00
AT,,7269,,,,702,110,2020-03-27T08:00:00
AT,Burgenland,140,,,,11,4,2020-03-27T09:30:00
AT,Kärnten,204,,,,22,8,2020-03-27T09:30:00
AT,Vorarlberg,535,,,,36,10,2020-03-27T09:30:00
AT,Salzburg,728,,,,48,10,2020-03-27T09:30:00
AT,Steiermark,812,,,,179,16,2020-03-27T09:30:00
AT,Wien,1029,,,,129,14,2020-03-27T09:30:00
AT,Niederösterreich,1163,,,,127,18,2020-03-27T09:30:00
AT,Oberösterreich,1285,,,,82,10,2020-03-27T09:30:00
AT,Tirol,1801,,,,166,38,2020-03-27T09:30:00
AT,,7697,,,,800,128,2020-03-27T09:30:00
AT,Burgenland,153,,,,9,4,2020-03-28T08:00:00
AT,Kärnten,224,,,,22,8,2020-03-28T08:00:00
AT,Vorarlberg,577,,,,36,10,2020-03-28T08:00:00
AT,Salzburg,794,,,,48,10,2020-03-28T08:00:00
AT,Steiermark,873,,,,125,23,2020-03-28T08:00:00
AT,Wien,1090,,,,129,14,2020-03-28T08:00:00
AT,Niederösterreich,1299,,,,127,18,2020-03-28T08:00:00
AT,Oberösterreich,1402,,,,82,10,2020-03-28T08:00:00
AT,Tirol,1934,,,,166,38,2020-03-28T08:00:00
AT,,8346,,,,744,135,2020-03-28T08:00:00
AT,Burgenland,177,,,,10,4,2020-03-29T09:30:00
AT,Kärnten,260,,,,22,9,2020-03-29T09:30:00
AT,Vorarlberg,610,,,,45,13,2020-03-29T09:30:00
AT,Salzburg,850,,,,53,12,2020-03-29T09:30:00
AT,Steiermark,929,,,,142,24,2020-03-29T09:30:00
AT,Wien,1151,,,,176,35,2020-03-29T09:30:00
AT,Niederösterreich,1452,,,,160,26,2020-03-29T09:30:00
AT,Oberösterreich,1527,,,,138,22,2020-03-29T09:30:00
AT,Tirol,2147,,,,185,42,2020-03-29T09:30:00
AT,,9103,,,,931,187,2020-03-29T09:30:00
AT,Burgenland,181,,,,10,4,2020-03-30T09:30:00
AT,Kärnten,269,,,,26,10,2020-03-30T09:30:00
AT,Vorarlberg,632,,,,49,13,2020-03-30T09:30:00
AT,Salzburg,910,,,,58,13,2020-03-30T09:30:00
AT,Steiermark,1022,,,,147,19,2020-03-30T09:30:00
AT,Wien,1340,,,,188,35,2020-03-30T09:30:00
AT,Oberösterreich,1573,,,,156,23,2020-03-30T09:30:00
AT,Niederösterreich,1584,,,,167,26,2020-03-30T09:30:00
AT,Tirol,2261,,,,198,50,2020-03-30T09:30:00
AT,,9772,,,,999,193,2020-03-30T09:30:00
AT,Burgenland,187,,,,10,3,2020-03-31T09:30:00
AT,Kärnten,288,,,,32,12,2020-03-31T09:30:00
AT,Vorarlberg,666,,,,62,12,2020-03-31T09:30:00
AT,Salzburg,949,,,,63,9,2020-03-31T09:30:00
AT,Steiermark,1085,,,,149,24,2020-03-31T09:30:00
AT,Wien,1458,,,,191,22,2020-03-31T09:30:00
AT,Oberösterreich,1656,,,,167,27,2020-03-31T09:30:00
AT,Niederösterreich,1676,,,,223,32,2020-03-31T09:30:00
AT,Tirol,2401,,,,213,57,2020-03-31T09:30:00
AT,,10366,,,,1,198,2020-03-31T09:30:00
AT,Burgenland,199,,,,10,3,2020-04-01T10:00:00
AT,Kärnten,297,,,,29,11,2020-04-01T10:00:00
AT,Vorarlberg,680,,,,51,12,2020-04-01T10:00:00
AT,Salzburg,993,,,,66,10,2020-04-01T10:00:00
AT,Steiermark,1135,,,,165,27,2020-04-01T10:00:00
AT,Wien,1553,,,,195,30,2020-04-01T10:00:00
AT,Niederösterreich,1726,,,,200,36,2020-04-01T10:00:00
AT,Oberösterreich,1748,,,,142,29,2020-04-01T10:00:00
AT,Tirol,2511,,,,213,57,2020-04-01T10:00:00
AT,,10842,,,,1,215,2020-04-01T10:00:00
AT,Burgenland,204,,,,13,3,2020-04-02T09:30:00
AT,Kärnten,300,,,,28,11,2020-04-02T09:30:00
AT,Vorarlberg,697,,,,51,12,2020-04-02T09:30:00
AT,Salzburg,1033,,,,65,13,2020-04-02T09:30:00
AT,Steiermark,1169,,,,149,28,2020-04-02T09:30:00
AT,Wien,1621,,,,195,30,2020-04-02T09:30:00
AT,Niederösterreich,1790,,,,203,43,2020-04-02T09:30:00
AT,Oberösterreich,1810,,,,138,31,2020-04-02T09:30:00
AT,Tirol,2575,,,,215,56,2020-04-02T09:30:00
AT,,11199,,,,1,227,2020-04-02T09:30:00
AT,Burgenland,217,,,,12,4,2020-04-03T09:30:00
AT,Kärnten,307,,,,28,11,2020-04-03T09:30:00
AT,Vorarlberg,718,,,,51,12,2020-04-03T09:30:00
AT,Salzburg,1058,,,,73,14,2020-04-03T09:30:00
AT,Steiermark,1234,,,,164,30,2020-04-03T09:30:00
AT,Wien,1679,,,,199,43,2020-04-03T09:30:00
AT,Niederösterreich,1862,,,,203,43,2020-04-03T09:30:00
AT,Oberösterreich,1869,,,,135,33,2020-04-03T09:30:00
AT,Tirol,2645,,,,209,55,2020-04-03T09:30:00
AT,,11589,,,,1,245,2020-04-03T09:30:00
AT,Burgenland,224,,,,10,3,2020-04-04T09:30:00
AT,Kärnten,310,,,,32,11,2020-04-04T09:30:00
AT,Vorarlberg,722,,,,47,12,2020-04-04T09:30:00
AT,Salzburg,1068,,,,79,15,2020-04-04T09:30:00
AT,Steiermark,1285,,,,160,34,2020-04-04T09:30:00
AT,Wien,1689,,,,192,44,2020-04-04T09:30:00
AT,Niederösterreich,1863,,,,206,39,2020-04-04T09:30:00
AT,Oberösterreich,1916,,,,135,33,2020-04-04T09:30:00
AT,Tirol,2693,,,,210,54,2020-04-04T09:30:00
AT,,11770,,,,1,245,2020-04-04T09:30:00
AT,Burgenland,228,,,,12,6,2020-04-05T09:30:00
AT,Kärnten,330,,,,35,13,2020-04-05T09:30:00
AT,Vorarlberg,746,,,,45,12,2020-04-05T09:30:00
AT,Salzburg,1077,,,,90,14,2020-04-05T09:30:00
AT,Steiermark,1312,,,,138,28,2020-04-05T09:30:00
AT,Wien,1712,,,,192,42,2020-04-05T09:30:00
AT,Niederösterreich,1942,,,,212,43,2020-04-05T09:30:00
AT,Oberösterreich,1955,,,,136,32,2020-04-05T09:30:00
AT,Tirol,2756,,,,196,54,2020-04-05T09:30:00
AT,,12058,,,,1,244,2020-04-05T09:30:00
AT,Burgenland,234,,,,11,6,2020-04-06T09:30:00
AT,Kärnten,333,,,,34,12,2020-04-06T09:30:00
AT,Vorarlberg,764,,,,43,11,2020-04-06T09:30:00
AT,Salzburg,1085,,,,90,18,2020-04-06T09:30:00
AT,Steiermark,1354,,,,155,30,2020-04-06T09:30:00
AT,Wien,1777,,,,199,42,2020-04-06T09:30:00
AT,Oberösterreich,1978,,,,135,29,2020-04-06T09:30:00
AT,Niederösterreich,2061,,,,207,43,2020-04-06T09:30:00
AT,Tirol,2804,,,,200,59,2020-04-06T09:30:00
AT,,12390,,,,1,250,2020-04-06T09:30:00
AT,Burgenland,242,,,,13,4,2020-04-07T09:30:00
AT,Kärnten,341,,,,35,12,2020-04-07T09:30:00
AT,Vorarlberg,791,,,,43,11,2020-04-07T09:30:00
AT,Salzburg,1119,,,,95,16,2020-04-07T09:30:00
AT,Steiermark,1399,,,,166,29,2020-04-07T09:30:00
AT,Wien,1827,,,,191,33,2020-04-07T09:30:00
AT,Oberösterreich,2021,,,,125,31,2020-04-07T09:30:00
AT,Niederösterreich,2111,,,,217,48,2020-04-07T09:30:00
AT,Tirol,2870,,,,215,59,2020-04-07T09:30:00
AT,,12721,,,,1,243,2020-04-07T09:30:00
AT,Burgenland,243,,,,12,2,2020-04-08T10:00:00
AT,Kärnten,361,,,,33,12,2020-04-08T10:00:00
AT,Vorarlberg,797,,,,40,11,2020-04-08T10:00:00
AT,Salzburg,1129,,,,90,21,2020-04-08T10:00:00
AT,Steiermark,1435,,,,176,33,2020-04-08T10:00:00
AT,Wien,1882,,,,188,35,2020-04-08T10:00:00
AT,Oberösterreich,2055,,,,152,33,2020-04-08T10:00:00
AT,Niederösterreich,2157,,,,208,55,2020-04-08T10:00:00
AT,Tirol,2946,,,,197,65,2020-04-08T10:00:00
AT,,13005,,,,1,267,2020-04-08T10:00:00
AT,Burgenland,248,,,,15,4,2020-04-09T10:30:00
AT,Kärnten,366,,,,32,13,2020-04-09T10:30:00
AT,Vorarlberg,805,,,,40,11,2020-04-09T10:30:00
AT,Salzburg,1146,,,,94,19,2020-04-09T10:30:00
AT,Steiermark,1470,,,,172,31,2020-04-09T10:30:00
AT,Wien,1924,,,,191,40,2020-04-09T10:30:00
AT,Oberösterreich,2089,,,,146,29,2020-04-09T10:30:00
AT,Niederösterreich,2203,,,,208,54,2020-04-09T10:30:00
AT,Tirol,3086,,,,188,65,2020-04-09T10:30:00
AT,,13337,,,,1,266,2020-04-09T10:30:00
AT,Burgenland,259,,,,12,4,2020-04-10T10:00:00
AT,Kärnten,376,,,,30,12,2020-04-10T10:00:00
AT,Vorarlberg,820,,,,38,11,2020-04-10T10:00:00
AT,Salzburg,1154,,,,93,19,2020-04-10T10:00:00
AT,Steiermark,1499,,,,163,32,2020-04-10T10:00:00
AT,Wien,1975,,,,188,41,2020-04-10T10:00:00
AT,Oberösterreich,2110,,,,120,28,2020-04-10T10:00:00
AT,Niederösterreich,2249,,,,205,53,2020-04-10T10:00:00
AT,Tirol,3225,,,,183,61,2020-04-10T10:00:00
AT,,13667,,,,1,261,2020-04-10T10:00:00
AT,Burgenland,260,,,,14,3,2020-04-11T09:30:00
AT,Kärnten,383,,,,29,10,2020-04-11T09:30:00
AT,Vorarlberg,826,,,,38,11,2020-04-11T09:30:00
AT,Salzburg,1157,,,,88,18,2020-04-11T09:30:00
AT,Steiermark,1525,,,,149,33,2020-04-11T09:30:00
AT,Wien,1997,,,,187,37,2020-04-11T09:30:00
AT,Oberösterreich,2119,,,,116,29,2020-04-11T09:30:00
AT,Niederösterreich,2302,,,,236,42,2020-04-11T09:30:00
AT,Tirol,3269,,,,179,63,2020-04-11T09:30:00
AT,,13838,,,,1,246,2020-04-11T09:30:00
AT,Burgenland,266,,,,17,3,2020-04-12T09:30:00
AT,Kärnten,385,,,,27,10,2020-04-12T09:30:00
AT,Vorarlberg,831,,,,37,10,2020-04-12T09:30:00
AT,Salzburg,1169,,,,89,21,2020-04-12T09:30:00
AT,Steiermark,1553,,,,154,32,2020-04-12T09:30:00
AT,Wien,2011,,,,191,35,2020-04-12T09:30:00
AT,Oberösterreich,2122,,,,115,29,2020-04-12T09:30:00
AT,Niederösterreich,2342,,,,231,42,2020-04-12T09:30:00
AT,Tirol,3283,,,,174,61,2020-04-12T09:30:00
AT,,13962,,,,1,243,2020-04-12T09:30:00
AT,Burgenland,270,,,,12,3,2020-04-13T09:30:00
AT,Kärnten,386,,,,27,10,2020-04-13T09:30:00
AT,Vorarlberg,832,,,,32,10,2020-04-13T09:30:00
AT,Salzburg,1174,,,,91,20,2020-04-13T09:30:00
AT,Steiermark,1578,,,,146,31,2020-04-13T09:30:00
AT,Wien,2032,,,,163,34,2020-04-13T09:30:00
AT,Oberösterreich,2135,,,,116,32,2020-04-13T09:30:00
AT,Niederösterreich,2376,,,,234,42,2020-04-13T09:30:00
AT,Tirol,3317,,,,160,57,2020-04-13T09:30:00
AT,,14100,,,,981,239,2020-04-13T09:30:00
AT,Burgenland,126,,,,15,4,2020-04-14T09:30:00
AT,Kärnten,136,,,,24,8,2020-04-14T09:30:00
AT,Vorarlberg,213,,,,33,10,2020-04-14T09:30:00
AT,Salzburg,406,,,,101,20,2020-04-14T09:30:00
AT,Oberösterreich,578,,,,116,30,2020-04-14T09:30:00
AT,Steiermark,951,,,,141,28,2020-04-14T09:30:00
AT,Niederösterreich,1120,,,,236,43,2020-04-14T09:30:00
AT,Tirol,1211,,,,160,56,2020-04-14T09:30:00
AT,Wien,1427,,,,176,44,2020-04-14T09:30:00
AT,,14265,,,,1,243,2020-04-14T09:30:00
AT,Burgenland,274,148,6,1938,20,4,2020-04-15T09:30:00
AT,Kärnten,388,255,8,6549,25,10,2020-04-15T09:30:00
AT,Vorarlberg,846,646,7,6734,33,10,2020-04-15T09:30:00
AT,Salzburg,1176,778,26,12837,97,19,2020-04-15T09:30:00
AT,Steiermark,1593,617,90,16225,142,24,2020-04-15T09:30:00
AT,Wien,2084,572,81,32660,168,38,2020-04-15T09:30:00
AT,Oberösterreich,2150,1633,32,26579,117,30,2020-04-15T09:30:00
AT,Niederösterreich,2398,1315,71,16188,235,42,2020-04-15T09:30:00
AT,Tirol,3337,2134,72,37091,164,55,2020-04-15T09:30:00
AT,,14246,8098,393,156801,1001,232,2020-04-15T09:30:00
AT,Burgenland,278,148,6,1938,20,4,2020-04-15T15:00:00
AT,Kärnten,388,255,8,6549,25,10,2020-04-15T15:00:00
AT,Vorarlberg,847,646,7,6734,33,10,2020-04-15T15:00:00
AT,Salzburg,1178,778,26,12837,97,19,2020-04-15T15:00:00
AT,Steiermark,1600,617,90,16225,142,24,2020-04-15T15:00:00
AT,Wien,2101,572,81,32660,168,38,2020-04-15T15:00:00
AT,Oberösterreich,2162,1633,32,26579,117,30,2020-04-15T15:00:00
AT,Niederösterreich,2415,1315,71,16188,235,42,2020-04-15T15:00:00
AT,Tirol,3352,2134,72,37091,164,55,2020-04-15T15:00:00
AT,,14321,8098,393,156801,1001,232,2020-04-15T15:00:00
AT,Burgenland,280,148,6,1938,20,4,2020-04-16T08:00:00
AT,Kärnten,388,255,8,6549,25,10,2020-04-16T08:00:00
AT,Vorarlberg,851,646,7,6734,33,10,2020-04-16T08:00:00
AT,Salzburg,1182,778,26,12837,97,19,2020-04-16T08:00:00
AT,Steiermark,1604,617,90,16225,142,24,2020-04-16T08:00:00
AT,Wien,2105,572,81,32660,168,38,2020-04-16T08:00:00
AT,Oberösterreich,2171,1633,32,26579,117,30,2020-04-16T08:00:00
AT,Niederösterreich,2427,1315,71,16188,235,42,2020-04-16T08:00:00
AT,Tirol,3362,2134,72,37091,164,55,2020-04-16T08:00:00
AT,,14370,8098,393,156801,1001,232,2020-04-16T08:00:00
AT,Burgenland,280,165,6,2020,17,4,2020-04-16T09:30:00
AT,Kärnten,388,269,8,6767,23,10,2020-04-16T09:30:00
AT,Vorarlberg,851,654,7,6887,29,11,2020-04-16T09:30:00
AT,Salzburg,1182,790,27,13288,88,15,2020-04-16T09:30:00
AT,Steiermark,1604,661,93,16996,141,21,2020-04-16T09:30:00
AT,Wien,2105,1074,82,33607,180,46,2020-04-16T09:30:00
AT,Oberösterreich,2171,1714,34,27453,109,31,2020-04-16T09:30:00
AT,Niederösterreich,2427,1415,73,17410,236,46,2020-04-16T09:30:00
AT,Tirol,3362,2244,80,38388,144,54,2020-04-16T09:30:00
AT,,14370,8986,410,162816,967,238,2020-04-16T09:30:00
AT,Burgenland,286,165,6,2020,17,4,2020-04-16T15:00:00
AT,Kärnten,389,269,8,6767,23,10,2020-04-16T15:00:00
AT,Vorarlberg,852,654,7,6887,29,11,2020-04-16T15:00:00
AT,Salzburg,1186,790,27,13288,88,15,2020-04-16T15:00:00
AT,Steiermark,1617,661,93,16996,141,21,2020-04-16T15:00:00
AT,Wien,2119,1074,82,33607,180,46,2020-04-16T15:00:00
AT,Oberösterreich,2174,1714,34,27453,109,31,2020-04-16T15:00:00
AT,Niederösterreich,2436,1415,73,17410,236,46,2020-04-16T15:00:00
AT,Tirol,3392,2244,80,38388,144,54,2020-04-16T15:00:00
AT,,14451,8986,410,162816,967,238,2020-04-16T15:00:00
AT,Burgenland,286,165,6,2020,17,4,2020-04-17T08:00:00
AT,Kärnten,384,269,8,6767,23,10,2020-04-17T08:00:00
AT,Vorarlberg,853,654,7,6887,29,11,2020-04-17T08:00:00
AT,Salzburg,1189,790,27,13288,88,15,2020-04-17T08:00:00
AT,Steiermark,1624,661,93,16996,141,21,2020-04-17T08:00:00
AT,Wien,2133,1074,82,33607,180,46,2020-04-17T08:00:00
AT,Oberösterreich,2175,1714,34,27453,109,31,2020-04-17T08:00:00
AT,Niederösterreich,2446,1415,73,17410,236,46,2020-04-17T08:00:00
AT,Tirol,3394,2244,80,38388,144,54,2020-04-17T08:00:00
AT,,14484,8986,410,162816,967,238,2020-04-17T08:00:00
AT,Burgenland,286,167,7,2209,18,5,2020-04-17T09:30:00
AT,Kärnten,384,274,8,6956,18,8,2020-04-17T09:30:00
AT,Vorarlberg,853,665,8,6998,23,10,2020-04-17T09:30:00
AT,Salzburg,1189,875,28,13659,96,19,2020-04-17T09:30:00
AT,Steiermark,1624,717,97,17998,134,22,2020-04-17T09:30:00
AT,Wien,2133,1381,86,35603,165,39,2020-04-17T09:30:00
AT,Oberösterreich,2175,1753,37,27858,101,30,2020-04-17T09:30:00
AT,Niederösterreich,2446,1498,77,18269,219,40,2020-04-17T09:30:00
AT,Tirol,3394,2374,83,39722,135,54,2020-04-17T09:30:00
AT,,14484,9704,431,169272,909,227,2020-04-17T09:30:00
AT,Burgenland,289,167,7,2209,18,5,2020-04-17T15:00:00
AT,Kärnten,394,274,8,6956,18,8,2020-04-17T15:00:00
AT,Vorarlberg,854,665,8,6998,23,10,2020-04-17T15:00:00
AT,Salzburg,1190,875,28,13659,96,19,2020-04-17T15:00:00
AT,Steiermark,1631,717,97,17998,134,22,2020-04-17T15:00:00
AT,Wien,2145,1381,86,35603,165,39,2020-04-17T15:00:00
AT,Oberösterreich,2183,1753,37,27858,101,30,2020-04-17T15:00:00
AT,Niederösterreich,2461,1498,77,18269,219,40,2020-04-17T15:00:00
AT,Tirol,3406,2374,83,39722,135,54,2020-04-17T15:00:00
AT,,14553,9704,431,169272,909,227,2020-04-17T15:00:00
AT,Burgenland,295,167,7,2209,18,5,2020-04-18T08:00:00
AT,Kärnten,395,274,8,6956,18,8,2020-04-18T08:00:00
AT,Vorarlberg,855,665,8,6998,23,10,2020-04-18T08:00:00
AT,Salzburg,1191,875,28,13659,96,19,2020-04-18T08:00:00
AT,Steiermark,1638,717,97,17998,134,22,2020-04-18T08:00:00
AT,Wien,2159,1381,86,35603,165,39,2020-04-18T08:00:00
AT,Oberösterreich,2194,1753,37,27858,101,30,2020-04-18T08:00:00
AT,Niederösterreich,2461,1498,77,18269,219,40,2020-04-18T08:00:00
AT,Tirol,3407,2374,83,39722,135,54,2020-04-18T08:00:00
AT,,14595,9704,431,169272,909,227,2020-04-18T08:00:00
AT,Burgenland,295,181,7,2301,17,5,2020-04-18T09:30:00
AT,Kärnten,395,295,9,7156,16,9,2020-04-18T09:30:00
AT,Vorarlberg,855,668,9,7193,23,8,2020-04-18T09:30:00
AT,Salzburg,1191,875,29,14085,91,17,2020-04-18T09:30:00
AT,Steiermark,1638,775,99,19036,118,20,2020-04-18T09:30:00
AT,Wien,2159,1552,88,37256,161,32,2020-04-18T09:30:00
AT,Oberösterreich,2194,1822,37,29190,97,25,2020-04-18T09:30:00
AT,Niederösterreich,2461,1560,80,18831,207,41,2020-04-18T09:30:00
AT,Tirol,3407,2486,85,40884,125,51,2020-04-18T09:30:00
AT,,14595,10214,443,175932,855,208,2020-04-18T09:30:00
AT,Burgenland,298,181,7,2301,17,5,2020-04-18T15:00:00
AT,Kärnten,394,295,9,7156,16,9,2020-04-18T15:00:00
AT,Vorarlberg,855,668,9,7193,23,8,2020-04-18T15:00:00
AT,Salzburg,1191,875,29,14085,91,17,2020-04-18T15:00:00
AT,Steiermark,1646,775,99,19036,118,20,2020-04-18T15:00:00
AT,Wien,2170,1552,88,37256,161,32,2020-04-18T15:00:00
AT,Oberösterreich,2199,1822,37,29190,97,25,2020-04-18T15:00:00
AT,Niederösterreich,2469,1560,80,18831,207,41,2020-04-18T15:00:00
AT,Tirol,3415,2486,85,40884,125,51,2020-04-18T15:00:00
AT,,14637,10214,443,175932,855,208,2020-04-18T15:00:00
AT,Burgenland,299,181,7,2301,17,5,2020-04-19T08:00:00
AT,Kärnten,394,295,9,7156,16,9,2020-04-19T08:00:00
AT,Vorarlberg,857,668,9,7193,23,8,2020-04-19T08:00:00
AT,Salzburg,1195,875,29,14085,91,17,2020-04-19T08:00:00
AT,Steiermark,1646,775,99,19036,118,20,2020-04-19T08:00:00
AT,Wien,2184,1552,88,37256,161,32,2020-04-19T08:00:00
AT,Oberösterreich,2199,1822,37,29190,97,25,2020-04-19T08:00:00
AT,Niederösterreich,2470,1560,80,18831,207,41,2020-04-19T08:00:00
AT,Tirol,3418,2486,85,40884,125,51,2020-04-19T08:00:00
AT,,14662,10214,443,175932,855,208,2020-04-19T08:00:00
AT,Burgenland,299,198,8,2357,16,5,2020-04-19T09:30:00
AT,Kärnten,394,302,10,7268,15,9,2020-04-19T09:30:00
AT,Vorarlberg,857,715,9,7400,19,7,2020-04-19T09:30:00
AT,Salzburg,1195,929,29,14386,88,16,2020-04-19T09:30:00
AT,Steiermark,1646,809,101,19749,117,18,2020-04-19T09:30:00
AT,Wien,2184,1615,90,37256,159,31,2020-04-19T09:30:00
AT,Oberösterreich,2199,1847,38,29696,95,29,2020-04-19T09:30:00
AT,Niederösterreich,2470,1560,82,19112,196,40,2020-04-19T09:30:00
AT,Tirol,3418,2526,85,42019,112,49,2020-04-19T09:30:00
AT,,14662,10501,452,179243,817,204,2020-04-19T09:30:00
AT,Burgenland,302,198,8,2357,16,5,2020-04-19T15:00:00
AT,Kärnten,394,302,10,7268,15,9,2020-04-19T15:00:00
AT,Vorarlberg,858,715,9,7400,19,7,2020-04-19T15:00:00
AT,Salzburg,1199,929,29,14386,88,16,2020-04-19T15:00:00
AT,Steiermark,1652,809,101,19749,117,18,2020-04-19T15:00:00
AT,Wien,2198,1615,90,37256,159,31,2020-04-19T15:00:00
AT,Oberösterreich,2200,1847,38,29696,95,29,2020-04-19T15:00:00
AT,Niederösterreich,2476,1560,82,19112,196,40,2020-04-19T15:00:00
AT,Tirol,3417,2526,85,42019,112,49,2020-04-19T15:00:00
AT,,14696,10501,452,179243,817,204,2020-04-19T15:00:00
AT,Burgenland,302,198,8,2357,16,5,2020-04-20T08:00:00
AT,Kärnten,394,302,10,7268,15,9,2020-04-20T08:00:00
AT,Vorarlberg,858,715,9,7400,19,7,2020-04-20T08:00:00
AT,Salzburg,1200,929,29,14386,88,16,2020-04-20T08:00:00
AT,Steiermark,1653,809,101,19749,117,18,2020-04-20T08:00:00
AT,Wien,2199,1615,90,37256,159,31,2020-04-20T08:00:00
AT,Oberösterreich,2203,1847,38,29696,95,29,2020-04-20T08:00:00
AT,Niederösterreich,2479,1560,82,19112,196,40,2020-04-20T08:00:00
AT,Tirol,3425,2526,85,42019,112,49,2020-04-20T08:00:00
AT,,14713,10501,452,179243,817,204,2020-04-20T08:00:00
AT,Burgenland,302,200,8,2386,16,4,2020-04-20T09:30:00
AT,Kärnten,394,307,10,7624,15,9,2020-04-20T09:30:00
AT,Vorarlberg,858,731,10,7626,18,7,2020-04-20T09:30:00
AT,Salzburg,1200,930,30,14691,92,17,2020-04-20T09:30:00
AT,Steiermark,1653,816,106,20098,108,17,2020-04-20T09:30:00
AT,Wien,2199,1635,96,37750,159,32,2020-04-20T09:30:00
AT,Oberösterreich,2203,1884,41,30373,90,27,2020-04-20T09:30:00
AT,Niederösterreich,2479,1572,83,19588,193,37,2020-04-20T09:30:00
AT,Tirol,3425,2556,86,42813,114,44,2020-04-20T09:30:00
AT,,14713,10631,470,182949,805,194,2020-04-20T09:30:00
AT,Burgenland,307,200,8,2386,16,4,2020-04-20T15:00:00
AT,Kärnten,394,307,10,7624,15,9,2020-04-20T15:00:00
AT,Vorarlberg,859,731,10,7626,18,7,2020-04-20T15:00:00
AT,Salzburg,1201,930,30,14691,92,17,2020-04-20T15:00:00
AT,Steiermark,1663,816,106,20098,108,17,2020-04-20T15:00:00
AT,Wien,2204,1635,96,37750,159,32,2020-04-20T15:00:00
AT,Oberösterreich,2205,1884,41,30373,90,27,2020-04-20T15:00:00
AT,Niederösterreich,2495,1572,83,19588,193,37,2020-04-20T15:00:00
AT,Tirol,3427,2556,86,42813,114,44,2020-04-20T15:00:00
AT,,14755,10631,470,182949,805,194,2020-04-20T15:00:00
AT,Burgenland,309,200,8,2386,16,4,2020-04-21T08:00:00
AT,Kärnten,397,307,10,7624,15,9,2020-04-21T08:00:00
AT,Vorarlberg,861,731,10,7626,18,7,2020-04-21T08:00:00
AT,Salzburg,1201,930,30,14691,92,17,2020-04-21T08:00:00
AT,Steiermark,1664,816,106,20098,108,17,2020-04-21T08:00:00
AT,Oberösterreich,2211,1884,41,30373,90,27,2020-04-21T08:00:00
AT,Wien,2215,1635,96,37750,159,32,2020-04-21T08:00:00
AT,Niederösterreich,2501,1572,83,19588,193,37,2020-04-21T08:00:00
AT,Tirol,3431,2556,86,42813,114,44,2020-04-21T08:00:00
AT,,14790,10631,470,182949,805,194,2020-04-21T08:00:00
AT,Burgenland,309,210,8,2534,17,4,2020-04-21T09:30:00
AT,Kärnten,397,316,12,7914,17,9,2020-04-21T09:30:00
AT,Vorarlberg,861,733,13,7959,17,6,2020-04-21T09:30:00
AT,Salzburg,1201,949,30,14944,94,15,2020-04-21T09:30:00
AT,Steiermark,1664,874,109,20792,103,17,2020-04-21T09:30:00
AT,Oberösterreich,2211,1912,44,31046,90,30,2020-04-21T09:30:00
AT,Wien,2215,1656,99,39880,156,29,2020-04-21T09:30:00
AT,Niederösterreich,2501,1623,85,20218,151,42,2020-04-21T09:30:00
AT,Tirol,3431,2698,91,43731,111,44,2020-04-21T09:30:00
AT,,14790,10971,491,189018,756,196,2020-04-21T09:30:00
AT,Burgenland,310,210,8,2534,17,4,2020-04-21T15:00:00
AT,Kärnten,402,316,12,7914,17,9,2020-04-21T15:00:00
AT,Vorarlberg,863,733,13,7959,17,6,2020-04-21T15:00:00
AT,Salzburg,1206,949,30,14944,94,15,2020-04-21T15:00:00
AT,Steiermark,1665,874,109,20792,103,17,2020-04-21T15:00:00
AT,Oberösterreich,2211,1912,44,31046,90,30,2020-04-21T15:00:00
AT,Wien,2220,1656,99,39880,156,29,2020-04-21T15:00:00
AT,Niederösterreich,2500,1623,85,20218,151,42,2020-04-21T15:00:00
AT,Tirol,3433,2698,91,43731,111,44,2020-04-21T15:00:00
AT,,14810,10971,491,189018,756,196,2020-04-21T15:00:00
AT,Burgenland,310,210,8,2534,17,4,2020-04-22T08:00:00
AT,Kärnten,402,316,12,7914,17,9,2020-04-22T08:00:00
AT,Vorarlberg,863,733,13,7959,17,6,2020-04-22T08:00:00
AT,Salzburg,1206,949,30,14944,94,15,2020-04-22T08:00:00
AT,Steiermark,1670,874,109,20792,103,17,2020-04-22T08:00:00
AT,Oberösterreich,2215,1912,44,31046,90,30,2020-04-22T08:00:00
AT,Wien,2237,1656,99,39880,156,29,2020-04-22T08:00:00
AT,Niederösterreich,2500,1623,85,20218,151,42,2020-04-22T08:00:00
AT,Tirol,3437,2698,91,43731,111,44,2020-04-22T08:00:00
AT,,14840,10971,491,189018,756,196,2020-04-22T08:00:00
AT,Burgenland,310,227,9,2660,12,2,2020-04-22T09:30:00
AT,Kärnten,402,331,12,8269,14,7,2020-04-22T09:30:00
AT,Vorarlberg,863,740,13,8384,18,7,2020-04-22T09:30:00
AT,Salzburg,1206,951,33,15447,105,13,2020-04-22T09:30:00
AT,Steiermark,1670,904,110,21678,95,14,2020-04-22T09:30:00
AT,Oberösterreich,2215,1944,47,31933,79,20,2020-04-22T09:30:00
AT,Wien,2237,1677,104,47541,140,30,2020-04-22T09:30:00
AT,Niederösterreich,2500,1685,87,20980,141,43,2020-04-22T09:30:00
AT,Tirol,3437,2869,95,44902,96,40,2020-04-22T09:30:00
AT,,14840,11328,510,201794,700,176,2020-04-22T09:30:00
AT,Burgenland,311,227,9,2660,12,2,2020-04-22T15:00:00
AT,Kärnten,402,331,12,8269,14,7,2020-04-22T15:00:00
AT,Vorarlberg,868,740,13,8384,18,7,2020-04-22T15:00:00
AT,Salzburg,1205,951,33,15447,105,13,2020-04-22T15:00:00
AT,Steiermark,1679,904,110,21678,95,14,2020-04-22T15:00:00
AT,Oberösterreich,2218,1944,47,31933,79,20,2020-04-22T15:00:00
AT,Wien,2247,1677,104,47541,140,30,2020-04-22T15:00:00
AT,Niederösterreich,2519,1685,87,20980,141,43,2020-04-22T15:00:00
AT,Tirol,3440,2869,95,44902,96,40,2020-04-22T15:00:00
AT,,14889,11328,510,201794,700,176,2020-04-22T15:00:00
AT,Burgenland,313,227,9,2660,12,2,2020-04-23T08:00:00
AT,Kärnten,402,331,12,8269,14,7,2020-04-23T08:00:00
AT,Vorarlberg,868,740,13,8384,18,7,2020-04-23T08:00:00
AT,Salzburg,1204,951,33,15447,105,13,2020-04-23T08:00:00
AT,Steiermark,1686,904,110,21678,95,14,2020-04-23T08:00:00
AT,Oberösterreich,2219,1944,47,31933,79,20,2020-04-23T08:00:00
AT,Wien,2270,1677,104,47541,140,30,2020-04-23T08:00:00
AT,Niederösterreich,2529,1685,87,20980,141,43,2020-04-23T08:00:00
AT,Tirol,3441,2869,95,44902,96,40,2020-04-23T08:00:00
AT,,14932,11328,510,201794,700,176,2020-04-23T08:00:00
AT,Burgenland,313,226,9,3006,17,4,2020-04-23T09:30:00
AT,Kärnten,402,346,12,8528,14,7,2020-04-23T09:30:00
AT,Vorarlberg,868,745,14,8656,16,6,2020-04-23T09:30:00
AT,Salzburg,1204,1008,33,15969,92,14,2020-04-23T09:30:00
AT,Steiermark,1686,952,115,22738,99,16,2020-04-23T09:30:00
AT,Oberösterreich,2219,1972,48,33100,78,18,2020-04-23T09:30:00
AT,Wien,2270,1699,105,45520,139,23,2020-04-23T09:30:00
AT,Niederösterreich,2529,1841,88,21969,131,43,2020-04-23T09:30:00
AT,Tirol,3441,2905,98,46349,91,38,2020-04-23T09:30:00
AT,,14932,11694,522,205835,677,169,2020-04-23T09:30:00
AT,Burgenland,314,226,9,3006,17,4,2020-04-23T15:00:00
AT,Kärnten,402,346,12,8528,14,7,2020-04-23T15:00:00
AT,Vorarlberg,869,745,14,8656,16,6,2020-04-23T15:00:00
AT,Salzburg,1206,1008,33,15969,92,14,2020-04-23T15:00:00
AT,Steiermark,1693,952,115,22738,99,16,2020-04-23T15:00:00
AT,Oberösterreich,2222,1972,48,33100,78,18,2020-04-23T15:00:00
AT,Wien,2281,1699,105,45520,139,23,2020-04-23T15:00:00
AT,Niederösterreich,2531,1841,88,21969,131,43,2020-04-23T15:00:00
AT,Tirol,3445,2905,98,46349,91,38,2020-04-23T15:00:00
AT,,14963,11694,522,205835,677,169,2020-04-23T15:00:00
AT,Burgenland,314,226,9,3006,17,4,2020-04-24T08:00:00
AT,Kärnten,402,346,12,8528,14,7,2020-04-24T08:00:00
AT,Vorarlberg,869,745,14,8656,16,6,2020-04-24T08:00:00
AT,Salzburg,1206,1008,33,15969,92,14,2020-04-24T08:00:00
AT,Steiermark,1697,952,115,22738,99,16,2020-04-24T08:00:00
AT,Oberösterreich,2230,1972,48,33100,78,18,2020-04-24T08:00:00
AT,Wien,2290,1699,105,45520,139,23,2020-04-24T08:00:00
AT,Niederösterreich,2533,1841,88,21969,131,43,2020-04-24T08:00:00
AT,Tirol,3446,2905,98,46349,91,38,2020-04-24T08:00:00
AT,,14987,11694,522,205835,677,169,2020-04-24T08:00:00
AT,Burgenland,314,230,8,3568,14,2,2020-04-24T09:30:00
AT,Kärnten,402,356,12,8755,14,7,2020-04-24T09:30:00
AT,Vorarlberg,869,749,14,8989,14,6,2020-04-24T09:30:00
AT,Salzburg,1206,1008,33,16674,90,12,2020-04-24T09:30:00
AT,Steiermark,1697,973,119,23673,88,13,2020-04-24T09:30:00
AT,Oberösterreich,2230,2007,48,34014,78,15,2020-04-24T09:30:00
AT,Wien,2290,1716,106,47206,145,25,2020-04-24T09:30:00
AT,Niederösterreich,2533,1890,89,22572,127,40,2020-04-24T09:30:00
AT,Tirol,3446,2943,101,47235,81,36,2020-04-24T09:30:00
AT,,14987,11872,530,212686,651,156,2020-04-24T09:30:00
AT,Burgenland,315,230,8,3568,14,2,2020-04-24T15:00:00
AT,Kärnten,402,356,12,8755,14,7,2020-04-24T15:00:00
AT,Vorarlberg,868,749,14,8989,14,6,2020-04-24T15:00:00
AT,Salzburg,1207,1008,33,16674,90,12,2020-04-24T15:00:00
AT,Steiermark,1700,973,119,23673,88,13,2020-04-24T15:00:00
AT,Oberösterreich,2232,2007,48,34014,78,15,2020-04-24T15:00:00
AT,Wien,2311,1716,106,47206,145,25,2020-04-24T15:00:00
AT,Niederösterreich,2546,1890,89,22572,127,40,2020-04-24T15:00:00
AT,Tirol,3457,2943,101,47235,81,36,2020-04-24T15:00:00
AT,,15038,11872,530,212686,651,156,2020-04-24T15:00:00
AT,Burgenland,315,230,8,3568,14,2,2020-04-25T08:00:00
AT,Kärnten,402,356,12,8755,14,7,2020-04-25T08:00:00
AT,Vorarlberg,868,749,14,8989,14,6,2020-04-25T08:00:00
AT,Salzburg,1208,1008,33,16674,90,12,2020-04-25T08:00:00
AT,Steiermark,1705,973,119,23673,88,13,2020-04-25T08:00:00
AT,Oberösterreich,2238,2007,48,34014,78,15,2020-04-25T08:00:00
AT,Wien,2323,1716,106,47206,145,25,2020-04-25T08:00:00
AT,Niederösterreich,2547,1890,89,22572,127,40,2020-04-25T08:00:00
AT,Tirol,3463,2943,101,47235,81,36,2020-04-25T08:00:00
AT,,15069,11872,530,212686,651,156,2020-04-25T08:00:00
AT,Burgenland,315,235,8,4155,12,2,2020-04-25T09:30:00
AT,Kärnten,402,360,12,8947,13,7,2020-04-25T09:30:00
AT,Vorarlberg,868,755,14,9396,12,6,2020-04-25T09:30:00
AT,Salzburg,1208,1041,33,17293,83,12,2020-04-25T09:30:00
AT,Steiermark,1705,1011,120,24949,77,12,2020-04-25T09:30:00
AT,Oberösterreich,2238,2021,51,34849,71,15,2020-04-25T09:30:00
AT,Wien,2323,1748,107,48607,149,23,2020-04-25T09:30:00
AT,Niederösterreich,2547,1950,90,24800,114,37,2020-04-25T09:30:00
AT,Tirol,3463,2982,101,48093,77,34,2020-04-25T09:30:00
AT,,15069,12103,536,221089,608,148,2020-04-25T09:30:00
AT,Burgenland,316,235,8,4155,12,2,2020-04-25T15:00:00
AT,Kärnten,404,360,12,8947,13,7,2020-04-25T15:00:00
AT,Vorarlberg,868,755,14,9396,12,6,2020-04-25T15:00:00
AT,Salzburg,1210,1041,33,17293,83,12,2020-04-25T15:00:00
AT,Steiermark,1722,1011,120,24949,77,12,2020-04-25T15:00:00
AT,Oberösterreich,2239,2021,51,34849,71,15,2020-04-25T15:00:00
AT,Wien,2336,1748,107,48607,149,23,2020-04-25T15:00:00
AT,Niederösterreich,2553,1950,90,24800,114,37,2020-04-25T15:00:00
AT,Tirol,3469,2982,101,48093,77,34,2020-04-25T15:00:00
AT,,15117,12103,536,221089,608,148,2020-04-25T15:00:00
AT,Burgenland,316,235,8,4155,12,2,2020-04-26T08:00:00
AT,Kärnten,404,360,12,8947,13,7,2020-04-26T08:00:00
AT,Vorarlberg,868,755,14,9396,12,6,2020-04-26T08:00:00
AT,Salzburg,1210,1041,33,17293,83,12,2020-04-26T08:00:00
AT,Steiermark,1722,1011,120,24949,77,12,2020-04-26T08:00:00
AT,Oberösterreich,2240,2021,51,34849,71,15,2020-04-26T08:00:00
AT,Wien,2347,1748,107,48607,149,23,2020-04-26T08:00:00
AT,Niederösterreich,2554,1950,90,24800,114,37,2020-04-26T08:00:00
AT,Tirol,3473,2982,101,48093,77,34,2020-04-26T08:00:00
AT,,15134,12103,536,221089,608,148,2020-04-26T08:00:00
AT,Burgenland,316,234,9,4167,11,2,2020-04-26T09:30:00
AT,Kärnten,404,364,12,9036,12,6,2020-04-26T09:30:00
AT,Vorarlberg,868,757,14,9856,12,6,2020-04-26T09:30:00
AT,Salzburg,1210,1057,33,18171,79,11,2020-04-26T09:30:00
AT,Steiermark,1722,1059,121,25666,76,12,2020-04-26T09:30:00
AT,Oberösterreich,2240,2022,52,35501,67,14,2020-04-26T09:30:00
AT,Wien,2347,1766,110,50973,142,23,2020-04-26T09:30:00
AT,Niederösterreich,2554,2026,90,25849,120,39,2020-04-26T09:30:00
AT,Tirol,3473,2997,101,48412,75,32,2020-04-26T09:30:00
AT,,15134,12282,542,227631,594,145,2020-04-26T09:30:00
AT,Burgenland,317,234,9,4167,11,2,2020-04-26T15:00:00
AT,Kärnten,404,364,12,9036,12,6,2020-04-26T15:00:00
AT,Vorarlberg,868,757,14,9856,12,6,2020-04-26T15:00:00
AT,Salzburg,1212,1057,33,18171,79,11,2020-04-26T15:00:00
AT,Steiermark,1733,1059,121,25666,76,12,2020-04-26T15:00:00
AT,Oberösterreich,2243,2022,52,35501,67,14,2020-04-26T15:00:00
AT,Wien,2357,1766,110,50973,142,23,2020-04-26T15:00:00
AT,Niederösterreich,2562,2026,90,25849,120,39,2020-04-26T15:00:00
AT,Tirol,3479,2997,101,48412,75,32,2020-04-26T15:00:00
AT,,15175,12282,542,227631,594,145,2020-04-26T15:00:00
AT,Burgenland,317,234,9,4167,11,2,2020-04-27T08:00:00
AT,Kärnten,406,364,12,9036,12,6,2020-04-27T08:00:00
AT,Vorarlberg,868,757,14,9856,12,6,2020-04-27T08:00:00
AT,Salzburg,1214,1057,33,18171,79,11,2020-04-27T08:00:00
AT,Steiermark,1736,1059,121,25666,76,12,2020-04-27T08:00:00
AT,Oberösterreich,2246,2022,52,35501,67,14,2020-04-27T08:00:00
AT,Wien,2359,1766,110,50973,142,23,2020-04-27T08:00:00
AT,Niederösterreich,2562,2026,90,25849,120,39,2020-04-27T08:00:00
AT,Tirol,3482,2997,101,48412,75,32,2020-04-27T08:00:00
AT,,15190,12282,542,227631,594,145,2020-04-27T08:00:00
AT,Burgenland,317,236,9,4232,13,2,2020-04-27T09:30:00
AT,Kärnten,406,368,12,9119,12,6,2020-04-27T09:30:00
AT,Vorarlberg,868,759,15,10219,11,5,2020-04-27T09:30:00
AT,Salzburg,1214,1071,33,18883,74,11,2020-04-27T09:30:00
AT,Steiermark,1736,1068,121,26126,75,12,2020-04-27T09:30:00
AT,Oberösterreich,2246,2022,53,36230,66,11,2020-04-27T09:30:00
AT,Wien,2359,1772,113,51804,141,23,2020-04-27T09:30:00
AT,Niederösterreich,2562,2042,92,27250,113,37,2020-04-27T09:30:00
AT,Tirol,3482,3024,101,48674,74,33,2020-04-27T09:30:00
AT,,15190,12362,549,232537,579,140,2020-04-27T09:30:00
AT,Burgenland,320,236,9,4232,13,2,2020-04-27T15:00:00
AT,Kärnten,407,368,12,9119,12,6,2020-04-27T15:00:00
AT,Vorarlberg,868,759,15,10219,11,5,2020-04-27T15:00:00
AT,Salzburg,1214,1071,33,18883,74,11,2020-04-27T15:00:00
AT,Steiermark,1745,1068,121,26126,75,12,2020-04-27T15:00:00
AT,Oberösterreich,2248,2022,53,36230,66,11,2020-04-27T15:00:00
AT,Wien,2380,1772,113,51804,141,23,2020-04-27T15:00:00
AT,Niederösterreich,2573,2042,92,27250,113,37,2020-04-27T15:00:00
AT,Tirol,3484,3024,101,48674,74,33,2020-04-27T15:00:00
AT,,15239,12362,549,232537,579,140,2020-04-27T15:00:00
AT,Burgenland,321,236,9,4232,13,2,2020-04-28T08:00:00
AT,Kärnten,407,368,12,9119,12,6,2020-04-28T08:00:00
AT,Vorarlberg,868,759,15,10219,11,5,2020-04-28T08:00:00
AT,Salzburg,1214,1071,33,18883,74,11,2020-04-28T08:00:00
AT,Steiermark,1747,1068,121,26126,75,12,2020-04-28T08:00:00
AT,Oberösterreich,2250,2022,53,36230,66,11,2020-04-28T08:00:00
AT,Wien,2388,1772,113,51804,141,23,2020-04-28T08:00:00
AT,Niederösterreich,2574,2042,92,27250,113,37,2020-04-28T08:00:00
AT,Tirol,3487,3024,101,48674,74,33,2020-04-28T08:00:00
AT,,15256,12362,549,232537,579,140,2020-04-28T08:00:00
AT,Burgenland,321,242,10,5302,11,3,2020-04-28T09:30:00
AT,Kärnten,407,372,12,9471,11,6,2020-04-28T09:30:00
AT,Vorarlberg,868,779,15,10362,11,5,2020-04-28T09:30:00
AT,Salzburg,1214,1078,34,19348,75,10,2020-04-28T09:30:00
AT,Steiermark,1747,1117,123,26908,74,10,2020-04-28T09:30:00
AT,Oberösterreich,2250,2040,53,37146,60,14,2020-04-28T09:30:00
AT,Wien,2388,1781,127,53114,137,21,2020-04-28T09:30:00
AT,Niederösterreich,2574,2101,92,28534,110,35,2020-04-28T09:30:00
AT,Tirol,3487,3070,103,49393,72,32,2020-04-28T09:30:00
AT,,15256,12580,569,239578,561,136,2020-04-28T09:30:00
AT,Burgenland,321,242,10,5302,11,3,2020-04-28T15:00:00
AT,Kärnten,410,372,12,9471,11,6,2020-04-28T15:00:00
AT,Vorarlberg,869,779,15,10362,11,5,2020-04-28T15:00:00
AT,Salzburg,1214,1078,34,19348,75,10,2020-04-28T15:00:00
AT,Steiermark,1751,1117,123,26908,74,10,2020-04-28T15:00:00
AT,Oberösterreich,2251,2040,53,37146,60,14,2020-04-28T15:00:00
AT,Wien,2399,1781,127,53114,137,21,2020-04-28T15:00:00
AT,Niederösterreich,2577,2101,92,28534,110,35,2020-04-28T15:00:00
AT,Tirol,3494,3070,103,49393,72,32,2020-04-28T15:00:00
AT,,15286,12580,569,239578,561,136,2020-04-28T15:00:00
AT,Burgenland,321,242,10,5302,11,3,2020-04-29T08:00:00
AT,Kärnten,410,372,12,9471,11,6,2020-04-29T08:00:00
AT,Vorarlberg,869,779,15,10362,11,5,2020-04-29T08:00:00
AT,Salzburg,1215,1078,34,19348,75,10,2020-04-29T08:00:00
AT,Steiermark,1755,1117,123,26908,74,10,2020-04-29T08:00:00
AT,Oberösterreich,2251,2040,53,37146,60,14,2020-04-29T08:00:00
AT,Wien,2423,1781,127,53114,137,21,2020-04-29T08:00:00
AT,Niederösterreich,2583,2101,92,28534,110,35,2020-04-29T08:00:00
AT,Tirol,3496,3070,103,49393,72,32,2020-04-29T08:00:00
AT,,15323,12580,569,239578,561,136,2020-04-29T08:00:00
AT,Burgenland,321,246,10,5971,8,2,2020-04-29T09:30:00
AT,Kärnten,410,378,12,9648,10,5,2020-04-29T09:30:00
AT,Vorarlberg,869,786,15,10811,9,5,2020-04-29T09:30:00
AT,Salzburg,1215,1081,35,20210,73,10,2020-04-29T09:30:00
AT,Steiermark,1755,1155,126,27813,69,12,2020-04-29T09:30:00
AT,Oberösterreich,2251,2051,55,38144,51,12,2020-04-29T09:30:00
AT,Wien,2423,1790,130,55147,131,21,2020-04-29T09:30:00
AT,Niederösterreich,2583,2141,92,29741,104,36,2020-04-29T09:30:00
AT,Tirol,3496,3151,105,50269,62,28,2020-04-29T09:30:00
AT,,15323,12779,580,247754,517,131,2020-04-29T09:30:00
AT,Burgenland,322,246,10,5971,8,2,2020-04-29T15:00:00
AT,Kärnten,410,378,12,9648,10,5,2020-04-29T15:00:00
AT,Vorarlberg,870,786,15,10811,9,5,2020-04-29T15:00:00
AT,Salzburg,1215,1081,35,20210,73,10,2020-04-29T15:00:00
AT,Steiermark,1757,1155,126,27813,69,12,2020-04-29T15:00:00
AT,Oberösterreich,2252,2051,55,38144,51,12,2020-04-29T15:00:00
AT,Wien,2439,1790,130,55147,131,21,2020-04-29T15:00:00
AT,Niederösterreich,2591,2141,92,29741,104,36,2020-04-29T15:00:00
AT,Tirol,3496,3151,105,50269,62,28,2020-04-29T15:00:00
AT,,15352,12779,580,247754,517,131,2020-04-29T15:00:00
AT,Burgenland,323,246,10,5971,8,2,2020-04-30T08:00:00
AT,Kärnten,410,378,12,9648,10,5,2020-04-30T08:00:00
AT,Vorarlberg,870,786,15,10811,9,5,2020-04-30T08:00:00
AT,Salzburg,1215,1081,35,20210,73,10,2020-04-30T08:00:00
AT,Steiermark,1758,1155,126,27813,69,12,2020-04-30T08:00:00
AT,Oberösterreich,2253,2051,55,38144,51,12,2020-04-30T08:00:00
AT,Wien,2442,1790,130,55147,131,21,2020-04-30T08:00:00
AT,Niederösterreich,2597,2141,92,29741,104,36,2020-04-30T08:00:00
AT,Tirol,3501,3151,105,50269,62,28,2020-04-30T08:00:00
AT,,15369,12779,580,247754,517,131,2020-04-30T08:00:00
AT,Burgenland,323,250,10,6619,9,2,2020-04-30T09:30:00
AT,Kärnten,410,379,12,9904,8,5,2020-04-30T09:30:00
AT,Vorarlberg,870,795,16,11165,7,5,2020-04-30T09:30:00
AT,Salzburg,1215,1090,35,21585,73,9,2020-04-30T09:30:00
AT,Steiermark,1758,1187,129,28844,67,10,2020-04-30T09:30:00
AT,Oberösterreich,2253,2074,55,39188,45,12,2020-04-30T09:30:00
AT,Wien,2442,1808,130,56750,129,21,2020-04-30T09:30:00
AT,Niederösterreich,2597,2164,92,31034,104,36,2020-04-30T09:30:00
AT,Tirol,3501,3160,105,51310,60,28,2020-04-30T09:30:00
AT,,15369,12907,584,256399,502,128,2020-04-30T09:30:00
AT,Burgenland,325,250,10,6619,9,2,2020-04-30T15:00:00
AT,Kärnten,410,379,12,9904,8,5,2020-04-30T15:00:00
AT,Vorarlberg,871,795,16,11165,7,5,2020-04-30T15:00:00
AT,Salzburg,1217,1090,35,21585,73,9,2020-04-30T15:00:00
AT,Steiermark,1761,1187,129,28844,67,10,2020-04-30T15:00:00
AT,Oberösterreich,2254,2074,55,39188,45,12,2020-04-30T15:00:00
AT,Wien,2465,1808,130,56750,129,21,2020-04-30T15:00:00
AT,Niederösterreich,2619,2164,92,31034,104,36,2020-04-30T15:00:00
AT,Tirol,3502,3160,105,51310,60,28,2020-04-30T15:00:00
AT,,15424,12907,584,256399,502,128,2020-04-30T15:00:00
AT,Burgenland,325,250,10,6619,9,2,2020-05-01T08:00:00
AT,Kärnten,410,379,12,9904,8,5,2020-05-01T08:00:00
AT,Vorarlberg,871,795,16,11165,7,5,2020-05-01T08:00:00
AT,Salzburg,1217,1090,35,21585,73,9,2020-05-01T08:00:00
AT,Steiermark,1761,1187,129,28844,67,10,2020-05-01T08:00:00
AT,Oberösterreich,2255,2074,55,39188,45,12,2020-05-01T08:00:00
AT,Wien,2492,1808,130,56750,129,21,2020-05-01T08:00:00
AT,Niederösterreich,2623,2164,92,31034,104,36,2020-05-01T08:00:00
AT,Tirol,3504,3160,105,51310,60,28,2020-05-01T08:00:00
AT,,15458,12907,584,256399,502,128,2020-05-01T08:00:00
AT,Burgenland,325,255,10,6959,8,2,2020-05-01T09:30:00
AT,Kärnten,410,381,12,10152,8,5,2020-05-01T09:30:00
AT,Vorarlberg,871,811,17,11719,7,4,2020-05-01T09:30:00
AT,Salzburg,1217,1102,36,22422,69,7,2020-05-01T09:30:00
AT,Steiermark,1761,1220,130,29979,61,10,2020-05-01T09:30:00
AT,Oberösterreich,2255,2088,56,40001,44,10,2020-05-01T09:30:00
AT,Wien,2492,1817,131,58413,124,22,2020-05-01T09:30:00
AT,Niederösterreich,2623,2221,92,31930,99,37,2020-05-01T09:30:00
AT,Tirol,3504,3197,105,52504,52,27,2020-05-01T09:30:00
AT,,15458,13092,589,264079,472,124,2020-05-01T09:30:00
AT,Burgenland,326,255,10,6959,8,2,2020-05-01T15:00:00
AT,Kärnten,410,381,12,10152,8,5,2020-05-01T15:00:00
AT,Vorarlberg,872,811,17,11719,7,4,2020-05-01T15:00:00
AT,Salzburg,1217,1102,36,22422,69,7,2020-05-01T15:00:00
AT,Steiermark,1764,1220,130,29979,61,10,2020-05-01T15:00:00
AT,Oberösterreich,2255,2088,56,40001,44,10,2020-05-01T15:00:00
AT,Wien,2497,1817,131,58413,124,22,2020-05-01T15:00:00
AT,Niederösterreich,2625,2221,92,31930,99,37,2020-05-01T15:00:00
AT,Tirol,3504,3197,105,52504,52,27,2020-05-01T15:00:00
AT,,15470,13092,589,264079,472,124,2020-05-01T15:00:00
AT,Burgenland,326,255,10,6959,8,2,2020-05-02T08:00:00
AT,Kärnten,410,381,12,10152,8,5,2020-05-02T08:00:00
AT,Vorarlberg,872,811,17,11719,7,4,2020-05-02T08:00:00
AT,Salzburg,1217,1102,36,22422,69,7,2020-05-02T08:00:00
AT,Steiermark,1764,1220,130,29979,61,10,2020-05-02T08:00:00
AT,Oberösterreich,2256,2088,56,40001,44,10,2020-05-02T08:00:00
AT,Wien,2504,1817,131,58413,124,22,2020-05-02T08:00:00
AT,Niederösterreich,2626,2221,92,31930,99,37,2020-05-02T08:00:00
AT,Tirol,3504,3197,105,52504,52,27,2020-05-02T08:00:00
AT,,15479,13092,589,264079,472,124,2020-05-02T08:00:00
AT,Burgenland,326,256,10,7426,8,2,2020-05-02T09:30:00
AT,Kärnten,410,381,12,10302,7,4,2020-05-02T09:30:00
AT,Vorarlberg,872,819,17,12374,7,4,2020-05-02T09:30:00
AT,Salzburg,1217,1115,36,23075,52,7,2020-05-02T09:30:00
AT,Steiermark,1764,1235,133,30866,52,9,2020-05-02T09:30:00
AT,Oberösterreich,2256,2102,56,40747,42,8,2020-05-02T09:30:00
AT,Wien,2504,1827,135,59457,122,21,2020-05-02T09:30:00
AT,Niederösterreich,2626,2238,92,32438,90,35,2020-05-02T09:30:00
AT,Tirol,3504,3207,105,52934,48,24,2020-05-02T09:30:00
AT,,15479,13180,596,269619,428,114,2020-05-02T09:30:00
AT,Burgenland,327,256,10,7426,8,2,2020-05-02T15:00:00
AT,Kärnten,410,381,12,10302,7,4,2020-05-02T15:00:00
AT,Vorarlberg,872,819,17,12374,7,4,2020-05-02T15:00:00
AT,Salzburg,1218,1115,36,23075,52,7,2020-05-02T15:00:00
AT,Steiermark,1765,1235,133,30866,52,9,2020-05-02T15:00:00
AT,Oberösterreich,2256,2102,56,40747,42,8,2020-05-02T15:00:00
AT,Wien,2526,1827,135,59457,122,21,2020-05-02T15:00:00
AT,Niederösterreich,2630,2238,92,32438,90,35,2020-05-02T15:00:00
AT,Tirol,3504,3207,105,52934,48,24,2020-05-02T15:00:00
AT,,15508,13180,596,269619,428,114,2020-05-02T15:00:00
AT,Burgenland,327,256,10,7426,8,2,2020-05-03T08:00:00
AT,Kärnten,410,381,12,10302,7,4,2020-05-03T08:00:00
AT,Vorarlberg,873,819,17,12374,7,4,2020-05-03T08:00:00
AT,Salzburg,1219,1115,36,23075,52,7,2020-05-03T08:00:00
AT,Steiermark,1766,1235,133,30866,52,9,2020-05-03T08:00:00
AT,Oberösterreich,2256,2102,56,40747,42,8,2020-05-03T08:00:00
AT,Wien,2529,1827,135,59457,122,21,2020-05-03T08:00:00
AT,Niederösterreich,2630,2238,92,32438,90,35,2020-05-03T08:00:00
AT,Tirol,3504,3207,105,52934,48,24,2020-05-03T08:00:00
AT,,15514,13180,596,269619,428,114,2020-05-03T08:00:00
AT,Burgenland,327,258,10,7529,4,1,2020-05-03T09:30:00
AT,Kärnten,410,382,13,10519,6,3,2020-05-03T09:30:00
AT,Vorarlberg,873,824,17,12783,7,4,2020-05-03T09:30:00
AT,Salzburg,1219,1115,36,24102,51,7,2020-05-03T09:30:00
AT,Steiermark,1766,1246,133,31215,47,9,2020-05-03T09:30:00
AT,Oberösterreich,2256,2106,57,41188,48,9,2020-05-03T09:30:00
AT,Wien,2529,1827,135,60943,124,22,2020-05-03T09:30:00
AT,Niederösterreich,2630,2255,92,32815,85,34,2020-05-03T09:30:00
AT,Tirol,3504,3215,105,53261,50,25,2020-05-03T09:30:00
AT,,15514,13228,598,274355,422,114,2020-05-03T09:30:00
AT,Burgenland,327,258,10,7529,4,1,2020-05-03T15:00:00
AT,Kärnten,410,382,13,10519,6,3,2020-05-03T15:00:00
AT,Vorarlberg,873,824,17,12783,7,4,2020-05-03T15:00:00
AT,Salzburg,1219,1115,36,24102,51,7,2020-05-03T15:00:00
AT,Steiermark,1766,1246,133,31215,47,9,2020-05-03T15:00:00
AT,Oberösterreich,2257,2106,57,41188,48,9,2020-05-03T15:00:00
AT,Wien,2538,1827,135,60943,124,22,2020-05-03T15:00:00
AT,Niederösterreich,2633,2255,92,32815,85,34,2020-05-03T15:00:00
AT,Tirol,3504,3215,105,53261,50,25,2020-05-03T15:00:00
AT,,15527,13228,598,274355,422,114,2020-05-03T15:00:00
AT,Burgenland,327,258,10,7529,4,1,2020-05-04T08:00:00
AT,Kärnten,410,382,13,10519,6,3,2020-05-04T08:00:00
AT,Vorarlberg,874,824,17,12783,7,4,2020-05-04T08:00:00
AT,Salzburg,1219,1115,36,24102,51,7,2020-05-04T08:00:00
AT,Steiermark,1768,1246,133,31215,47,9,2020-05-04T08:00:00
AT,Oberösterreich,2258,2106,57,41188,48,9,2020-05-04T08:00:00
AT,Wien,2540,1827,135,60943,124,22,2020-05-04T08:00:00
AT,Niederösterreich,2633,2255,92,32815,85,34,2020-05-04T08:00:00
AT,Tirol,3509,3215,105,53261,50,25,2020-05-04T08:00:00
AT,,15538,13228,598,274355,422,114,2020-05-04T08:00:00
AT,Burgenland,327,261,11,7637,3,1,2020-05-04T09:30:00
AT,Kärnten,410,382,13,10837,6,3,2020-05-04T09:30:00
AT,Vorarlberg,874,824,17,13040,7,4,2020-05-04T09:30:00
AT,Salzburg,1219,1116,36,24613,60,7,2020-05-04T09:30:00
AT,Steiermark,1768,1252,133,31579,43,9,2020-05-04T09:30:00
AT,Oberösterreich,2258,2110,56,41843,40,8,2020-05-04T09:30:00
AT,Wien,2540,1884,136,62364,126,19,2020-05-04T09:30:00
AT,Niederösterreich,2633,2270,93,33646,86,35,2020-05-04T09:30:00
AT,Tirol,3509,3217,105,53512,49,25,2020-05-04T09:30:00
AT,,15538,13316,600,279071,420,111,2020-05-04T09:30:00
AT,Burgenland,328,261,11,7637,3,1,2020-05-04T15:00:00
AT,Kärnten,410,382,13,10837,6,3,2020-05-04T15:00:00
AT,Vorarlberg,874,824,17,13040,7,4,2020-05-04T15:00:00
AT,Salzburg,1219,1116,36,24613,60,7,2020-05-04T15:00:00
AT,Steiermark,1774,1252,133,31579,43,9,2020-05-04T15:00:00
AT,Oberösterreich,2258,2110,56,41843,40,8,2020-05-04T15:00:00
AT,Wien,2541,1884,136,62364,126,19,2020-05-04T15:00:00
AT,Niederösterreich,2638,2270,93,33646,86,35,2020-05-04T15:00:00
AT,Tirol,3509,3217,105,53512,49,25,2020-05-04T15:00:00
AT,,15551,13316,600,279071,420,111,2020-05-04T15:00:00
AT,Burgenland,329,261,11,7637,3,1,2020-05-05T08:00:00
AT,Kärnten,410,382,13,10837,6,3,2020-05-05T08:00:00
AT,Vorarlberg,874,824,17,13040,7,4,2020-05-05T08:00:00
AT,Salzburg,1217,1116,36,24613,60,7,2020-05-05T08:00:00
AT,Steiermark,1774,1252,133,31579,43,9,2020-05-05T08:00:00
AT,Oberösterreich,2259,2110,56,41843,40,8,2020-05-05T08:00:00
AT,Wien,2554,1884,136,62364,126,19,2020-05-05T08:00:00
AT,Niederösterreich,2642,2270,93,33646,86,35,2020-05-05T08:00:00
AT,Tirol,3510,3217,105,53512,49,25,2020-05-05T08:00:00
AT,,15569,13316,600,279071,420,111,2020-05-05T08:00:00
AT,Burgenland,329,261,11,7795,6,1,2020-05-05T09:30:00
AT,Kärnten,410,383,13,11029,5,2,2020-05-05T09:30:00
AT,Vorarlberg,874,828,18,13156,8,4,2020-05-05T09:30:00
AT,Salzburg,1217,1119,36,25216,53,7,2020-05-05T09:30:00
AT,Steiermark,1774,1300,134,32158,41,9,2020-05-05T09:30:00
AT,Oberösterreich,2259,2115,57,42706,40,7,2020-05-05T09:30:00
AT,Wien,2554,1902,137,64413,136,20,2020-05-05T09:30:00
AT,Niederösterreich,2642,2310,95,34690,86,33,2020-05-05T09:30:00
AT,Tirol,3510,3244,105,54720,43,21,2020-05-05T09:30:00
AT,,15569,13462,606,285883,418,104,2020-05-05T09:30:00
AT,Burgenland,329,261,11,7795,6,1,2020-05-05T15:00:00
AT,Kärnten,411,383,13,11029,5,2,2020-05-05T15:00:00
AT,Vorarlberg,874,828,18,13156,8,4,2020-05-05T15:00:00
AT,Salzburg,1214,1119,36,25216,53,7,2020-05-05T15:00:00
AT,Steiermark,1777,1300,134,32158,41,9,2020-05-05T15:00:00
AT,Oberösterreich,2258,2115,57,42706,40,7,2020-05-05T15:00:00
AT,Wien,2557,1902,137,64413,136,20,2020-05-05T15:00:00
AT,Niederösterreich,2650,2310,95,34690,86,33,2020-05-05T15:00:00
AT,Tirol,3509,3244,105,54720,43,21,2020-05-05T15:00:00
AT,,15579,13462,606,285883,418,104,2020-05-05T15:00:00
AT,Burgenland,329,261,11,7795,6,1,2020-05-06T08:00:00
AT,Kärnten,411,383,13,11029,5,2,2020-05-06T08:00:00
AT,Vorarlberg,875,828,18,13156,8,4,2020-05-06T08:00:00
AT,Salzburg,1214,1119,36,25216,53,7,2020-05-06T08:00:00
AT,Steiermark,1778,1300,134,32158,41,9,2020-05-06T08:00:00
AT,Oberösterreich,2259,2115,57,42706,40,7,2020-05-06T08:00:00
AT,Wien,2560,1902,137,64413,136,20,2020-05-06T08:00:00
AT,Niederösterreich,2653,2310,95,34690,86,33,2020-05-06T08:00:00
AT,Tirol,3510,3244,105,54720,43,21,2020-05-06T08:00:00
AT,,15589,13462,606,285883,418,104,2020-05-06T08:00:00
AT,Burgenland,329,264,11,7847,5,1,2020-05-06T09:30:00
AT,Kärnten,411,385,13,11483,5,3,2020-05-06T09:30:00
AT,Vorarlberg,875,826,19,13324,7,4,2020-05-06T09:30:00
AT,Salzburg,1214,1132,36,24790,59,7,2020-05-06T09:30:00
AT,Steiermark,1778,1333,134,33003,40,8,2020-05-06T09:30:00
AT,Oberösterreich,2259,2131,57,43698,36,6,2020-05-06T09:30:00
AT,Wien,2560,1928,137,66538,145,20,2020-05-06T09:30:00
AT,Niederösterreich,2653,2369,95,35997,84,29,2020-05-06T09:30:00
AT,Tirol,3510,3271,106,55574,37,19,2020-05-06T09:30:00
AT,,15589,13639,608,292254,418,97,2020-05-06T09:30:00
AT,Burgenland,330,264,11,7847,5,1,2020-05-06T15:00:00
AT,Kärnten,411,385,13,11483,5,3,2020-05-06T15:00:00
AT,Vorarlberg,875,826,19,13324,7,4,2020-05-06T15:00:00
AT,Salzburg,1214,1132,36,24790,59,7,2020-05-06T15:00:00
AT,Steiermark,1784,1333,134,33003,40,8,2020-05-06T15:00:00
AT,Oberösterreich,2259,2131,57,43698,36,6,2020-05-06T15:00:00
AT,Wien,2587,1928,137,66538,145,20,2020-05-06T15:00:00
AT,Niederösterreich,2661,2369,95,35997,84,29,2020-05-06T15:00:00
AT,Tirol,3512,3271,106,55574,37,19,2020-05-06T15:00:00
AT,,15633,13639,608,292254,418,97,2020-05-06T15:00:00
AT,Burgenland,330,264,11,7847,5,1,2020-05-07T08:00:00
AT,Kärnten,411,385,13,11483,5,3,2020-05-07T08:00:00
AT,Vorarlberg,875,826,19,13324,7,4,2020-05-07T08:00:00
AT,Salzburg,1213,1132,36,24790,59,7,2020-05-07T08:00:00
AT,Steiermark,1785,1333,134,33003,40,8,2020-05-07T08:00:00
AT,Oberösterreich,2263,2131,57,43698,36,6,2020-05-07T08:00:00
AT,Wien,2599,1928,137,66538,145,20,2020-05-07T08:00:00
AT,Niederösterreich,2663,2369,95,35997,84,29,2020-05-07T08:00:00
AT,Tirol,3513,3271,106,55574,37,19,2020-05-07T08:00:00
AT,,15652,13639,608,292254,418,97,2020-05-07T08:00:00
AT,Burgenland,330,269,11,8078,4,1,2020-05-07T09:30:00
AT,Kärnten,411,385,13,11647,5,3,2020-05-07T09:30:00
AT,Vorarlberg,875,833,19,13794,6,3,2020-05-07T09:30:00
AT,Salzburg,1213,1140,36,25320,58,7,2020-05-07T09:30:00
AT,Steiermark,1785,1350,134,33702,38,7,2020-05-07T09:30:00
AT,Oberösterreich,2263,2139,57,44417,32,7,2020-05-07T09:30:00
AT,Wien,2599,1937,138,67738,111,19,2020-05-07T09:30:00
AT,Niederösterreich,2663,2370,95,37010,76,28,2020-05-07T09:30:00
AT,Tirol,3513,3275,106,56188,30,17,2020-05-07T09:30:00
AT,,15652,13698,609,297894,360,92,2020-05-07T09:30:00
AT,Burgenland,330,269,11,8078,4,1,2020-05-07T15:00:00
AT,Kärnten,411,385,13,11647,5,3,2020-05-07T15:00:00
AT,Vorarlberg,875,833,19,13794,6,3,2020-05-07T15:00:00
AT,Salzburg,1213,1140,36,25320,58,7,2020-05-07T15:00:00
AT,Steiermark,1787,1350,134,33702,38,7,2020-05-07T15:00:00
AT,Oberösterreich,2263,2139,57,44417,32,7,2020-05-07T15:00:00
AT,Wien,2605,1937,138,67738,111,19,2020-05-07T15:00:00
AT,Niederösterreich,2666,2370,95,37010,76,28,2020-05-07T15:00:00
AT,Tirol,3515,3275,106,56188,30,17,2020-05-07T15:00:00
AT,,15665,13698,609,297894,360,92,2020-05-07T15:00:00
AT,Burgenland,330,269,11,8078,4,1,2020-05-08T08:00:00
AT,Kärnten,411,385,13,11647,5,3,2020-05-08T08:00:00
AT,Vorarlberg,875,833,19,13794,6,3,2020-05-08T08:00:00
AT,Salzburg,1213,1140,36,25320,58,7,2020-05-08T08:00:00
AT,Steiermark,1788,1350,134,33702,38,7,2020-05-08T08:00:00
AT,Oberösterreich,2264,2139,57,44417,32,7,2020-05-08T08:00:00
AT,Wien,2609,1937,138,67738,111,19,2020-05-08T08:00:00
AT,Niederösterreich,2669,2370,95,37010,76,28,2020-05-08T08:00:00
AT,Tirol,3516,3275,106,56188,30,17,2020-05-08T08:00:00
AT,,15675,13698,609,297894,360,92,2020-05-08T08:00:00
AT,Burgenland,330,272,11,8145,6,0,2020-05-08T09:30:00
AT,Kärnten,411,386,13,11980,3,2,2020-05-08T09:30:00
AT,Vorarlberg,875,835,19,14274,3,2,2020-05-08T09:30:00
AT,Salzburg,1213,1142,36,26080,50,7,2020-05-08T09:30:00
AT,Steiermark,1788,1380,135,34368,38,6,2020-05-08T09:30:00
AT,Oberösterreich,2264,2151,57,45271,28,4,2020-05-08T09:30:00
AT,Wien,2609,1992,141,68859,109,18,2020-05-08T09:30:00
AT,Niederösterreich,2669,2394,95,38048,73,28,2020-05-08T09:30:00
AT,Tirol,3516,3284,107,57044,29,14,2020-05-08T09:30:00
AT,,15675,13836,614,304069,339,81,2020-05-08T09:30:00
AT,Burgenland,330,272,11,8145,6,0,2020-05-08T15:00:00
AT,Kärnten,411,386,13,11980,3,2,2020-05-08T15:00:00
AT,Vorarlberg,874,835,19,14274,3,2,2020-05-08T15:00:00
AT,Salzburg,1212,1142,36,26080,50,7,2020-05-08T15:00:00
AT,Steiermark,1792,1380,135,34368,38,6,2020-05-08T15:00:00
AT,Oberösterreich,2265,2151,57,45271,28,4,2020-05-08T15:00:00
AT,Wien,2631,1992,141,68859,109,18,2020-05-08T15:00:00
AT,Niederösterreich,2682,2394,95,38048,73,28,2020-05-08T15:00:00
AT,Tirol,3517,3284,107,57044,29,14,2020-05-08T15:00:00
AT,,15714,13836,614,304069,339,81,2020-05-08T15:00:00
AT,Burgenland,330,272,11,8145,6,0,2020-05-09T08:00:00
AT,Kärnten,411,386,13,11980,3,2,2020-05-09T08:00:00
AT,Vorarlberg,876,835,19,14274,3,2,2020-05-09T08:00:00
AT,Salzburg,1212,1142,36,26080,50,7,2020-05-09T08:00:00
AT,Steiermark,1794,1380,135,34368,38,6,2020-05-09T08:00:00
AT,Oberösterreich,2266,2151,57,45271,28,4,2020-05-09T08:00:00
AT,Wien,2647,1992,141,68859,109,18,2020-05-09T08:00:00
AT,Niederösterreich,2682,2394,95,38048,73,28,2020-05-09T08:00:00
AT,Tirol,3517,3284,107,57044,29,14,2020-05-09T08:00:00
AT,,15735,13836,614,304069,339,81,2020-05-09T08:00:00
AT,Burgenland,330,279,11,8255,6,0,2020-05-09T09:30:00
AT,Kärnten,411,387,13,12208,3,2,2020-05-09T09:30:00
AT,Vorarlberg,876,838,19,15160,2,1,2020-05-09T09:30:00
AT,Salzburg,1212,1155,36,26560,25,3,2020-05-09T09:30:00
AT,Steiermark,1794,1395,135,35200,32,6,2020-05-09T09:30:00
AT,Oberösterreich,2266,2160,58,46097,20,5,2020-05-09T09:30:00
AT,Wien,2647,1999,141,70226,110,19,2020-05-09T09:30:00
AT,Niederösterreich,2682,2405,95,39532,72,25,2020-05-09T09:30:00
AT,Tirol,3517,3310,107,58452,39,18,2020-05-09T09:30:00
AT,,15735,13928,615,311690,309,79,2020-05-09T09:30:00
AT,Burgenland,331,279,11,8255,6,0,2020-05-09T15:00:00
AT,Kärnten,411,387,13,12208,3,2,2020-05-09T15:00:00
AT,Vorarlberg,876,838,19,15160,2,1,2020-05-09T15:00:00
AT,Salzburg,1212,1155,36,26560,25,3,2020-05-09T15:00:00
AT,Steiermark,1796,1395,135,35200,32,6,2020-05-09T15:00:00
AT,Oberösterreich,2267,2160,58,46097,20,5,2020-05-09T15:00:00
AT,Wien,2661,1999,141,70226,110,19,2020-05-09T15:00:00
AT,Niederösterreich,2684,2405,95,39532,72,25,2020-05-09T15:00:00
AT,Tirol,3518,3310,107,58452,39,18,2020-05-09T15:00:00
AT,,15756,13928,615,311690,309,79,2020-05-09T15:00:00
AT,Burgenland,331,279,11,8255,6,0,2020-05-10T08:00:00
AT,Kärnten,411,387,13,12208,3,2,2020-05-10T08:00:00
AT,Vorarlberg,876,838,19,15160,2,1,2020-05-10T08:00:00
AT,Salzburg,1212,1155,36,26560,25,3,2020-05-10T08:00:00
AT,Steiermark,1810,1395,135,35200,32,6,2020-05-10T08:00:00
AT,Oberösterreich,2268,2160,58,46097,20,5,2020-05-10T08:00:00
AT,Wien,2666,1999,141,70226,110,19,2020-05-10T08:00:00
AT,Niederösterreich,2685,2405,95,39532,72,25,2020-05-10T08:00:00
AT,Tirol,3518,3310,107,58452,39,18,2020-05-10T08:00:00
AT,,15777,13928,615,311690,309,79,2020-05-10T08:00:00
AT,Burgenland,331,282,11,8444,6,0,2020-05-10T09:30:00
AT,Kärnten,411,388,13,12414,2,0,2020-05-10T09:30:00
AT,Vorarlberg,876,839,19,15886,2,1,2020-05-10T09:30:00
AT,Salzburg,1212,1162,36,26985,28,2,2020-05-10T09:30:00
AT,Steiermark,1810,1412,136,35795,26,5,2020-05-10T09:30:00
AT,Oberösterreich,2268,2163,58,46687,19,6,2020-05-10T09:30:00
AT,Wien,2666,2014,143,70738,107,19,2020-05-10T09:30:00
AT,Niederösterreich,2685,2414,95,40655,68,24,2020-05-10T09:30:00
AT,Tirol,3518,3317,107,58904,33,15,2020-05-10T09:30:00
AT,,15777,13991,618,316508,291,72,2020-05-10T09:30:00
AT,Burgenland,330,282,11,8444,6,0,2020-05-10T15:00:00
AT,Kärnten,411,388,13,12414,2,0,2020-05-10T15:00:00
AT,Vorarlberg,876,839,19,15886,2,1,2020-05-10T15:00:00
AT,Salzburg,1212,1162,36,26985,28,2,2020-05-10T15:00:00
AT,Steiermark,1810,1412,136,35795,26,5,2020-05-10T15:00:00
AT,Oberösterreich,2270,2163,58,46687,19,6,2020-05-10T15:00:00
AT,Wien,2672,2014,143,70738,107,19,2020-05-10T15:00:00
AT,Niederösterreich,2687,2414,95,40655,68,24,2020-05-10T15:00:00
AT,Tirol,3518,3317,107,58904,33,15,2020-05-10T15:00:00
AT,,15786,13991,618,316508,291,72,2020-05-10T15:00:00
AT,Burgenland,330,282,11,8444,6,0,2020-05-11T08:00:00
AT,Kärnten,411,388,13,12414,2,0,2020-05-11T08:00:00
AT,Vorarlberg,877,839,19,15886,2,1,2020-05-11T08:00:00
AT,Salzburg,1212,1162,36,26985,28,2,2020-05-11T08:00:00
AT,Steiermark,1810,1412,136,35795,26,5,2020-05-11T08:00:00
AT,Oberösterreich,2269,2163,58,46687,19,6,2020-05-11T08:00:00
AT,Wien,2674,2014,143,70738,107,19,2020-05-11T08:00:00
AT,Niederösterreich,2691,2414,95,40655,68,24,2020-05-11T08:00:00
AT,Tirol,3518,3317,107,58904,33,15,2020-05-11T08:00:00
AT,,15792,13991,618,316508,291,72,2020-05-11T08:00:00
AT,Burgenland,330,283,11,8477,3,0,2020-05-11T09:30:00
AT,Kärnten,411,389,13,12496,1,0,2020-05-11T09:30:00
AT,Vorarlberg,877,839,19,15886,2,1,2020-05-11T09:30:00
AT,Salzburg,1212,1162,37,27325,30,3,2020-05-11T09:30:00
AT,Steiermark,1810,1423,136,36089,24,4,2020-05-11T09:30:00
AT,Oberösterreich,2269,2169,58,47268,19,4,2020-05-11T09:30:00
AT,Wien,2674,2061,144,70789,102,20,2020-05-11T09:30:00
AT,Niederösterreich,2691,2418,95,41724,69,23,2020-05-11T09:30:00
AT,Tirol,3518,3317,107,59430,29,13,2020-05-11T09:30:00
AT,,15792,14061,620,319484,279,68,2020-05-11T09:30:00
AT,Burgenland,331,283,11,8477,3,0,2020-05-11T15:00:00
AT,Kärnten,411,389,13,12496,1,0,2020-05-11T15:00:00
AT,Vorarlberg,876,839,19,15886,2,1,2020-05-11T15:00:00
AT,Salzburg,1217,1162,37,27325,30,3,2020-05-11T15:00:00
AT,Steiermark,1810,1423,136,36089,24,4,2020-05-11T15:00:00
AT,Oberösterreich,2266,2169,58,47268,19,4,2020-05-11T15:00:00
AT,Niederösterreich,2704,2418,95,41724,69,23,2020-05-11T15:00:00
AT,Wien,2712,2061,144,70789,102,20,2020-05-11T15:00:00
AT,Tirol,3518,3317,107,59430,29,13,2020-05-11T15:00:00
AT,,15845,14061,620,319484,279,68,2020-05-11T15:00:00
AT,Burgenland,332,283,11,8477,3,0,2020-05-12T08:00:00
AT,Kärnten,411,389,13,12496,1,0,2020-05-12T08:00:00
AT,Vorarlberg,879,839,19,15886,2,1,2020-05-12T08:00:00
AT,Salzburg,1215,1162,37,27325,30,3,2020-05-12T08:00:00
AT,Steiermark,1810,1423,136,36089,24,4,2020-05-12T08:00:00
AT,Oberösterreich,2267,2169,58,47268,19,4,2020-05-12T08:00:00
AT,Niederösterreich,2704,2418,95,41724,69,23,2020-05-12T08:00:00
AT,Wien,2741,2061,144,70789,102,20,2020-05-12T08:00:00
AT,Tirol,3518,3317,107,59430,29,13,2020-05-12T08:00:00
AT,,15877,14061,620,319484,279,68,2020-05-12T08:00:00
AT,Burgenland,332,290,11,8817,0,0,2020-05-12T09:30:00
AT,Kärnten,411,388,13,12836,1,0,2020-05-12T09:30:00
AT,Vorarlberg,879,843,19,16146,2,1,2020-05-12T09:30:00
AT,Salzburg,1215,1165,37,27658,29,2,2020-05-12T09:30:00
AT,Steiermark,1810,1449,139,36535,22,4,2020-05-12T09:30:00
AT,Oberösterreich,2267,2170,58,47935,20,3,2020-05-12T09:30:00
AT,Niederösterreich,2704,2433,95,42771,67,21,2020-05-12T09:30:00
AT,Wien,2741,2081,144,75361,97,16,2020-05-12T09:30:00
AT,Tirol,3518,3329,107,61255,26,12,2020-05-12T09:30:00
AT,,15877,14148,623,329314,264,59,2020-05-12T09:30:00
AT,Burgenland,332,290,11,8817,0,0,2020-05-12T15:00:00
AT,Kärnten,411,388,13,12836,1,0,2020-05-12T15:00:00
AT,Vorarlberg,879,843,19,16146,2,1,2020-05-12T15:00:00
AT,Salzburg,1215,1165,37,27658,29,2,2020-05-12T15:00:00
AT,Steiermark,1813,1449,139,36535,22,4,2020-05-12T15:00:00
AT,Oberösterreich,2269,2170,58,47935,20,3,2020-05-12T15:00:00
AT,Niederösterreich,2709,2433,95,42771,67,21,2020-05-12T15:00:00
AT,Wien,2748,2081,144,75361,97,16,2020-05-12T15:00:00
AT,Tirol,3518,3329,107,61255,26,12,2020-05-12T15:00:00
AT,,15894,14148,623,329314,264,59,2020-05-12T15:00:00
AT,Burgenland,331,290,11,8817,0,0,2020-05-13T08:00:00
AT,Kärnten,411,388,13,12836,1,0,2020-05-13T08:00:00
AT,Vorarlberg,882,843,19,16146,2,1,2020-05-13T08:00:00
AT,Salzburg,1216,1165,37,27658,29,2,2020-05-13T08:00:00
AT,Steiermark,1814,1449,139,36535,22,4,2020-05-13T08:00:00
AT,Oberösterreich,2268,2170,58,47935,20,3,2020-05-13T08:00:00
AT,Niederösterreich,2717,2433,95,42771,67,21,2020-05-13T08:00:00
AT,Wien,2764,2081,144,75361,97,16,2020-05-13T08:00:00
AT,Tirol,3518,3329,107,61255,26,12,2020-05-13T08:00:00
AT,,15921,14148,623,329314,264,59,2020-05-13T08:00:00
AT,Burgenland,331,297,11,9162,4,0,2020-05-13T09:30:00
AT,Kärnten,411,388,13,13172,2,0,2020-05-13T09:30:00
AT,Vorarlberg,882,847,19,16463,0,0,2020-05-13T09:30:00
AT,Salzburg,1216,1171,37,28272,15,2,2020-05-13T09:30:00
AT,Steiermark,1814,1482,139,37421,19,5,2020-05-13T09:30:00
AT,Oberösterreich,2268,2177,59,48661,20,2,2020-05-13T09:30:00
AT,Niederösterreich,2717,2467,95,43776,65,21,2020-05-13T09:30:00
AT,Wien,2764,2126,144,76478,96,16,2020-05-13T09:30:00
AT,Tirol,3518,3349,107,62847,22,9,2020-05-13T09:30:00
AT,,15921,14304,624,336252,243,55,2020-05-13T09:30:00
AT,Burgenland,335,297,11,9162,4,0,2020-05-13T15:00:00
AT,Kärnten,410,388,13,13172,2,0,2020-05-13T15:00:00
AT,Vorarlberg,882,847,19,16463,0,0,2020-05-13T15:00:00
AT,Salzburg,1217,1171,37,28272,15,2,2020-05-13T15:00:00
AT,Steiermark,1814,1482,139,37421,19,5,2020-05-13T15:00:00
AT,Oberösterreich,2268,2177,59,48661,20,2,2020-05-13T15:00:00
AT,Niederösterreich,2720,2467,95,43776,65,21,2020-05-13T15:00:00
AT,Wien,2807,2126,144,76478,96,16,2020-05-13T15:00:00
AT,Tirol,3520,3349,107,62847,22,9,2020-05-13T15:00:00
AT,,15973,14304,624,336252,243,55,2020-05-13T15:00:00
AT,Burgenland,334,297,11,9162,4,0,2020-05-14T08:00:00
AT,Kärnten,410,388,13,13172,2,0,2020-05-14T08:00:00
AT,Vorarlberg,882,847,19,16463,0,0,2020-05-14T08:00:00
AT,Salzburg,1217,1171,37,28272,15,2,2020-05-14T08:00:00
AT,Steiermark,1814,1482,139,37421,19,5,2020-05-14T08:00:00
AT,Oberösterreich,2269,2177,59,48661,20,2,2020-05-14T08:00:00
AT,Niederösterreich,2721,2467,95,43776,65,21,2020-05-14T08:00:00
AT,Wien,2810,2126,144,76478,96,16,2020-05-14T08:00:00
AT,Tirol,3523,3349,107,62847,22,9,2020-05-14T08:00:00
AT,,15980,14304,624,336252,243,55,2020-05-14T08:00:00
AT,Burgenland,334,300,11,9482,3,0,2020-05-14T09:30:00
AT,Kärnten,410,389,13,13509,2,0,2020-05-14T09:30:00
AT,Vorarlberg,882,856,19,16748,0,0,2020-05-14T09:30:00
AT,Salzburg,1217,1175,37,28942,15,2,2020-05-14T09:30:00
AT,Steiermark,1814,1504,139,38488,21,4,2020-05-14T09:30:00
AT,Oberösterreich,2269,2177,59,49589,14,1,2020-05-14T09:30:00
AT,Niederösterreich,2721,2487,97,44954,62,20,2020-05-14T09:30:00
AT,Wien,2810,2157,144,78833,96,18,2020-05-14T09:30:00
AT,Tirol,3523,3360,107,64061,21,9,2020-05-14T09:30:00
AT,,15980,14405,626,344606,234,54,2020-05-14T09:30:00
AT,Burgenland,334,300,11,9482,3,0,2020-05-14T15:00:00
AT,Kärnten,411,389,13,13509,2,0,2020-05-14T15:00:00
AT,Vorarlberg,883,856,19,16748,0,0,2020-05-14T15:00:00
AT,Salzburg,1216,1175,37,28942,15,2,2020-05-14T15:00:00
AT,Steiermark,1814,1504,139,38488,21,4,2020-05-14T15:00:00
AT,Oberösterreich,2271,2177,59,49589,14,1,2020-05-14T15:00:00
AT,Niederösterreich,2732,2487,97,44954,62,20,2020-05-14T15:00:00
AT,Wien,2829,2157,144,78833,96,18,2020-05-14T15:00:00
AT,Tirol,3524,3360,107,64061,21,9,2020-05-14T15:00:00
AT,,16014,14405,626,344606,234,54,2020-05-14T15:00:00
AT,Burgenland,334,300,11,9482,3,0,2020-05-15T08:00:00
AT,Kärnten,411,389,13,13509,2,0,2020-05-15T08:00:00
AT,Vorarlberg,883,856,19,16748,0,0,2020-05-15T08:00:00
AT,Salzburg,1217,1175,37,28942,15,2,2020-05-15T08:00:00
AT,Steiermark,1815,1504,139,38488,21,4,2020-05-15T08:00:00
AT,Oberösterreich,2270,2177,59,49589,14,1,2020-05-15T08:00:00
AT,Niederösterreich,2739,2487,97,44954,62,20,2020-05-15T08:00:00
AT,Wien,2835,2157,144,78833,96,18,2020-05-15T08:00:00
AT,Tirol,3526,3360,107,64061,21,9,2020-05-15T08:00:00
AT,,16030,14405,626,344606,234,54,2020-05-15T08:00:00
AT,Burgenland,334,302,11,9635,4,0,2020-05-15T09:30:00
AT,Kärnten,411,390,13,13750,2,0,2020-05-15T09:30:00
AT,Vorarlberg,883,856,19,17136,0,0,2020-05-15T09:30:00
AT,Salzburg,1217,1179,37,29600,12,2,2020-05-15T09:30:00
AT,Steiermark,1815,1510,140,39387,17,4,2020-05-15T09:30:00
AT,Oberösterreich,2270,2185,60,50523,14,1,2020-05-15T09:30:00
AT,Niederösterreich,2739,2503,97,46257,58,18,2020-05-15T09:30:00
AT,Wien,2835,2176,144,80219,84,14,2020-05-15T09:30:00
AT,Tirol,3526,3370,107,64844,21,8,2020-05-15T09:30:00
AT,,16030,14471,628,351351,212,47,2020-05-15T09:30:00
AT,Burgenland,334,302,11,9635,4,0,2020-05-15T15:00:00
AT,Kärnten,411,390,13,13750,2,0,2020-05-15T15:00:00
AT,Vorarlberg,883,856,19,17136,0,0,2020-05-15T15:00:00
AT,Salzburg,1217,1179,37,29600,12,2,2020-05-15T15:00:00
AT,Steiermark,1816,1510,140,39387,17,4,2020-05-15T15:00:00
AT,Oberösterreich,2274,2185,60,50523,14,1,2020-05-15T15:00:00
AT,Niederösterreich,2765,2503,97,46257,58,18,2020-05-15T15:00:00
AT,Wien,2865,2176,144,80219,84,14,2020-05-15T15:00:00
AT,Tirol,3528,3370,107,64844,21,8,2020-05-15T15:00:00
AT,,16093,14471,628,351351,212,47,2020-05-15T15:00:00
AT,Burgenland,335,302,11,9635,4,0,2020-05-16T08:00:00
AT,Kärnten,411,390,13,13750,2,0,2020-05-16T08:00:00
AT,Vorarlberg,884,856,19,17136,0,0,2020-05-16T08:00:00
AT,Salzburg,1216,1179,37,29600,12,2,2020-05-16T08:00:00
AT,Steiermark,1819,1510,140,39387,17,4,2020-05-16T08:00:00
AT,Oberösterreich,2275,2185,60,50523,14,1,2020-05-16T08:00:00
AT,Niederösterreich,2774,2503,97,46257,58,18,2020-05-16T08:00:00
AT,Wien,2891,2176,144,80219,84,14,2020-05-16T08:00:00
AT,Tirol,3528,3370,107,64844,21,8,2020-05-16T08:00:00
AT,,16133,14471,628,351351,212,47,2020-05-16T08:00:00
AT,Burgenland,335,308,11,9599,3,0,2020-05-16T09:30:00
AT,Kärnten,411,390,13,13890,1,0,2020-05-16T09:30:00
AT,Vorarlberg,884,856,19,17398,0,0,2020-05-16T09:30:00
AT,Salzburg,1216,1179,37,29989,11,2,2020-05-16T09:30:00
AT,Steiermark,1819,1531,140,40431,16,4,2020-05-16T09:30:00
AT,Oberösterreich,2275,2189,60,51139,17,1,2020-05-16T09:30:00
AT,Niederösterreich,2774,2510,98,47426,53,17,2020-05-16T09:30:00
AT,Wien,2891,2188,144,81902,87,17,2020-05-16T09:30:00
AT,Tirol,3528,3373,107,65619,20,9,2020-05-16T09:30:00
AT,,16133,14524,629,357393,208,50,2020-05-16T09:30:00
AT,Burgenland,335,308,11,9599,3,0,2020-05-16T15:00:00
AT,Kärnten,411,390,13,13890,1,0,2020-05-16T15:00:00
AT,Vorarlberg,885,856,19,17398,0,0,2020-05-16T15:00:00
AT,Salzburg,1216,1179,37,29989,11,2,2020-05-16T15:00:00
AT,Steiermark,1822,1531,140,40431,16,4,2020-05-16T15:00:00
AT,Oberösterreich,2275,2189,60,51139,17,1,2020-05-16T15:00:00
AT,Niederösterreich,2780,2510,98,47426,53,17,2020-05-16T15:00:00
AT,Wien,2894,2188,144,81902,87,17,2020-05-16T15:00:00
AT,Tirol,3528,3373,107,65619,20,9,2020-05-16T15:00:00
AT,,16146,14524,629,357393,208,50,2020-05-16T15:00:00
AT,Burgenland,336,308,11,9599,3,0,2020-05-17T08:00:00
AT,Kärnten,411,390,13,13890,1,0,2020-05-17T08:00:00
AT,Vorarlberg,885,856,19,17398,0,0,2020-05-17T08:00:00
AT,Salzburg,1216,1179,37,29989,11,2,2020-05-17T08:00:00
AT,Steiermark,1822,1531,140,40431,16,4,2020-05-17T08:00:00
AT,Oberösterreich,2275,2189,60,51139,17,1,2020-05-17T08:00:00
AT,Niederösterreich,2782,2510,98,47426,53,17,2020-05-17T08:00:00
AT,Wien,2896,2188,144,81902,87,17,2020-05-17T08:00:00
AT,Tirol,3528,3373,107,65619,20,9,2020-05-17T08:00:00
AT,,16151,14524,629,357393,208,50,2020-05-17T08:00:00
AT,Burgenland,336,311,11,10046,4,0,2020-05-17T09:30:00
AT,Kärnten,411,390,13,13941,1,0,2020-05-17T09:30:00
AT,Vorarlberg,885,856,19,17809,0,0,2020-05-17T09:30:00
AT,Salzburg,1216,1183,37,30428,8,1,2020-05-17T09:30:00
AT,Steiermark,1822,1543,140,41015,14,4,2020-05-17T09:30:00
AT,Oberösterreich,2275,2187,60,51753,16,4,2020-05-17T09:30:00
AT,Niederösterreich,2782,2512,98,48584,49,15,2020-05-17T09:30:00
AT,Wien,2896,2199,144,82944,88,17,2020-05-17T09:30:00
AT,Tirol,3528,3382,107,65989,17,7,2020-05-17T09:30:00
AT,,16151,14563,629,362509,197,48,2020-05-17T09:30:00
AT,Burgenland,337,311,11,10046,4,0,2020-05-17T15:00:00
AT,Kärnten,411,390,13,13941,1,0,2020-05-17T15:00:00
AT,Vorarlberg,887,856,19,17809,0,0,2020-05-17T15:00:00
AT,Salzburg,1216,1183,37,30428,8,1,2020-05-17T15:00:00
AT,Steiermark,1823,1543,140,41015,14,4,2020-05-17T15:00:00
AT,Oberösterreich,2275,2187,60,51753,16,4,2020-05-17T15:00:00
AT,Niederösterreich,2785,2512,98,48584,49,15,2020-05-17T15:00:00
AT,Wien,2905,2199,144,82944,88,17,2020-05-17T15:00:00
AT,Tirol,3528,3382,107,65989,17,7,2020-05-17T15:00:00
AT,,16167,14563,629,362509,197,48,2020-05-17T15:00:00
AT,Burgenland,337,311,11,10046,4,0,2020-05-18T08:00:00
AT,Kärnten,411,390,13,13941,1,0,2020-05-18T08:00:00
AT,Vorarlberg,887,856,19,17809,0,0,2020-05-18T08:00:00
AT,Salzburg,1216,1183,37,30428,8,1,2020-05-18T08:00:00
AT,Steiermark,1822,1543,140,41015,14,4,2020-05-18T08:00:00
AT,Oberösterreich,2275,2187,60,51753,16,4,2020-05-18T08:00:00
AT,Niederösterreich,2788,2512,98,48584,49,15,2020-05-18T08:00:00
AT,Wien,2914,2199,144,82944,88,17,2020-05-18T08:00:00
AT,Tirol,3529,3382,107,65989,17,7,2020-05-18T08:00:00
AT,,16179,14563,629,362509,197,48,2020-05-18T08:00:00
AT,Burgenland,337,312,11,10384,3,0,2020-05-18T09:30:00
AT,Kärnten,411,390,13,14011,1,0,2020-05-18T09:30:00
AT,Vorarlberg,887,856,19,17898,0,0,2020-05-18T09:30:00
AT,Salzburg,1216,1183,37,30480,10,1,2020-05-18T09:30:00
AT,Steiermark,1822,1550,140,41389,14,4,2020-05-18T09:30:00
AT,Oberösterreich,2275,2187,60,52091,12,2,2020-05-18T09:30:00
AT,Niederösterreich,2788,2516,98,49590,49,15,2020-05-18T09:30:00
AT,Wien,2914,2237,144,83745,89,17,2020-05-18T09:30:00
AT,Tirol,3529,3383,107,66285,18,6,2020-05-18T09:30:00
AT,,16179,14614,629,365873,196,45,2020-05-18T09:30:00
AT,Burgenland,337,312,11,10384,3,0,2020-05-18T15:00:00
AT,Kärnten,411,390,13,14011,1,0,2020-05-18T15:00:00
AT,Vorarlberg,887,856,19,17898,0,0,2020-05-18T15:00:00
AT,Salzburg,1216,1183,37,30480,10,1,2020-05-18T15:00:00
AT,Steiermark,1823,1550,140,41389,14,4,2020-05-18T15:00:00
AT,Oberösterreich,2276,2187,60,52091,12,2,2020-05-18T15:00:00
AT,Niederösterreich,2798,2516,98,49590,49,15,2020-05-18T15:00:00
AT,Wien,2923,2237,144,83745,89,17,2020-05-18T15:00:00
AT,Tirol,3530,3383,107,66285,18,6,2020-05-18T15:00:00
AT,,16201,14614,629,365873,196,45,2020-05-18T15:00:00
AT,Burgenland,338,312,11,10384,3,0,2020-05-19T08:00:00
AT,Kärnten,411,390,13,14011,1,0,2020-05-19T08:00:00
AT,Vorarlberg,887,856,19,17898,0,0,2020-05-19T08:00:00
AT,Salzburg,1218,1183,37,30480,10,1,2020-05-19T08:00:00
AT,Steiermark,1825,1550,140,41389,14,4,2020-05-19T08:00:00
AT,Oberösterreich,2282,2187,60,52091,12,2,2020-05-19T08:00:00
AT,Niederösterreich,2798,2516,98,49590,49,15,2020-05-19T08:00:00
AT,Wien,2942,2237,144,83745,89,17,2020-05-19T08:00:00
AT,Tirol,3530,3383,107,66285,18,6,2020-05-19T08:00:00
AT,,16231,14614,629,365873,196,45,2020-05-19T08:00:00
AT,Burgenland,338,316,11,10431,2,0,2020-05-19T09:30:00
AT,Kärnten,411,392,13,14410,1,0,2020-05-19T09:30:00
AT,Vorarlberg,887,859,19,18104,1,0,2020-05-19T09:30:00
AT,Salzburg,1218,1183,37,30881,8,1,2020-05-19T09:30:00
AT,Steiermark,1825,1563,142,42090,14,4,2020-05-19T09:30:00
AT,Oberösterreich,2282,2199,60,52924,12,1,2020-05-19T09:30:00
AT,Niederösterreich,2798,2529,99,50494,45,14,2020-05-19T09:30:00
AT,Wien,2942,2252,144,86247,81,14,2020-05-19T09:30:00
AT,Tirol,3530,3385,107,66854,18,5,2020-05-19T09:30:00
AT,,16231,14678,632,372435,182,39,2020-05-19T09:30:00
AT,Burgenland,338,316,11,10431,2,0,2020-05-19T15:00:00
AT,Kärnten,411,392,13,14410,1,0,2020-05-19T15:00:00
AT,Vorarlberg,893,859,19,18104,1,0,2020-05-19T15:00:00
AT,Salzburg,1219,1183,37,30881,8,1,2020-05-19T15:00:00
AT,Steiermark,1827,1563,142,42090,14,4,2020-05-19T15:00:00
AT,Oberösterreich,2288,2199,60,52924,12,1,2020-05-19T15:00:00
AT,Niederösterreich,2789,2529,99,50494,45,14,2020-05-19T15:00:00
AT,Wien,2964,2252,144,86247,81,14,2020-05-19T15:00:00
AT,Tirol,3532,3385,107,66854,18,5,2020-05-19T15:00:00
AT,,16261,14678,632,372435,182,39,2020-05-19T15:00:00
AT,Burgenland,338,316,11,10431,2,0,2020-05-20T08:00:00
AT,Kärnten,411,392,13,14410,1,0,2020-05-20T08:00:00
AT,Vorarlberg,894,859,19,18104,1,0,2020-05-20T08:00:00
AT,Salzburg,1220,1183,37,30881,8,1,2020-05-20T08:00:00
AT,Steiermark,1828,1563,142,42090,14,4,2020-05-20T08:00:00
AT,Oberösterreich,2289,2199,60,52924,12,1,2020-05-20T08:00:00
AT,Niederösterreich,2793,2529,99,50494,45,14,2020-05-20T08:00:00
AT,Wien,2970,2252,144,86247,81,14,2020-05-20T08:00:00
AT,Tirol,3532,3385,107,66854,18,5,2020-05-20T08:00:00
AT,,16275,14678,632,372435,182,39,2020-05-20T08:00:00
AT,Burgenland,338,316,11,10882,1,0,2020-05-20T09:30:00
AT,Kärnten,411,393,13,14763,1,0,2020-05-20T09:30:00
AT,Vorarlberg,894,861,19,18390,1,0,2020-05-20T09:30:00
AT,Salzburg,1220,1183,38,31196,7,1,2020-05-20T09:30:00
AT,Steiermark,1828,1574,142,42955,12,2,2020-05-20T09:30:00
AT,Oberösterreich,2289,2200,60,54237,15,0,2020-05-20T09:30:00
AT,Niederösterreich,2793,2557,99,51582,41,14,2020-05-20T09:30:00
AT,Wien,2970,2405,144,88196,81,14,2020-05-20T09:30:00
AT,Tirol,3532,3393,107,67391,15,6,2020-05-20T09:30:00
AT,,16275,14882,633,379592,174,37,2020-05-20T09:30:00
AT,Burgenland,336,316,11,10882,1,0,2020-05-20T15:00:00
AT,Kärnten,411,393,13,14763,1,0,2020-05-20T15:00:00
AT,Vorarlberg,894,861,19,18390,1,0,2020-05-20T15:00:00
AT,Salzburg,1220,1183,38,31196,7,1,2020-05-20T15:00:00
AT,Steiermark,1831,1574,142,42955,12,2,2020-05-20T15:00:00
AT,Oberösterreich,2284,2200,60,54237,15,0,2020-05-20T15:00:00
AT,Niederösterreich,2799,2557,99,51582,41,14,2020-05-20T15:00:00
AT,Wien,2988,2405,144,88196,81,14,2020-05-20T15:00:00
AT,Tirol,3532,3393,107,67391,15,6,2020-05-20T15:00:00
AT,,16295,14882,633,379592,174,37,2020-05-20T15:00:00
AT,Burgenland,336,316,11,10882,1,0,2020-05-21T08:00:00
AT,Kärnten,411,393,13,14763,1,0,2020-05-21T08:00:00
AT,Vorarlberg,894,861,19,18390,1,0,2020-05-21T08:00:00
AT,Salzburg,1220,1183,38,31196,7,1,2020-05-21T08:00:00
AT,Steiermark,1832,1574,142,42955,12,2,2020-05-21T08:00:00
AT,Oberösterreich,2286,2200,60,54237,15,0,2020-05-21T08:00:00
AT,Niederösterreich,2800,2557,99,51582,41,14,2020-05-21T08:00:00
AT,Wien,3007,2405,144,88196,81,14,2020-05-21T08:00:00
AT,Tirol,3534,3393,107,67391,15,6,2020-05-21T08:00:00
AT,,16320,14882,633,379592,174,37,2020-05-21T08:00:00
AT,Burgenland,336,317,11,10958,3,0,2020-05-21T09:00:00
AT,Kärnten,411,393,13,14910,1,0,2020-05-21T09:00:00
AT,Vorarlberg,894,862,19,18691,1,0,2020-05-21T09:00:00
AT,Salzburg,1220,1189,38,31329,5,0,2020-05-21T09:00:00
AT,Steiermark,1832,1589,142,44061,9,2,2020-05-21T09:00:00
AT,Oberösterreich,2286,2197,60,54982,14,0,2020-05-21T09:00:00
AT,Niederösterreich,2800,2562,99,52614,42,13,2020-05-21T09:00:00
AT,Wien,3007,2447,144,90228,99,13,2020-05-21T09:00:00
AT,Tirol,3534,3395,107,67834,14,4,2020-05-21T09:00:00
AT,,16320,14951,633,385607,188,32,2020-05-21T09:00:00
AT,Burgenland,336,317,11,10958,3,0,2020-05-21T15:00:00
AT,Kärnten,411,393,13,14910,1,0,2020-05-21T15:00:00
AT,Vorarlberg,895,862,19,18691,1,0,2020-05-21T15:00:00
AT,Salzburg,1220,1189,38,31329,5,0,2020-05-21T15:00:00
AT,Steiermark,1833,1589,142,44061,9,2,2020-05-21T15:00:00
AT,Oberösterreich,2286,2197,60,54982,14,0,2020-05-21T15:00:00
AT,Niederösterreich,2806,2562,99,52614,42,13,2020-05-21T15:00:00
AT,Wien,3014,2447,144,90228,99,13,2020-05-21T15:00:00
AT,Tirol,3534,3395,107,67834,14,4,2020-05-21T15:00:00
AT,,16335,14951,633,385607,188,32,2020-05-21T15:00:00
AT,Burgenland,337,317,11,10958,3,0,2020-05-22T08:00:00
AT,Kärnten,411,393,13,14910,1,0,2020-05-22T08:00:00
AT,Vorarlberg,895,862,19,18691,1,0,2020-05-22T08:00:00
AT,Salzburg,1220,1189,38,31329,5,0,2020-05-22T08:00:00
AT,Steiermark,1834,1589,142,44061,9,2,2020-05-22T08:00:00
AT,Oberösterreich,2287,2197,60,54982,14,0,2020-05-22T08:00:00
AT,Niederösterreich,2813,2562,99,52614,42,13,2020-05-22T08:00:00
AT,Wien,3027,2447,144,90228,99,13,2020-05-22T08:00:00
AT,Tirol,3534,3395,107,67834,14,4,2020-05-22T08:00:00
AT,,16358,14951,633,385607,188,32,2020-05-22T08:00:00
AT,Burgenland,337,318,11,10959,1,0,2020-05-22T09:00:00
AT,Kärnten,411,393,13,15022,1,0,2020-05-22T09:00:00
AT,Vorarlberg,895,862,19,18917,1,0,2020-05-22T09:00:00
AT,Salzburg,1220,1191,38,31536,4,0,2020-05-22T09:00:00
AT,Steiermark,1834,1592,143,44859,10,2,2020-05-22T09:00:00
AT,Oberösterreich,2287,2199,60,55839,12,0,2020-05-22T09:00:00
AT,Niederösterreich,2813,2574,100,53663,38,12,2020-05-22T09:00:00
AT,Wien,3027,2480,144,91303,80,14,2020-05-22T09:00:00
AT,Tirol,3534,3396,107,68390,12,3,2020-05-22T09:00:00
AT,,16358,15005,635,390488,159,31,2020-05-22T09:00:00
AT,Burgenland,337,318,11,10959,1,0,2020-05-22T15:00:00
AT,Kärnten,411,393,13,15022,1,0,2020-05-22T15:00:00
AT,Vorarlberg,896,862,19,18917,1,0,2020-05-22T15:00:00
AT,Salzburg,1220,1191,38,31536,4,0,2020-05-22T15:00:00
AT,Steiermark,1833,1592,143,44859,10,2,2020-05-22T15:00:00
AT,Oberösterreich,2287,2199,60,55839,12,0,2020-05-22T15:00:00
AT,Niederösterreich,2838,2574,100,53663,38,12,2020-05-22T15:00:00
AT,Wien,3032,2480,144,91303,80,14,2020-05-22T15:00:00
AT,Tirol,3534,3396,107,68390,12,3,2020-05-22T15:00:00
AT,,16388,15005,635,390488,159,31,2020-05-22T15:00:00
