country,nuts_3,cases,cases/100k pop.,percent,deaths,intensive_care,datetime
SE,Gotland,2,3.0,0.0,0,,2020-03-16T14:30:00
SE,Dalarna,4,1.0,0.0,0,,2020-03-16T14:30:00
SE,Västmanland,5,2.0,0.0,0,,2020-03-16T14:30:00
SE,Norrbotten,6,2.0,1.0,0,,2020-03-16T14:30:00
SE,Kalmar,7,3.0,1.0,0,,2020-03-16T14:30:00
SE,Gävleborg,8,3.0,1.0,0,,2020-03-16T14:30:00
SE,Örebro,9,3.0,1.0,0,,2020-03-16T14:30:00
SE,Blekinge,9,6.0,1.0,0,,2020-03-16T14:30:00
SE,Västernorrland,12,5.0,1.0,0,,2020-03-16T14:30:00
SE,Västerbotten,13,5.0,1.0,0,,2020-03-16T14:30:00
SE,Kronoberg,15,7.0,1.0,0,,2020-03-16T14:30:00
SE,Södermanland,17,6.0,2.0,0,,2020-03-16T14:30:00
SE,Jämtland,19,15.0,2.0,0,,2020-03-16T14:30:00
SE,Östergötland,26,6.0,2.0,0,,2020-03-16T14:30:00
SE,Värmland,31,11.0,3.0,0,,2020-03-16T14:30:00
SE,Uppsala,38,10.0,4.0,0,,2020-03-16T14:30:00
SE,Halland,42,13.0,4.0,0,,2020-03-16T14:30:00
SE,Jönköping,42,12.0,4.0,0,,2020-03-16T14:30:00
SE,Västra Götaland,176,10.0,17.0,0,,2020-03-16T14:30:00
SE,Skåne,201,15.0,19.0,0,,2020-03-16T14:30:00
SE,Stockholm,377,16.0,36.0,0,,2020-03-16T14:30:00
SE,Gotland,2,3.0,0.0,0,,2020-03-17T14:00:00
SE,Dalarna,4,1.0,0.0,0,,2020-03-17T14:00:00
SE,Kalmar,7,3.0,1.0,0,,2020-03-17T14:00:00
SE,Norrbotten,8,3.0,1.0,0,,2020-03-17T14:00:00
SE,Gävleborg,9,3.0,1.0,0,,2020-03-17T14:00:00
SE,Blekinge,11,7.0,1.0,0,,2020-03-17T14:00:00
SE,Örebro,12,4.0,1.0,0,,2020-03-17T14:00:00
SE,Västernorrland,12,5.0,1.0,0,,2020-03-17T14:00:00
SE,Kronoberg,15,7.0,1.0,0,,2020-03-17T14:00:00
SE,Västmanland,16,6.0,1.0,0,,2020-03-17T14:00:00
SE,Västerbotten,18,7.0,2.0,0,,2020-03-17T14:00:00
SE,Jämtland,22,17.0,2.0,0,,2020-03-17T14:00:00
SE,Södermanland,33,11.0,3.0,0,,2020-03-17T14:00:00
SE,Värmland,34,12.0,3.0,0,,2020-03-17T14:00:00
SE,Östergötland,39,8.0,3.0,0,,2020-03-17T14:00:00
SE,Jönköping,43,12.0,4.0,0,,2020-03-17T14:00:00
SE,Halland,43,13.0,4.0,0,,2020-03-17T14:00:00
SE,Uppsala,43,11.0,4.0,0,,2020-03-17T14:00:00
SE,Västra Götaland,179,10.0,15.0,0,,2020-03-17T14:00:00
SE,Skåne,207,15.0,18.0,0,,2020-03-17T14:00:00
SE,Stockholm,410,17.0,35.0,0,,2020-03-17T14:00:00
SE,Gotland,3,5.0,0.0,0,,2020-03-18T14:20:00
SE,Norrbotten,7,3.0,1.0,0,,2020-03-18T14:20:00
SE,Kalmar,7,3.0,1.0,0,,2020-03-18T14:20:00
SE,Dalarna,8,3.0,0.0,0,,2020-03-18T14:20:00
SE,Blekinge,11,7.0,1.0,0,,2020-03-18T14:20:00
SE,Gävleborg,13,5.0,1.0,0,,2020-03-18T14:20:00
SE,Västernorrland,13,5.0,1.0,0,,2020-03-18T14:20:00
SE,Kronoberg,16,8.0,1.0,0,,2020-03-18T14:20:00
SE,Västmanland,18,7.0,1.0,0,,2020-03-18T14:20:00
SE,Västerbotten,19,7.0,1.0,0,,2020-03-18T14:20:00
SE,Jämtland,22,17.0,2.0,0,,2020-03-18T14:20:00
SE,Örebro,23,8.0,2.0,0,,2020-03-18T14:20:00
SE,Värmland,34,12.0,3.0,0,,2020-03-18T14:20:00
SE,Södermanland,37,12.0,3.0,0,,2020-03-18T14:20:00
SE,Jönköping,44,12.0,3.0,0,,2020-03-18T14:20:00
SE,Halland,46,14.0,4.0,0,,2020-03-18T14:20:00
SE,Östergötland,52,11.0,4.0,0,,2020-03-18T14:20:00
SE,Uppsala,52,14.0,4.0,0,,2020-03-18T14:20:00
SE,Västra Götaland,199,12.0,16.0,0,,2020-03-18T14:20:00
SE,Skåne,209,15.0,16.0,0,,2020-03-18T14:20:00
SE,Stockholm,446,19.0,35.0,0,,2020-03-18T14:20:00
SE,Gotland,3,5.0,0.0,0,,2020-03-19T14:30:00
SE,Kalmar,7,3.0,1.0,0,,2020-03-19T14:30:00
SE,Norrbotten,8,3.0,1.0,0,,2020-03-19T14:30:00
SE,Dalarna,8,3.0,1.0,0,,2020-03-19T14:30:00
SE,Blekinge,11,7.0,1.0,0,,2020-03-19T14:30:00
SE,Västernorrland,14,6.0,1.0,0,,2020-03-19T14:30:00
SE,Gävleborg,15,5.0,1.0,0,,2020-03-19T14:30:00
SE,Kronoberg,18,9.0,1.0,0,,2020-03-19T14:30:00
SE,Västmanland,18,7.0,1.0,0,,2020-03-19T14:30:00
SE,Västerbotten,23,8.0,2.0,0,,2020-03-19T14:30:00
SE,Jämtland,24,18.0,2.0,0,,2020-03-19T14:30:00
SE,Örebro,27,9.0,2.0,0,,2020-03-19T14:30:00
SE,Värmland,36,13.0,3.0,0,,2020-03-19T14:30:00
SE,Södermanland,38,13.0,3.0,0,,2020-03-19T14:30:00
SE,Jönköping,46,13.0,3.0,0,,2020-03-19T14:30:00
SE,Halland,48,14.0,2.0,0,,2020-03-19T14:30:00
SE,Uppsala,67,17.0,5.0,0,,2020-03-19T14:30:00
SE,Östergötland,88,19.0,6.0,0,,2020-03-19T14:30:00
SE,Västra Götaland,207,12.0,15.0,0,,2020-03-19T14:30:00
SE,Skåne,216,16.0,15.0,0,,2020-03-19T14:30:00
SE,Stockholm,501,21.0,35.0,0,,2020-03-19T14:30:00
SE,Gotland,5,8.0,0.0,0,,2020-03-20T14:00:00
SE,Norrbotten,9,4.0,1.0,0,,2020-03-20T14:00:00
SE,Kalmar,9,4.0,1.0,0,,2020-03-20T14:00:00
SE,Dalarna,11,4.0,1.0,0,,2020-03-20T14:00:00
SE,Blekinge,12,8.0,1.0,0,,2020-03-20T14:00:00
SE,Västernorrland,15,6.0,1.0,0,,2020-03-20T14:00:00
SE,Gävleborg,17,6.0,1.0,0,,2020-03-20T14:00:00
SE,Kronoberg,18,9.0,1.0,0,,2020-03-20T14:00:00
SE,Västmanland,19,7.0,1.0,0,,2020-03-20T14:00:00
SE,Jämtland,27,21.0,2.0,0,,2020-03-20T14:00:00
SE,Västerbotten,27,10.0,2.0,0,,2020-03-20T14:00:00
SE,Örebro,33,11.0,2.0,0,,2020-03-20T14:00:00
SE,Värmland,36,13.0,2.0,0,,2020-03-20T14:00:00
SE,Södermanland,43,14.0,3.0,0,,2020-03-20T14:00:00
SE,Jönköping,48,13.0,3.0,0,,2020-03-20T14:00:00
SE,Halland,51,15.0,3.0,0,,2020-03-20T14:00:00
SE,Uppsala,73,19.0,4.0,0,,2020-03-20T14:00:00
SE,Östergötland,116,25.0,7.0,0,,2020-03-20T14:00:00
SE,Skåne,220,16.0,14.0,0,,2020-03-20T14:00:00
SE,Västra Götaland,228,13.0,14.0,0,,2020-03-20T14:00:00
SE,Stockholm,606,25.0,37.0,0,,2020-03-20T14:00:00
SE,Gotland,5,8.0,0.0,0,,2020-03-21T13:30:00
SE,Kalmar,10,4.0,1.0,0,,2020-03-21T13:30:00
SE,Blekinge,12,8.0,1.0,0,,2020-03-21T13:30:00
SE,Norrbotten,13,5.0,1.0,0,,2020-03-21T13:30:00
SE,Västernorrland,15,6.0,1.0,0,,2020-03-21T13:30:00
SE,Dalarna,16,6.0,1.0,0,,2020-03-21T13:30:00
SE,Kronoberg,18,9.0,1.0,0,,2020-03-21T13:30:00
SE,Gävleborg,20,7.0,1.0,0,,2020-03-21T13:30:00
SE,Västmanland,21,8.0,1.0,0,,2020-03-21T13:30:00
SE,Västerbotten,29,11.0,2.0,0,,2020-03-21T13:30:00
SE,Jämtland,30,23.0,2.0,0,,2020-03-21T13:30:00
SE,Värmland,37,13.0,2.0,0,,2020-03-21T13:30:00
SE,Örebro,41,13.0,2.0,0,,2020-03-21T13:30:00
SE,Södermanland,47,16.0,3.0,0,,2020-03-21T13:30:00
SE,Jönköping,51,14.0,3.0,0,,2020-03-21T13:30:00
SE,Halland,55,16.0,3.0,0,,2020-03-21T13:30:00
SE,Uppsala,74,19.0,4.0,0,,2020-03-21T13:30:00
SE,Östergötland,126,27.0,7.0,0,,2020-03-21T13:30:00
SE,Skåne,223,16.0,13.0,0,,2020-03-21T13:30:00
SE,Västra Götaland,242,14.0,14.0,0,,2020-03-21T13:30:00
SE,Stockholm,661,28.0,38.0,0,,2020-03-21T13:30:00
SE,Gotland,5,8.0,0.0,0,,2020-03-22T14:00:00
SE,Kalmar,11,4.0,1.0,0,,2020-03-22T14:00:00
SE,Blekinge,12,8.0,1.0,0,,2020-03-22T14:00:00
SE,Västernorrland,15,6.0,1.0,0,,2020-03-22T14:00:00
SE,Dalarna,16,6.0,1.0,0,,2020-03-22T14:00:00
SE,Norrbotten,16,6.0,1.0,0,,2020-03-22T14:00:00
SE,Kronoberg,18,9.0,1.0,0,,2020-03-22T14:00:00
SE,Västmanland,21,8.0,1.0,0,,2020-03-22T14:00:00
SE,Gävleborg,24,8.0,1.0,0,,2020-03-22T14:00:00
SE,Västerbotten,29,11.0,2.0,0,,2020-03-22T14:00:00
SE,Värmland,39,14.0,2.0,0,,2020-03-22T14:00:00
SE,Jämtland,40,31.0,2.0,0,,2020-03-22T14:00:00
SE,Örebro,42,14.0,2.0,0,,2020-03-22T14:00:00
SE,Södermanland,53,18.0,3.0,0,,2020-03-22T14:00:00
SE,Jönköping,55,15.0,3.0,0,,2020-03-22T14:00:00
SE,Halland,58,17.0,3.0,0,,2020-03-22T14:00:00
SE,Uppsala,77,20.0,4.0,0,,2020-03-22T14:00:00
SE,Östergötland,137,29.0,7.0,0,,2020-03-22T14:00:00
SE,Skåne,228,17.0,12.0,0,,2020-03-22T14:00:00
SE,Västra Götaland,250,14.0,13.0,0,,2020-03-22T14:00:00
SE,Stockholm,760,32.0,40.0,0,,2020-03-22T14:00:00
SE,Gotland,5,8.0,0.0,0,,2020-03-23T14:00:00
SE,Blekinge,12,8.0,1.0,0,,2020-03-23T14:00:00
SE,Kalmar,12,5.0,1.0,0,,2020-03-23T14:00:00
SE,Västernorrland,15,6.0,1.0,0,,2020-03-23T14:00:00
SE,Dalarna,17,6.0,1.0,0,,2020-03-23T14:00:00
SE,Norrbotten,17,7.0,1.0,0,,2020-03-23T14:00:00
SE,Kronoberg,18,9.0,1.0,0,,2020-03-23T14:00:00
SE,Västmanland,23,8.0,1.0,0,,2020-03-23T14:00:00
SE,Gävleborg,24,8.0,1.0,0,,2020-03-23T14:00:00
SE,Västerbotten,30,11.0,1.0,0,,2020-03-23T14:00:00
SE,Värmland,39,14.0,2.0,0,,2020-03-23T14:00:00
SE,Örebro,42,14.0,2.0,0,,2020-03-23T14:00:00
SE,Jämtland,49,37.0,2.0,0,,2020-03-23T14:00:00
SE,Jönköping,56,15.0,3.0,0,,2020-03-23T14:00:00
SE,Halland,59,18.0,3.0,0,,2020-03-23T14:00:00
SE,Södermanland,64,22.0,3.0,0,,2020-03-23T14:00:00
SE,Uppsala,82,21.0,4.0,0,,2020-03-23T14:00:00
SE,Östergötland,151,32.0,7.0,0,,2020-03-23T14:00:00
SE,Skåne,231,17.0,11.0,0,,2020-03-23T14:00:00
SE,Västra Götaland,254,15.0,13.0,0,,2020-03-23T14:00:00
SE,Stockholm,816,34.0,40.0,0,,2020-03-23T14:00:00
SE,Gotland,5,8.0,0.0,0,,2020-03-24T14:00:00
SE,Blekinge,12,8.0,1.0,0,,2020-03-24T14:00:00
SE,Kalmar,15,6.0,1.0,0,,2020-03-24T14:00:00
SE,Västernorrland,17,7.0,1.0,0,,2020-03-24T14:00:00
SE,Kronoberg,18,9.0,1.0,0,,2020-03-24T14:00:00
SE,Västmanland,24,9.0,1.0,0,,2020-03-24T14:00:00
SE,Norrbotten,25,10.0,1.0,0,,2020-03-24T14:00:00
SE,Gävleborg,27,9.0,1.0,0,,2020-03-24T14:00:00
SE,Dalarna,30,10.0,1.0,0,,2020-03-24T14:00:00
SE,Västerbotten,30,11.0,1.0,0,,2020-03-24T14:00:00
SE,Värmland,42,15.0,2.0,0,,2020-03-24T14:00:00
SE,Örebro,48,16.0,2.0,0,,2020-03-24T14:00:00
SE,Jämtland,55,42.0,2.0,0,,2020-03-24T14:00:00
SE,Jönköping,59,16.0,3.0,0,,2020-03-24T14:00:00
SE,Halland,63,19.0,3.0,0,,2020-03-24T14:00:00
SE,Södermanland,66,22.0,3.0,0,,2020-03-24T14:00:00
SE,Uppsala,93,24.0,4.0,0,,2020-03-24T14:00:00
SE,Östergötland,181,39.0,8.0,0,,2020-03-24T14:00:00
SE,Skåne,238,17.0,10.0,0,,2020-03-24T14:00:00
SE,Västra Götaland,265,15.0,12.0,0,,2020-03-24T14:00:00
SE,Stockholm,959,40.0,42.0,0,,2020-03-24T14:00:00
SE,Gotland,5,8.0,0.0,0,,2020-03-25T14:00:00
SE,Blekinge,12,8.0,0.0,0,,2020-03-25T14:00:00
SE,Kalmar,17,7.0,1.0,0,,2020-03-25T14:00:00
SE,Västernorrland,19,8.0,1.0,0,,2020-03-25T14:00:00
SE,Kronoberg,19,9.0,1.0,0,,2020-03-25T14:00:00
SE,Västmanland,29,11.0,1.0,0,,2020-03-25T14:00:00
SE,Norrbotten,30,12.0,1.0,0,,2020-03-25T14:00:00
SE,Gävleborg,32,11.0,1.0,0,,2020-03-25T14:00:00
SE,Västerbotten,33,12.0,1.0,0,,2020-03-25T14:00:00
SE,Dalarna,40,14.0,2.0,0,,2020-03-25T14:00:00
SE,Värmland,45,16.0,2.0,0,,2020-03-25T14:00:00
SE,Örebro,58,19.0,2.0,0,,2020-03-25T14:00:00
SE,Jämtland,59,45.0,2.0,0,,2020-03-25T14:00:00
SE,Jönköping,65,18.0,3.0,0,,2020-03-25T14:00:00
SE,Halland,66,20.0,3.0,0,,2020-03-25T14:00:00
SE,Södermanland,85,29.0,3.0,0,,2020-03-25T14:00:00
SE,Uppsala,102,27.0,4.0,0,,2020-03-25T14:00:00
SE,Östergötland,203,44.0,8.0,0,,2020-03-25T14:00:00
SE,Skåne,246,18.0,10.0,0,,2020-03-25T14:00:00
SE,Västra Götaland,275,16.0,11.0,0,,2020-03-25T14:00:00
SE,Stockholm,1070,45.0,43.0,0,,2020-03-25T14:00:00
SE,Gotland,5,8.0,0.0,0,,2020-03-26T14:00:00
SE,Blekinge,15,9.0,1.0,0,,2020-03-26T14:00:00
SE,Kalmar,19,8.0,1.0,0,,2020-03-26T14:00:00
SE,Kronoberg,20,10.0,1.0,0,,2020-03-26T14:00:00
SE,Västernorrland,21,9.0,1.0,0,,2020-03-26T14:00:00
SE,Västmanland,31,11.0,1.0,0,,2020-03-26T14:00:00
SE,Norrbotten,35,14.0,1.0,0,,2020-03-26T14:00:00
SE,Västerbotten,37,14.0,1.0,0,,2020-03-26T14:00:00
SE,Gävleborg,39,14.0,1.0,0,,2020-03-26T14:00:00
SE,Värmland,45,16.0,2.0,0,,2020-03-26T14:00:00
SE,Dalarna,52,18.0,2.0,0,,2020-03-26T14:00:00
SE,Jämtland,60,46.0,2.0,0,,2020-03-26T14:00:00
SE,Örebro,66,22.0,2.0,0,,2020-03-26T14:00:00
SE,Halland,70,21.0,2.0,0,,2020-03-26T14:00:00
SE,Jönköping,70,19.0,2.0,0,,2020-03-26T14:00:00
SE,Södermanland,114,38.0,4.0,0,,2020-03-26T14:00:00
SE,Uppsala,117,30.0,4.0,0,,2020-03-26T14:00:00
SE,Östergötland,221,47.0,8.0,0,,2020-03-26T14:00:00
SE,Skåne,256,19.0,9.0,0,,2020-03-26T14:00:00
SE,Västra Götaland,297,17.0,11.0,0,,2020-03-26T14:00:00
SE,Stockholm,1216,51.0,43.0,0,,2020-03-26T14:00:00
SE,Gotland,9,15.0789127349854,,0,0,2020-03-27T00:00:00
SE,Blekinge,15,9.39814281463623,,0,0,2020-03-27T00:00:00
SE,Kronoberg,22,10.9197940826416,,0,0,2020-03-27T00:00:00
SE,Västernorrland,25,10.1896495819092,,0,2,2020-03-27T00:00:00
SE,Kalmar,25,10.185540199279801,,1,0,2020-03-27T00:00:00
SE,Västmanland,38,13.7758522033691,,0,5,2020-03-27T00:00:00
SE,Norrbotten,39,15.594199180603,,1,5,2020-03-27T00:00:00
SE,Västerbotten,40,14.7201700210571,,0,3,2020-03-27T00:00:00
SE,Gävleborg,44,15.310631752014197,,0,4,2020-03-27T00:00:00
SE,Värmland,45,15.934054374694801,,1,3,2020-03-27T00:00:00
SE,Dalarna,61,21.1830558776855,,2,7,2020-03-27T00:00:00
SE,Örebro,68,22.3093452453613,,0,5,2020-03-27T00:00:00
SE,Jämtland Härjedalen,68,51.983795166015604,,0,0,2020-03-27T00:00:00
SE,Halland,78,23.3639259338379,,1,3,2020-03-27T00:00:00
SE,Jönköping,79,21.727231979370103,,2,7,2020-03-27T00:00:00
SE,Sörmland,126,42.3472480773926,,9,20,2020-03-27T00:00:00
SE,Uppsala,129,33.6188774108887,,3,8,2020-03-27T00:00:00
SE,Östergötland,244,52.417320251464794,,4,16,2020-03-27T00:00:00
SE,Skåne,263,19.0880279541016,,4,9,2020-03-27T00:00:00
SE,Västra Götaland,317,18.367431640625,,4,20,2020-03-27T00:00:00
SE,Stockholm,1311,55.151676177978494,,60,92,2020-03-27T00:00:00
SE,Gotland,9,15.0789127349854,,0,0,2020-03-27T01:00:00
SE,Blekinge,15,9.39814281463623,,0,0,2020-03-27T01:00:00
SE,Kronoberg,22,10.9197940826416,,0,0,2020-03-27T01:00:00
SE,Västernorrland,25,10.1896495819092,,0,2,2020-03-27T01:00:00
SE,Kalmar,25,10.185540199279801,,1,0,2020-03-27T01:00:00
SE,Västmanland,38,13.7758522033691,,0,5,2020-03-27T01:00:00
SE,Norrbotten,39,15.594199180603,,1,5,2020-03-27T01:00:00
SE,Västerbotten,40,14.7201700210571,,0,3,2020-03-27T01:00:00
SE,Gävleborg,44,15.310631752014197,,0,4,2020-03-27T01:00:00
SE,Värmland,45,15.934054374694801,,1,3,2020-03-27T01:00:00
SE,Dalarna,61,21.1830558776855,,2,7,2020-03-27T01:00:00
SE,Örebro,68,22.3093452453613,,0,5,2020-03-27T01:00:00
SE,Jämtland Härjedalen,68,51.983795166015604,,0,0,2020-03-27T01:00:00
SE,Halland,78,23.3639259338379,,1,3,2020-03-27T01:00:00
SE,Jönköping,79,21.727231979370103,,2,7,2020-03-27T01:00:00
SE,Sörmland,126,42.3472480773926,,9,20,2020-03-27T01:00:00
SE,Uppsala,129,33.6188774108887,,3,8,2020-03-27T01:00:00
SE,Östergötland,244,52.417320251464794,,4,16,2020-03-27T01:00:00
SE,Skåne,263,19.0880279541016,,4,9,2020-03-27T01:00:00
SE,Västra Götaland,317,18.367431640625,,4,20,2020-03-27T01:00:00
SE,Stockholm,1311,55.151676177978494,,60,92,2020-03-27T01:00:00
SE,Gotland,11,18.4297828674316,,0,0,2020-03-28T00:00:00
SE,Blekinge,15,9.39814281463623,,0,1,2020-03-28T00:00:00
SE,Kronoberg,23,11.41614818573,,0,0,2020-03-28T00:00:00
SE,Västernorrland,25,10.1896495819092,,0,2,2020-03-28T00:00:00
SE,Kalmar,28,11.4078044891357,,1,1,2020-03-28T00:00:00
SE,Västerbotten,42,15.4561777114868,,0,5,2020-03-28T00:00:00
SE,Norrbotten,42,16.7937526702881,,1,7,2020-03-28T00:00:00
SE,Värmland,46,16.2881450653076,,1,3,2020-03-28T00:00:00
SE,Västmanland,46,16.676031112670902,,0,7,2020-03-28T00:00:00
SE,Gävleborg,53,18.4423522949219,,0,4,2020-03-28T00:00:00
SE,Jämtland Härjedalen,71,54.277194976806605,,0,0,2020-03-28T00:00:00
SE,Örebro,75,24.605895996093803,,0,6,2020-03-28T00:00:00
SE,Dalarna,76,26.3920040130615,,4,8,2020-03-28T00:00:00
SE,Halland,81,24.2625389099121,,1,3,2020-03-28T00:00:00
SE,Jönköping,94,25.8526554107666,,3,9,2020-03-28T00:00:00
SE,Uppsala,149,38.8311042785645,,3,9,2020-03-28T00:00:00
SE,Sörmland,159,53.438194274902294,,11,21,2020-03-28T00:00:00
SE,Skåne,271,19.6686515808105,,6,10,2020-03-28T00:00:00
SE,Östergötland,272,58.4324226379395,,4,18,2020-03-28T00:00:00
SE,Västra Götaland,330,19.120670318603498,,4,25,2020-03-28T00:00:00
SE,Stockholm,1538,64.70120239257811,,63,100,2020-03-28T00:00:00
SE,Gotland,11,18.4297828674316,,0,0,2020-03-29T00:00:00
SE,Blekinge,17,10.6512289047241,,0,1,2020-03-29T00:00:00
SE,Västernorrland,27,11.0048217773438,,0,2,2020-03-29T00:00:00
SE,Kronoberg,27,13.4015655517578,,0,0,2020-03-29T00:00:00
SE,Kalmar,30,12.2226476669312,,1,1,2020-03-29T00:00:00
SE,Norrbotten,44,17.593454360961896,,1,7,2020-03-29T00:00:00
SE,Västerbotten,47,17.296199798584002,,0,5,2020-03-29T00:00:00
SE,Västmanland,47,17.038555145263697,,0,8,2020-03-29T00:00:00
SE,Värmland,48,16.9963245391846,,1,3,2020-03-29T00:00:00
SE,Gävleborg,66,22.9659481048584,,0,4,2020-03-29T00:00:00
SE,Örebro,77,25.2620525360107,,0,5,2020-03-29T00:00:00
SE,Jämtland Härjedalen,77,58.8640022277832,,0,0,2020-03-29T00:00:00
SE,Dalarna,82,28.4755840301514,,4,8,2020-03-29T00:00:00
SE,Halland,87,26.0597629547119,,1,3,2020-03-29T00:00:00
SE,Jönköping,103,28.3279113769531,,6,9,2020-03-29T00:00:00
SE,Uppsala,156,40.6553840637207,,3,9,2020-03-29T00:00:00
SE,Sörmland,160,53.7742805480957,,11,24,2020-03-29T00:00:00
SE,Skåne,275,19.958965301513697,,7,12,2020-03-29T00:00:00
SE,Östergötland,311,66.8106002807617,,4,19,2020-03-29T00:00:00
SE,Västra Götaland,351,20.337438583374,,4,26,2020-03-29T00:00:00
SE,Stockholm,1657,69.7073440551758,,67,109,2020-03-29T00:00:00
SE,Gotland,11,18.4297828674316,,0,0,2020-03-30T00:00:00
SE,Blekinge,20,12.5308570861816,,0,1,2020-03-30T00:00:00
SE,Kronoberg,30,14.890627861022999,,0,0,2020-03-30T00:00:00
SE,Västernorrland,31,12.6351661682129,,0,3,2020-03-30T00:00:00
SE,Kalmar,31,12.630069732666,,1,1,2020-03-30T00:00:00
SE,Norrbotten,47,18.7930088043213,,1,8,2020-03-30T00:00:00
SE,Västerbotten,48,17.664203643798803,,0,5,2020-03-30T00:00:00
SE,Värmland,49,17.350414276123,,1,3,2020-03-30T00:00:00
SE,Västmanland,70,25.3765697479248,,2,10,2020-03-30T00:00:00
SE,Gävleborg,75,26.0976676940918,,1,6,2020-03-30T00:00:00
SE,Jämtland Härjedalen,77,58.8640022277832,,0,1,2020-03-30T00:00:00
SE,Dalarna,82,28.4755840301514,,7,8,2020-03-30T00:00:00
SE,Örebro,86,28.2147598266602,,0,7,2020-03-30T00:00:00
SE,Halland,89,26.658838272094698,,6,3,2020-03-30T00:00:00
SE,Jönköping,109,29.9780807495117,,8,10,2020-03-30T00:00:00
SE,Uppsala,160,41.6978302001953,,3,11,2020-03-30T00:00:00
SE,Sörmland,203,68.2261199951172,,12,27,2020-03-30T00:00:00
SE,Skåne,279,20.2492771148682,,7,13,2020-03-30T00:00:00
SE,Östergötland,353,75.833251953125,,5,23,2020-03-30T00:00:00
SE,Västra Götaland,372,21.554208755493196,,4,35,2020-03-30T00:00:00
SE,Stockholm,1806,75.9755325317383,,88,131,2020-03-30T00:00:00
SE,Gotland,11,18.4297828674316,,0,0,2020-03-31T00:00:00
SE,Blekinge,21,13.1574001312256,,0,1,2020-03-31T00:00:00
SE,Kalmar,34,13.852334022522,,1,2,2020-03-31T00:00:00
SE,Kronoberg,34,16.8760452270508,,0,0,2020-03-31T00:00:00
SE,Västernorrland,46,18.7489547729492,,0,3,2020-03-31T00:00:00
SE,Värmland,50,17.7045040130615,,1,3,2020-03-31T00:00:00
SE,Norrbotten,51,20.392414093017603,,1,9,2020-03-31T00:00:00
SE,Västerbotten,55,20.2402324676514,,0,5,2020-03-31T00:00:00
SE,Västmanland,79,28.639272689819304,,2,10,2020-03-31T00:00:00
SE,Jämtland Härjedalen,81,61.921871185302706,,0,1,2020-03-31T00:00:00
SE,Gävleborg,86,29.9253253936768,,2,8,2020-03-31T00:00:00
SE,Halland,96,28.755601882934602,,7,6,2020-03-31T00:00:00
SE,Dalarna,97,33.6845321655273,,9,9,2020-03-31T00:00:00
SE,Örebro,109,35.760566711425795,,1,8,2020-03-31T00:00:00
SE,Jönköping,126,34.6535606384277,,9,11,2020-03-31T00:00:00
SE,Uppsala,183,47.69189453125,,6,11,2020-03-31T00:00:00
SE,Sörmland,239,80.32533264160159,,18,34,2020-03-31T00:00:00
SE,Skåne,283,20.5395889282227,,8,14,2020-03-31T00:00:00
SE,Östergötland,376,80.77423095703129,,6,26,2020-03-31T00:00:00
SE,Västra Götaland,399,23.118627548217802,,6,39,2020-03-31T00:00:00
SE,Stockholm,1979,83.2533645629883,,103,158,2020-03-31T00:00:00
SE,Gotland,11,18.4297828674316,,0,0,2020-04-01T00:00:00
SE,Blekinge,22,13.783943176269501,,1,1,2020-04-01T00:00:00
SE,Kalmar,38,15.4820203781128,,1,2,2020-04-01T00:00:00
SE,Kronoberg,39,19.357816696167,,0,0,2020-04-01T00:00:00
SE,Värmland,50,17.7045040130615,,1,3,2020-04-01T00:00:00
SE,Västernorrland,55,22.4172286987305,,1,4,2020-04-01T00:00:00
SE,Norrbotten,59,23.5912246704102,,1,9,2020-04-01T00:00:00
SE,Västerbotten,63,23.184267044067397,,0,5,2020-04-01T00:00:00
SE,Jämtland Härjedalen,82,62.6863403320313,,0,1,2020-04-01T00:00:00
SE,Västmanland,88,31.901973724365202,,2,10,2020-04-01T00:00:00
SE,Gävleborg,101,35.1448593139648,,4,9,2020-04-01T00:00:00
SE,Halland,101,30.253288269043,,7,6,2020-04-01T00:00:00
SE,Örebro,117,38.385196685791,,1,7,2020-04-01T00:00:00
SE,Dalarna,118,40.977058410644496,,9,9,2020-04-01T00:00:00
SE,Jönköping,142,39.054012298584,,10,11,2020-04-01T00:00:00
SE,Uppsala,194,50.558620452880895,,7,14,2020-04-01T00:00:00
SE,Sörmland,276,92.7606353759766,,24,37,2020-04-01T00:00:00
SE,Skåne,291,21.1202125549316,,8,16,2020-04-01T00:00:00
SE,Västra Götaland,427,24.74098777771,,6,44,2020-04-01T00:00:00
SE,Östergötland,449,96.4564590454102,,8,28,2020-04-01T00:00:00
SE,Stockholm,2224,93.5601272583008,,148,177,2020-04-01T00:00:00
SE,Gotland,12,20.1052169799805,,0,0,2020-04-02T00:00:00
SE,Blekinge,27,16.9166564941406,,1,1,2020-04-02T00:00:00
SE,Kronoberg,40,19.854171752929698,,0,0,2020-04-02T00:00:00
SE,Kalmar,42,17.1117076873779,,1,2,2020-04-02T00:00:00
SE,Värmland,52,18.412685394287102,,1,3,2020-04-02T00:00:00
SE,Västernorrland,57,23.232400894165,,2,4,2020-04-02T00:00:00
SE,Norrbotten,66,26.390182495117198,,1,9,2020-04-02T00:00:00
SE,Västerbotten,68,25.024288177490202,,0,6,2020-04-02T00:00:00
SE,Jämtland Härjedalen,82,62.6863403320313,,0,1,2020-04-02T00:00:00
SE,Halland,105,31.451438903808604,,8,8,2020-04-02T00:00:00
SE,Västmanland,109,39.514945983886705,,2,11,2020-04-02T00:00:00
SE,Örebro,121,39.697509765625,,1,9,2020-04-02T00:00:00
SE,Gävleborg,131,45.583927154540994,,4,11,2020-04-02T00:00:00
SE,Dalarna,134,46.5332717895508,,13,10,2020-04-02T00:00:00
SE,Jönköping,155,42.6293792724609,,11,13,2020-04-02T00:00:00
SE,Uppsala,222,57.855739593505895,,7,16,2020-04-02T00:00:00
SE,Skåne,298,21.6282596588135,,8,18,2020-04-02T00:00:00
SE,Sörmland,335,112.58990478515601,,27,38,2020-04-02T00:00:00
SE,Västra Götaland,457,26.4792308807373,,9,49,2020-04-02T00:00:00
SE,Östergötland,514,110.42008972168001,,8,28,2020-04-02T00:00:00
SE,Stockholm,2439,102.604835510254,,178,192,2020-04-02T00:00:00
SE,Gotland,12,20.1052169799805,,0,1,2020-04-03T00:00:00
SE,Blekinge,27,16.9166564941406,,1,2,2020-04-03T00:00:00
SE,Kronoberg,45,22.3359432220459,,0,0,2020-04-03T00:00:00
SE,Kalmar,46,18.7413940429688,,1,2,2020-04-03T00:00:00
SE,Värmland,53,18.766775131225604,,1,3,2020-04-03T00:00:00
SE,Västernorrland,58,23.6399879455566,,2,4,2020-04-03T00:00:00
SE,Norrbotten,73,29.189142227172898,,1,10,2020-04-03T00:00:00
SE,Västerbotten,80,29.4403400421143,,0,9,2020-04-03T00:00:00
SE,Jämtland Härjedalen,84,64.21527099609379,,0,1,2020-04-03T00:00:00
SE,Halland,114,34.1472778320313,,8,10,2020-04-03T00:00:00
SE,Västmanland,134,48.578006744384794,,4,11,2020-04-03T00:00:00
SE,Dalarna,147,51.047691345214794,,14,10,2020-04-03T00:00:00
SE,Gävleborg,147,51.1514282226563,,4,12,2020-04-03T00:00:00
SE,Örebro,166,54.4610481262207,,1,9,2020-04-03T00:00:00
SE,Jönköping,187,51.4302825927734,,13,15,2020-04-03T00:00:00
SE,Uppsala,247,64.3710250854492,,9,23,2020-04-03T00:00:00
SE,Skåne,311,22.571773529052702,,11,18,2020-04-03T00:00:00
SE,Sörmland,398,133.763534545898,,35,41,2020-04-03T00:00:00
SE,Västra Götaland,509,29.492183685302702,,14,50,2020-04-03T00:00:00
SE,Östergötland,578,124.168891906738,,10,31,2020-04-03T00:00:00
SE,Stockholm,2662,111.986083984375,,204,206,2020-04-03T00:00:00
SE,Gotland,12,20.1052169799805,,0,1,2020-04-04T00:00:00
SE,Blekinge,30,18.7962856292725,,1,2,2020-04-04T00:00:00
SE,Kalmar,47,19.1488151550293,,1,4,2020-04-04T00:00:00
SE,Kronoberg,49,24.3213596343994,,0,1,2020-04-04T00:00:00
SE,Värmland,53,18.766775131225604,,1,4,2020-04-04T00:00:00
SE,Västernorrland,61,24.862745285034197,,2,5,2020-04-04T00:00:00
SE,Norrbotten,74,29.588993072509798,,1,10,2020-04-04T00:00:00
SE,Jämtland Härjedalen,86,65.7442092895508,,0,2,2020-04-04T00:00:00
SE,Västerbotten,97,35.6964111328125,,0,9,2020-04-04T00:00:00
SE,Halland,126,37.741725921630895,,9,10,2020-04-04T00:00:00
SE,Västmanland,139,50.3906173706055,,4,12,2020-04-04T00:00:00
SE,Dalarna,163,56.6039047241211,,16,11,2020-04-04T00:00:00
SE,Gävleborg,163,56.7189331054688,,4,14,2020-04-04T00:00:00
SE,Örebro,166,54.4610481262207,,1,13,2020-04-04T00:00:00
SE,Jönköping,199,54.7306251525879,,13,17,2020-04-04T00:00:00
SE,Uppsala,274,71.4075393676758,,9,22,2020-04-04T00:00:00
SE,Skåne,322,23.3701324462891,,11,19,2020-04-04T00:00:00
SE,Sörmland,412,138.46878051757798,,45,45,2020-04-04T00:00:00
SE,Västra Götaland,537,31.114543914794897,,18,54,2020-04-04T00:00:00
SE,Östergötland,584,125.457847595215,,12,35,2020-04-04T00:00:00
SE,Stockholm,2849,119.85287475585899,,225,230,2020-04-04T00:00:00
SE,Gotland,12,20.1052169799805,,0,1,2020-04-05T00:00:00
SE,Blekinge,31,19.4228286743164,,1,2,2020-04-05T00:00:00
SE,Kalmar,49,19.963657379150398,,1,4,2020-04-05T00:00:00
SE,Kronoberg,49,24.3213596343994,,0,1,2020-04-05T00:00:00
SE,Värmland,55,19.4749546051025,,1,4,2020-04-05T00:00:00
SE,Västernorrland,66,26.9006748199463,,2,5,2020-04-05T00:00:00
SE,Norrbotten,80,31.988100051879897,,1,13,2020-04-05T00:00:00
SE,Jämtland Härjedalen,89,68.0376129150391,,0,3,2020-04-05T00:00:00
SE,Västerbotten,114,41.952484130859396,,0,9,2020-04-05T00:00:00
SE,Halland,127,38.0412635803223,,11,10,2020-04-05T00:00:00
SE,Västmanland,140,50.7531394958496,,4,13,2020-04-05T00:00:00
SE,Örebro,172,56.42951965332029,,1,13,2020-04-05T00:00:00
SE,Gävleborg,175,60.894557952880895,,4,14,2020-04-05T00:00:00
SE,Dalarna,177,61.4655914306641,,16,11,2020-04-05T00:00:00
SE,Jönköping,223,61.331302642822294,,13,20,2020-04-05T00:00:00
SE,Uppsala,293,76.3591537475586,,9,26,2020-04-05T00:00:00
SE,Skåne,333,24.1684913635254,,11,21,2020-04-05T00:00:00
SE,Sörmland,424,142.501846313477,,45,44,2020-04-05T00:00:00
SE,Västra Götaland,561,32.505138397216804,,18,55,2020-04-05T00:00:00
SE,Östergötland,644,138.347351074219,,12,35,2020-04-05T00:00:00
SE,Stockholm,3016,126.87830352783199,,251,237,2020-04-05T00:00:00
SE,Gotland,12,20.1052169799805,,0,1,2020-04-06T00:00:00
SE,Blekinge,36,22.5555438995361,,1,2,2020-04-06T00:00:00
SE,Kalmar,52,21.1859226226807,,1,4,2020-04-06T00:00:00
SE,Kronoberg,53,26.306776046752898,,0,1,2020-04-06T00:00:00
SE,Värmland,57,20.1831359863281,,1,4,2020-04-06T00:00:00
SE,Västernorrland,68,27.7158470153809,,2,6,2020-04-06T00:00:00
SE,Norrbotten,81,32.387950897216804,,3,13,2020-04-06T00:00:00
SE,Jämtland Härjedalen,90,68.8020782470703,,0,3,2020-04-06T00:00:00
SE,Västerbotten,123,45.264522552490206,,0,11,2020-04-06T00:00:00
SE,Halland,131,39.2394142150879,,12,11,2020-04-06T00:00:00
SE,Örebro,173,56.757598876953104,,1,16,2020-04-06T00:00:00
SE,Västmanland,178,64.52899169921879,,5,14,2020-04-06T00:00:00
SE,Gävleborg,182,63.3303413391113,,4,16,2020-04-06T00:00:00
SE,Dalarna,186,64.5909576416016,,21,12,2020-04-06T00:00:00
SE,Jönköping,233,64.0815811157227,,13,21,2020-04-06T00:00:00
SE,Uppsala,308,80.26832580566409,,9,30,2020-04-06T00:00:00
SE,Skåne,348,25.2571620941162,,13,24,2020-04-06T00:00:00
SE,Sörmland,452,151.912353515625,,50,49,2020-04-06T00:00:00
SE,Västra Götaland,605,35.0545616149902,,21,64,2020-04-06T00:00:00
SE,Östergötland,695,149.30343627929702,,17,35,2020-04-06T00:00:00
SE,Stockholm,3143,132.220993041992,,303,253,2020-04-06T00:00:00
SE,Gotland,13,21.780652999877898,,0,1,2020-04-07T00:00:00
SE,Blekinge,37,23.1820850372314,,1,2,2020-04-07T00:00:00
SE,Kronoberg,54,26.8031311035156,,1,1,2020-04-07T00:00:00
SE,Kalmar,57,23.223030090332,,3,7,2020-04-07T00:00:00
SE,Värmland,58,20.5372257232666,,1,6,2020-04-07T00:00:00
SE,Västernorrland,78,31.7917079925537,,2,7,2020-04-07T00:00:00
SE,Jämtland Härjedalen,92,70.3310165405274,,0,3,2020-04-07T00:00:00
SE,Norrbotten,95,37.985870361328104,,4,14,2020-04-07T00:00:00
SE,Västerbotten,128,47.1045417785645,,1,12,2020-04-07T00:00:00
SE,Halland,141,42.234790802002,,14,12,2020-04-07T00:00:00
SE,Örebro,185,60.6945419311524,,1,17,2020-04-07T00:00:00
SE,Gävleborg,202,70.2897186279297,,5,16,2020-04-07T00:00:00
SE,Dalarna,215,74.6615905761719,,22,12,2020-04-07T00:00:00
SE,Västmanland,222,80.47998046875,,7,15,2020-04-07T00:00:00
SE,Jönköping,254,69.857177734375,,15,21,2020-04-07T00:00:00
SE,Uppsala,332,86.5230026245117,,10,34,2020-04-07T00:00:00
SE,Skåne,366,26.5635662078857,,16,26,2020-04-07T00:00:00
SE,Sörmland,478,160.65066528320298,,64,57,2020-04-07T00:00:00
SE,Västra Götaland,674,39.052516937255895,,26,66,2020-04-07T00:00:00
SE,Östergötland,733,157.466781616211,,17,41,2020-04-07T00:00:00
SE,Stockholm,3279,137.942291259766,,381,270,2020-04-07T00:00:00
SE,Gotland,14,23.4560871124268,,0,1,2020-04-08T00:00:00
SE,Blekinge,37,23.1820850372314,,1,2,2020-04-08T00:00:00
SE,Kalmar,61,24.852716445922898,,4,7,2020-04-08T00:00:00
SE,Kronoberg,61,30.277610778808604,,1,2,2020-04-08T00:00:00
SE,Värmland,65,23.015855789184602,,1,6,2020-04-08T00:00:00
SE,Västernorrland,83,33.829635620117195,,5,8,2020-04-08T00:00:00
SE,Jämtland Härjedalen,97,74.1533508300781,,0,3,2020-04-08T00:00:00
SE,Norrbotten,107,42.784084320068395,,5,15,2020-04-08T00:00:00
SE,Västerbotten,142,52.2566032409668,,1,12,2020-04-08T00:00:00
SE,Halland,154,46.128776550293,,14,12,2020-04-08T00:00:00
SE,Gävleborg,209,72.7255020141602,,17,16,2020-04-08T00:00:00
SE,Örebro,230,75.4580764770508,,3,19,2020-04-08T00:00:00
SE,Västmanland,236,85.555290222168,,15,16,2020-04-08T00:00:00
SE,Dalarna,237,82.301383972168,,27,13,2020-04-08T00:00:00
SE,Jönköping,270,74.25762939453129,,20,24,2020-04-08T00:00:00
SE,Uppsala,378,98.5111236572266,,10,33,2020-04-08T00:00:00
SE,Skåne,381,27.6522388458252,,16,28,2020-04-08T00:00:00
SE,Sörmland,539,181.15211486816398,,68,65,2020-04-08T00:00:00
SE,Västra Götaland,730,42.2972373962402,,33,68,2020-04-08T00:00:00
SE,Östergötland,811,174.22314453125,,27,43,2020-04-08T00:00:00
SE,Stockholm,3577,150.478668212891,,419,285,2020-04-08T00:00:00
SE,Gotland,14,23.4560871124268,,0,1,2020-04-09T00:00:00
SE,Blekinge,39,24.435171127319304,,1,2,2020-04-09T00:00:00
SE,Kalmar,63,25.667560577392603,,4,7,2020-04-09T00:00:00
SE,Värmland,66,23.369945526123,,1,5,2020-04-09T00:00:00
SE,Kronoberg,77,38.2192802429199,,1,2,2020-04-09T00:00:00
SE,Västernorrland,90,36.6827392578125,,6,8,2020-04-09T00:00:00
SE,Jämtland Härjedalen,107,81.7980270385742,,0,3,2020-04-09T00:00:00
SE,Norrbotten,120,47.982151031494105,,7,15,2020-04-09T00:00:00
SE,Västerbotten,154,56.67265319824221,,1,14,2020-04-09T00:00:00
SE,Halland,167,50.0227661132813,,15,12,2020-04-09T00:00:00
SE,Gävleborg,227,78.9889450073242,,20,17,2020-04-09T00:00:00
SE,Dalarna,266,92.3720169067383,,33,13,2020-04-09T00:00:00
SE,Västmanland,268,97.15601348876949,,15,18,2020-04-09T00:00:00
SE,Örebro,279,91.53392791748051,,4,19,2020-04-09T00:00:00
SE,Jönköping,295,81.1333389282227,,23,25,2020-04-09T00:00:00
SE,Skåne,397,28.813486099243196,,18,30,2020-04-09T00:00:00
SE,Uppsala,412,107.37191772460899,,14,39,2020-04-09T00:00:00
SE,Sörmland,568,190.89869689941398,,78,64,2020-04-09T00:00:00
SE,Västra Götaland,827,47.91755676269529,,39,73,2020-04-09T00:00:00
SE,Östergötland,874,187.757125854492,,27,45,2020-04-09T00:00:00
SE,Stockholm,3831,161.164047241211,,486,307,2020-04-09T00:00:00
SE,Gotland,16,26.806957244873,,0,1,2020-04-10T00:00:00
SE,Blekinge,39,24.435171127319304,,1,2,2020-04-10T00:00:00
SE,Kalmar,64,26.0749816894531,,4,8,2020-04-10T00:00:00
SE,Värmland,70,24.7863063812256,,1,5,2020-04-10T00:00:00
SE,Kronoberg,82,40.7010498046875,,1,3,2020-04-10T00:00:00
SE,Västernorrland,92,37.4979095458984,,6,8,2020-04-10T00:00:00
SE,Jämtland Härjedalen,115,87.9137649536133,,0,3,2020-04-10T00:00:00
SE,Norrbotten,127,50.7811088562012,,7,16,2020-04-10T00:00:00
SE,Västerbotten,166,61.0887031555176,,5,14,2020-04-10T00:00:00
SE,Halland,175,52.419063568115206,,15,14,2020-04-10T00:00:00
SE,Gävleborg,245,85.25238037109379,,27,17,2020-04-10T00:00:00
SE,Västmanland,273,98.96862030029301,,16,18,2020-04-10T00:00:00
SE,Dalarna,296,102.78990936279301,,35,18,2020-04-10T00:00:00
SE,Örebro,302,99.07974243164058,,5,22,2020-04-10T00:00:00
SE,Jönköping,317,87.1839599609375,,24,27,2020-04-10T00:00:00
SE,Skåne,405,29.3941116333008,,20,30,2020-04-10T00:00:00
SE,Uppsala,431,112.323532104492,,30,41,2020-04-10T00:00:00
SE,Sörmland,597,200.645294189453,,82,62,2020-04-10T00:00:00
SE,Västra Götaland,902,52.2631645202637,,49,78,2020-04-10T00:00:00
SE,Östergötland,910,195.490814208984,,32,45,2020-04-10T00:00:00
SE,Stockholm,4061,170.839782714844,,510,317,2020-04-10T00:00:00
SE,Gotland,16,26.806957244873,,0,1,2020-04-11T00:00:00
SE,Blekinge,41,25.688257217407198,,1,2,2020-04-11T00:00:00
SE,Kalmar,65,26.4824028015137,,4,8,2020-04-11T00:00:00
SE,Värmland,73,25.8485774993897,,1,9,2020-04-11T00:00:00
SE,Kronoberg,87,43.182823181152294,,1,3,2020-04-11T00:00:00
SE,Västernorrland,100,40.758598327636705,,7,8,2020-04-11T00:00:00
SE,Jämtland Härjedalen,123,94.02951049804692,,0,4,2020-04-11T00:00:00
SE,Norrbotten,133,53.1802177429199,,7,15,2020-04-11T00:00:00
SE,Halland,180,53.916751861572294,,15,14,2020-04-11T00:00:00
SE,Västerbotten,181,66.6087646484375,,5,14,2020-04-11T00:00:00
SE,Gävleborg,263,91.5158233642578,,27,19,2020-04-11T00:00:00
SE,Västmanland,298,108.031684875488,,16,20,2020-04-11T00:00:00
SE,Örebro,308,101.04821014404301,,5,25,2020-04-11T00:00:00
SE,Dalarna,313,108.693389892578,,36,18,2020-04-11T00:00:00
SE,Jönköping,336,92.4094924926758,,24,27,2020-04-11T00:00:00
SE,Skåne,429,31.1359844207764,,21,33,2020-04-11T00:00:00
SE,Uppsala,437,113.88719940185499,,30,40,2020-04-11T00:00:00
SE,Sörmland,639,214.761047363281,,83,57,2020-04-11T00:00:00
SE,Östergötland,942,202.36521911621102,,32,46,2020-04-11T00:00:00
SE,Västra Götaland,982,56.898475646972706,,49,89,2020-04-11T00:00:00
SE,Stockholm,4205,176.89762878418,,523,337,2020-04-11T00:00:00
SE,Gotland,16,26.806957244873,,0,1,2020-04-12T00:00:00
SE,Blekinge,41,25.688257217407198,,1,3,2020-04-12T00:00:00
SE,Kalmar,68,27.7046680450439,,4,7,2020-04-12T00:00:00
SE,Värmland,75,26.5567569732666,,1,9,2020-04-12T00:00:00
SE,Kronoberg,97,48.146366119384794,,1,1,2020-04-12T00:00:00
SE,Västernorrland,100,40.758598327636705,,8,11,2020-04-12T00:00:00
SE,Jämtland Härjedalen,127,97.0873794555664,,0,4,2020-04-12T00:00:00
SE,Norrbotten,134,53.5800666809082,,7,16,2020-04-12T00:00:00
SE,Halland,182,54.5158271789551,,15,14,2020-04-12T00:00:00
SE,Västerbotten,183,67.3447723388672,,5,14,2020-04-12T00:00:00
SE,Gävleborg,273,94.99551391601558,,27,19,2020-04-12T00:00:00
SE,Västmanland,304,110.206817626953,,16,20,2020-04-12T00:00:00
SE,Örebro,316,103.672836303711,,5,26,2020-04-12T00:00:00
SE,Dalarna,316,109.735176086426,,37,17,2020-04-12T00:00:00
SE,Jönköping,340,93.5096054077149,,25,27,2020-04-12T00:00:00
SE,Skåne,435,31.571453094482397,,22,35,2020-04-12T00:00:00
SE,Uppsala,449,117.014541625977,,30,41,2020-04-12T00:00:00
SE,Sörmland,661,222.154998779297,,83,64,2020-04-12T00:00:00
SE,Östergötland,951,204.298645019531,,34,45,2020-04-12T00:00:00
SE,Västra Götaland,1018,58.9843673706055,,50,97,2020-04-12T00:00:00
SE,Stockholm,4397,184.974761962891,,528,368,2020-04-12T00:00:00
SE,Gotland,16,26.806957244873,,0,1,2020-04-13T00:00:00
SE,Blekinge,41,25.688257217407198,,1,2,2020-04-13T00:00:00
SE,Kalmar,70,28.5195121765137,,4,8,2020-04-13T00:00:00
SE,Värmland,77,27.2649364471436,,1,9,2020-04-13T00:00:00
SE,Kronoberg,98,48.6427192687988,,1,1,2020-04-13T00:00:00
SE,Västernorrland,105,42.79652786254879,,8,12,2020-04-13T00:00:00
SE,Jämtland Härjedalen,131,100.145248413086,,0,4,2020-04-13T00:00:00
SE,Norrbotten,137,54.7796211242676,,7,17,2020-04-13T00:00:00
SE,Västerbotten,183,67.3447723388672,,7,16,2020-04-13T00:00:00
SE,Halland,185,55.4144401550293,,15,14,2020-04-13T00:00:00
SE,Gävleborg,290,100.91098022460899,,27,21,2020-04-13T00:00:00
SE,Dalarna,345,119.805809020996,,37,16,2020-04-13T00:00:00
SE,Västmanland,346,125.432762145996,,16,22,2020-04-13T00:00:00
SE,Jönköping,350,96.2598876953125,,25,28,2020-04-13T00:00:00
SE,Örebro,383,125.654106140137,,5,28,2020-04-13T00:00:00
SE,Skåne,449,32.5875473022461,,24,36,2020-04-13T00:00:00
SE,Uppsala,465,121.184326171875,,30,40,2020-04-13T00:00:00
SE,Sörmland,668,224.507629394531,,83,65,2020-04-13T00:00:00
SE,Östergötland,970,208.380325317383,,34,45,2020-04-13T00:00:00
SE,Västra Götaland,1064,61.6496734619141,,51,101,2020-04-13T00:00:00
SE,Stockholm,4575,192.462936401367,,543,373,2020-04-13T00:00:00
SE,Gotland,16,26.806957244873,,0,2,2020-04-14T00:00:00
SE,Blekinge,42,26.3148002624512,,2,3,2020-04-14T00:00:00
SE,Kalmar,79,32.186305999755895,,5,9,2020-04-14T00:00:00
SE,Värmland,82,29.035387039184602,,1,10,2020-04-14T00:00:00
SE,Kronoberg,104,51.620845794677706,,1,3,2020-04-14T00:00:00
SE,Västernorrland,111,45.2420463562012,,9,11,2020-04-14T00:00:00
SE,Jämtland Härjedalen,137,104.732055664063,,0,4,2020-04-14T00:00:00
SE,Norrbotten,157,62.7766456604004,,9,17,2020-04-14T00:00:00
SE,Västerbotten,187,68.81679534912111,,7,17,2020-04-14T00:00:00
SE,Halland,189,56.6125907897949,,16,15,2020-04-14T00:00:00
SE,Gävleborg,301,104.73863983154301,,33,21,2020-04-14T00:00:00
SE,Jönköping,355,97.6350326538086,,33,29,2020-04-14T00:00:00
SE,Dalarna,365,126.751075744629,,43,29,2020-04-14T00:00:00
SE,Västmanland,379,137.39599609375,,17,22,2020-04-14T00:00:00
SE,Örebro,388,127.294502258301,,6,26,2020-04-14T00:00:00
SE,Skåne,458,33.240749359130895,,24,37,2020-04-14T00:00:00
SE,Uppsala,478,124.57227325439501,,31,48,2020-04-14T00:00:00
SE,Sörmland,694,233.245956420898,,91,64,2020-04-14T00:00:00
SE,Östergötland,1011,217.18815612793,,35,48,2020-04-14T00:00:00
SE,Västra Götaland,1106,64.0832138061524,,54,104,2020-04-14T00:00:00
SE,Stockholm,4806,202.180740356445,,616,396,2020-04-14T00:00:00
SE,Gotland,16,26.806957244873,,0,2,2020-04-15T00:00:00
SE,Blekinge,43,26.941343307495103,,2,3,2020-04-15T00:00:00
SE,Kalmar,82,33.4085693359375,,5,8,2020-04-15T00:00:00
SE,Värmland,84,29.7435684204102,,3,9,2020-04-15T00:00:00
SE,Kronoberg,109,54.10261535644529,,4,1,2020-04-15T00:00:00
SE,Västernorrland,117,47.6875610351563,,13,13,2020-04-15T00:00:00
SE,Jämtland Härjedalen,155,118.492469787598,,0,4,2020-04-15T00:00:00
SE,Norrbotten,158,63.1764984130859,,14,17,2020-04-15T00:00:00
SE,Västerbotten,192,70.6568145751953,,8,18,2020-04-15T00:00:00
SE,Halland,194,58.110279083252,,17,15,2020-04-15T00:00:00
SE,Gävleborg,316,109.95817565918001,,35,23,2020-04-15T00:00:00
SE,Jönköping,367,100.935371398926,,34,29,2020-04-15T00:00:00
SE,Dalarna,378,131.26550292968798,,47,30,2020-04-15T00:00:00
SE,Örebro,401,131.559524536133,,7,33,2020-04-15T00:00:00
SE,Västmanland,404,146.459060668945,,23,21,2020-04-15T00:00:00
SE,Skåne,481,34.910041809081996,,32,42,2020-04-15T00:00:00
SE,Uppsala,517,134.73611450195298,,35,50,2020-04-15T00:00:00
SE,Sörmland,711,238.95947265625,,113,75,2020-04-15T00:00:00
SE,Östergötland,1041,223.632904052734,,49,50,2020-04-15T00:00:00
SE,Västra Götaland,1171,67.8494033813477,,60,111,2020-04-15T00:00:00
SE,Stockholm,4990,209.921325683594,,702,400,2020-04-15T00:00:00
SE,Gotland,17,28.4823913574219,,0,2,2020-04-16T00:00:00
SE,Blekinge,43,26.941343307495103,,2,3,2020-04-16T00:00:00
SE,Kalmar,83,33.8159904479981,,6,10,2020-04-16T00:00:00
SE,Värmland,90,31.8681087493897,,3,12,2020-04-16T00:00:00
SE,Västernorrland,121,49.3179054260254,,13,13,2020-04-16T00:00:00
SE,Kronoberg,122,60.55522155761721,,6,3,2020-04-16T00:00:00
SE,Norrbotten,162,64.77590179443361,,14,17,2020-04-16T00:00:00
SE,Jämtland Härjedalen,169,129.195022583008,,1,4,2020-04-16T00:00:00
SE,Halland,200,59.907501220703104,,21,15,2020-04-16T00:00:00
SE,Västerbotten,206,75.8088760375977,,8,18,2020-04-16T00:00:00
SE,Gävleborg,335,116.569580078125,,35,23,2020-04-16T00:00:00
SE,Jönköping,395,108.636161804199,,37,30,2020-04-16T00:00:00
SE,Dalarna,406,140.988861083984,,48,28,2020-04-16T00:00:00
SE,Örebro,421,138.12109375,,7,34,2020-04-16T00:00:00
SE,Västmanland,430,155.88464355468798,,26,23,2020-04-16T00:00:00
SE,Skåne,498,36.1438713073731,,37,42,2020-04-16T00:00:00
SE,Uppsala,549,143.07568359375,,35,54,2020-04-16T00:00:00
SE,Sörmland,777,261.141357421875,,116,71,2020-04-16T00:00:00
SE,Östergötland,1068,229.433181762695,,56,53,2020-04-16T00:00:00
SE,Västra Götaland,1242,71.963249206543,,67,118,2020-04-16T00:00:00
SE,Stockholm,5206,219.008102416992,,795,423,2020-04-16T00:00:00
SE,Gotland,19,31.833261489868196,,1,3,2020-04-17T00:00:00
SE,Blekinge,43,26.941343307495103,,2,3,2020-04-17T00:00:00
SE,Kalmar,89,36.2605209350586,,6,10,2020-04-17T00:00:00
SE,Värmland,94,33.284469604492195,,3,11,2020-04-17T00:00:00
SE,Västernorrland,124,50.5406646728516,,15,13,2020-04-17T00:00:00
SE,Kronoberg,140,69.48960113525389,,7,3,2020-04-17T00:00:00
SE,Norrbotten,174,69.57411956787111,,14,18,2020-04-17T00:00:00
SE,Jämtland Härjedalen,181,138.36862182617202,,1,4,2020-04-17T00:00:00
SE,Halland,217,64.999641418457,,23,15,2020-04-17T00:00:00
SE,Västerbotten,220,80.9609298706055,,10,19,2020-04-17T00:00:00
SE,Gävleborg,357,124.224899291992,,36,23,2020-04-17T00:00:00
SE,Jönköping,417,114.686782836914,,38,32,2020-04-17T00:00:00
SE,Dalarna,429,148.975921630859,,63,30,2020-04-17T00:00:00
SE,Västmanland,450,163.135101318359,,27,24,2020-04-17T00:00:00
SE,Skåne,514,37.305118560791,,38,44,2020-04-17T00:00:00
SE,Örebro,537,176.17820739746102,,8,34,2020-04-17T00:00:00
SE,Uppsala,579,150.894027709961,,41,53,2020-04-17T00:00:00
SE,Sörmland,831,279.290191650391,,118,70,2020-04-17T00:00:00
SE,Östergötland,1098,235.8779296875,,58,52,2020-04-17T00:00:00
SE,Västra Götaland,1316,76.25091552734379,,75,124,2020-04-17T00:00:00
SE,Stockholm,5387,226.622482299805,,816,439,2020-04-17T00:00:00
SE,Gotland,19,31.833261489868196,,1,3,2020-04-18T00:00:00
SE,Blekinge,43,26.941343307495103,,2,3,2020-04-18T00:00:00
SE,Kalmar,91,37.0753631591797,,6,11,2020-04-18T00:00:00
SE,Värmland,97,34.3467407226563,,3,11,2020-04-18T00:00:00
SE,Västernorrland,129,52.5785942077637,,15,13,2020-04-18T00:00:00
SE,Kronoberg,142,70.482307434082,,7,4,2020-04-18T00:00:00
SE,Norrbotten,186,74.37232971191409,,14,19,2020-04-18T00:00:00
SE,Jämtland Härjedalen,187,142.955429077148,,1,4,2020-04-18T00:00:00
SE,Halland,224,67.09640502929689,,23,15,2020-04-18T00:00:00
SE,Västerbotten,230,84.64097595214841,,10,20,2020-04-18T00:00:00
SE,Gävleborg,373,129.792404174805,,36,24,2020-04-18T00:00:00
SE,Dalarna,448,155.573928833008,,63,31,2020-04-18T00:00:00
SE,Jönköping,450,123.76271820068399,,38,34,2020-04-18T00:00:00
SE,Västmanland,467,169.29797363281298,,29,26,2020-04-18T00:00:00
SE,Skåne,530,38.466365814209,,42,45,2020-04-18T00:00:00
SE,Örebro,566,185.692489624023,,20,35,2020-04-18T00:00:00
SE,Uppsala,624,162.621536254883,,41,57,2020-04-18T00:00:00
SE,Sörmland,854,287.020233154297,,125,72,2020-04-18T00:00:00
SE,Östergötland,1106,237.596542358398,,58,55,2020-04-18T00:00:00
SE,Västra Götaland,1405,81.40769958496091,,80,125,2020-04-18T00:00:00
SE,Stockholm,5651,237.728546142578,,897,447,2020-04-18T00:00:00
SE,Gotland,19,31.833261489868196,,1,3,2020-04-19T00:00:00
SE,Blekinge,43,26.941343307495103,,2,3,2020-04-19T00:00:00
SE,Kalmar,94,38.2976303100586,,6,11,2020-04-19T00:00:00
SE,Värmland,100,35.4090080261231,,3,11,2020-04-19T00:00:00
SE,Västernorrland,131,53.3937644958496,,15,13,2020-04-19T00:00:00
SE,Kronoberg,164,81.402099609375,,8,4,2020-04-19T00:00:00
SE,Norrbotten,190,75.97174072265629,,15,21,2020-04-19T00:00:00
SE,Jämtland Härjedalen,209,159.77371215820298,,1,5,2020-04-19T00:00:00
SE,Halland,231,69.1931686401367,,23,19,2020-04-19T00:00:00
SE,Västerbotten,238,87.5850067138672,,10,20,2020-04-19T00:00:00
SE,Gävleborg,402,139.883499145508,,36,25,2020-04-19T00:00:00
SE,Dalarna,483,167.728134155273,,63,31,2020-04-19T00:00:00
SE,Västmanland,484,175.460861206055,,30,26,2020-04-19T00:00:00
SE,Jönköping,489,134.488815307617,,38,35,2020-04-19T00:00:00
SE,Skåne,544,39.482460021972706,,43,45,2020-04-19T00:00:00
SE,Örebro,617,202.424499511719,,20,36,2020-04-19T00:00:00
SE,Uppsala,649,169.136825561523,,41,60,2020-04-19T00:00:00
SE,Sörmland,872,293.06982421875,,125,73,2020-04-19T00:00:00
SE,Östergötland,1158,248.767440795898,,58,57,2020-04-19T00:00:00
SE,Västra Götaland,1442,83.55152893066409,,81,126,2020-04-19T00:00:00
SE,Stockholm,5826,245.090515136719,,921,455,2020-04-19T00:00:00
SE,Gotland,19,31.833261489868196,,1,3,2020-04-20T00:00:00
SE,Blekinge,43,26.941343307495103,,2,3,2020-04-20T00:00:00
SE,Kalmar,98,39.927314758300795,,6,14,2020-04-20T00:00:00
SE,Värmland,105,37.1794586181641,,3,11,2020-04-20T00:00:00
SE,Västernorrland,139,56.6544532775879,,17,14,2020-04-20T00:00:00
SE,Kronoberg,175,86.86199951171879,,9,4,2020-04-20T00:00:00
SE,Norrbotten,194,77.5711441040039,,18,22,2020-04-20T00:00:00
SE,Jämtland Härjedalen,213,162.831588745117,,1,5,2020-04-20T00:00:00
SE,Halland,241,72.18853759765629,,23,19,2020-04-20T00:00:00
SE,Västerbotten,241,88.6890182495117,,10,20,2020-04-20T00:00:00
SE,Gävleborg,411,143.015213012695,,39,27,2020-04-20T00:00:00
SE,Dalarna,491,170.506240844727,,63,32,2020-04-20T00:00:00
SE,Jönköping,505,138.889266967773,,39,38,2020-04-20T00:00:00
SE,Västmanland,528,191.41184997558602,,30,27,2020-04-20T00:00:00
SE,Skåne,549,39.8453521728516,,43,49,2020-04-20T00:00:00
SE,Örebro,630,206.689529418945,,22,37,2020-04-20T00:00:00
SE,Uppsala,667,173.827835083008,,41,61,2020-04-20T00:00:00
SE,Sörmland,884,297.102905273438,,128,75,2020-04-20T00:00:00
SE,Östergötland,1174,252.204635620117,,58,60,2020-04-20T00:00:00
SE,Västra Götaland,1478,85.6374206542969,,83,134,2020-04-20T00:00:00
SE,Stockholm,5992,252.073867797852,,944,478,2020-04-20T00:00:00
SE,Gotland,20,33.508693695068395,,1,3,2020-04-21T00:00:00
SE,Blekinge,44,27.5678863525391,,2,3,2020-04-21T00:00:00
SE,Kalmar,108,44.0015335083008,,6,16,2020-04-21T00:00:00
SE,Värmland,111,39.3040008544922,,4,11,2020-04-21T00:00:00
SE,Västernorrland,141,57.4696235656738,,21,16,2020-04-21T00:00:00
SE,Kronoberg,184,91.3291854858399,,11,3,2020-04-21T00:00:00
SE,Norrbotten,201,80.37010192871091,,23,22,2020-04-21T00:00:00
SE,Jämtland Härjedalen,214,163.596054077148,,1,5,2020-04-21T00:00:00
SE,Västerbotten,244,89.7930374145508,,11,21,2020-04-21T00:00:00
SE,Halland,247,73.9857635498047,,24,19,2020-04-21T00:00:00
SE,Gävleborg,427,148.582717895508,,40,28,2020-04-21T00:00:00
SE,Dalarna,501,173.978866577148,,65,32,2020-04-21T00:00:00
SE,Jönköping,522,143.564758300781,,41,40,2020-04-21T00:00:00
SE,Skåne,560,40.6437110900879,,56,50,2020-04-21T00:00:00
SE,Västmanland,573,207.72535705566398,,36,28,2020-04-21T00:00:00
SE,Örebro,663,217.51611328125,,34,38,2020-04-21T00:00:00
SE,Uppsala,701,182.688629150391,,64,64,2020-04-21T00:00:00
SE,Sörmland,898,301.80816650390597,,136,78,2020-04-21T00:00:00
SE,Östergötland,1217,261.442108154297,,64,59,2020-04-21T00:00:00
SE,Västra Götaland,1557,90.2147979736328,,103,136,2020-04-21T00:00:00
SE,Stockholm,6189,260.361328125,,1022,486,2020-04-21T00:00:00
