CCAA,FECHA,CASOS,PCR+,TestAc+,Hospitalizados,UCI,Fallecidos
AN,20/2/2020,0,0,,,,
AR,20/2/2020,,0,,,,
AS,20/2/2020,,0,,,,
IB,20/2/2020,,1,,,,
CN,20/2/2020,,1,,,,
CB,20/2/2020,,0,,,,
CM,20/2/2020,,0,,,,
CL,20/2/2020,,0,,,,
CT,20/2/2020,,0,,,,
CE,20/2/2020,,0,,,,
VC,20/2/2020,,0,,26,0,
EX,20/2/2020,,0,,,,
GA,20/2/2020,,0,,,,
MD,20/2/2020,,1,,,,
ML,20/2/2020,,0,,,,
MC,20/2/2020,,0,,,,
NC,20/2/2020,,0,,,,
PV,20/2/2020,,0,,,,
RI,20/2/2020,,0,,,,
AN,21/2/2020,,0,,,,
AR,21/2/2020,,0,,,,
AS,21/2/2020,,0,,,,
IB,21/2/2020,,1,,,,
CN,21/2/2020,,1,,,,
CB,21/2/2020,,0,,,,
CM,21/2/2020,,0,,,,
CL,21/2/2020,,0,,,,
CT,21/2/2020,,0,,,,
CE,21/2/2020,,0,,,,
VC,21/2/2020,,0,,30,1,
EX,21/2/2020,,0,,,,
GA,21/2/2020,,0,,,,
MD,21/2/2020,,1,,,,
ML,21/2/2020,,0,,,,
MC,21/2/2020,,0,,,,
NC,21/2/2020,,0,,,,
PV,21/2/2020,,0,,,,
RI,21/2/2020,,0,,,,
AN,22/2/2020,,0,,,,
AR,22/2/2020,,0,,,,
AS,22/2/2020,,0,,,,
IB,22/2/2020,,1,,,,
CN,22/2/2020,,1,,,,
CB,22/2/2020,,0,,,,
CM,22/2/2020,,0,,,,
CL,22/2/2020,,0,,,,
CT,22/2/2020,,0,,,,
CE,22/2/2020,,0,,,,
VC,22/2/2020,,0,,33,1,
EX,22/2/2020,,0,,,,
GA,22/2/2020,,0,,,,
MD,22/2/2020,,1,,,,
ML,22/2/2020,,0,,,,
MC,22/2/2020,,0,,,,
NC,22/2/2020,,0,,,,
PV,22/2/2020,,0,,,,
RI,22/2/2020,,0,,,,
AN,23/2/2020,,0,,,,
AR,23/2/2020,,0,,,,
AS,23/2/2020,,0,,,,
IB,23/2/2020,,1,,,,
CN,23/2/2020,,1,,,,
CB,23/2/2020,,0,,,,
CM,23/2/2020,,0,,,,
CL,23/2/2020,,0,,,,
CT,23/2/2020,,0,,,,
CE,23/2/2020,,0,,,,
VC,23/2/2020,,0,,38,2,
EX,23/2/2020,,0,,,,
GA,23/2/2020,,0,,,,
MD,23/2/2020,,1,,,,
ML,23/2/2020,,0,,,,
MC,23/2/2020,,0,,,,
NC,23/2/2020,,0,,,,
PV,23/2/2020,,0,,,,
RI,23/2/2020,,0,,,,
AN,24/2/2020,,0,,,,
AR,24/2/2020,,0,,,,
AS,24/2/2020,,0,,,,
IB,24/2/2020,,1,,,,
CN,24/2/2020,,2,,,,
CB,24/2/2020,,0,,,,
CM,24/2/2020,,0,,,,
CL,24/2/2020,,0,,,,
CT,24/2/2020,,0,,,,
CE,24/2/2020,,0,,,,
VC,24/2/2020,,0,,49,2,
EX,24/2/2020,,0,,,,
GA,24/2/2020,,0,,,,
MD,24/2/2020,,1,,,,
ML,24/2/2020,,0,,,,
MC,24/2/2020,,0,,,,
NC,24/2/2020,,0,,,,
PV,24/2/2020,,0,,,,
RI,24/2/2020,,0,,,,
AN,25/2/2020,,0,,,,
AR,25/2/2020,,0,,,,
AS,25/2/2020,,0,,,,
IB,25/2/2020,,1,,,,
CN,25/2/2020,,5,,,,
CB,25/2/2020,,0,,,,
CM,25/2/2020,,0,,,,
CL,25/2/2020,,0,,,,
CT,25/2/2020,,1,,,,
CE,25/2/2020,,0,,,,
VC,25/2/2020,,1,,58,2,
EX,25/2/2020,,0,,,,
GA,25/2/2020,,0,,,,
MD,25/2/2020,,2,,,,
ML,25/2/2020,,0,,,,
MC,25/2/2020,,0,,,,
NC,25/2/2020,,0,,,,
PV,25/2/2020,,0,,,,
RI,25/2/2020,,0,,,,
AN,26/2/2020,,1,,,,
AR,26/2/2020,,0,,,,
AS,26/2/2020,,0,,,,
IB,26/2/2020,,1,,,,
CN,26/2/2020,,6,,,,
CB,26/2/2020,,0,,,,
CM,26/2/2020,,0,,,,
CL,26/2/2020,,0,,,,
CT,26/2/2020,,2,,,,
CE,26/2/2020,,0,,,,
VC,26/2/2020,,2,,63,3,
EX,26/2/2020,,0,,,,
GA,26/2/2020,,0,,,,
MD,26/2/2020,,6,,,,
ML,26/2/2020,,0,,,,
MC,26/2/2020,,0,,,,
NC,26/2/2020,,0,,,,
PV,26/2/2020,,0,,,,
RI,26/2/2020,,0,,,,
AN,27/2/2020,,6,,,,
AR,27/2/2020,,0,,,,
AS,27/2/2020,,0,,,,
IB,27/2/2020,,1,,,,
CN,27/2/2020,,6,,,,
CB,27/2/2020,,0,,,,
CM,27/2/2020,,0,,,,
CL,27/2/2020,,2,,,,
CT,27/2/2020,,3,,,,
CE,27/2/2020,,0,,,,
VC,27/2/2020,,8,,73,3,
EX,27/2/2020,,0,,,,
GA,27/2/2020,,0,,,,
MD,27/2/2020,,10,,,,
ML,27/2/2020,,0,,,,
MC,27/2/2020,,0,,,,
NC,27/2/2020,,0,,,,
PV,27/2/2020,,0,,,,
RI,27/2/2020,,0,,,,
AN,28/2/2020,,8,,,,
AR,28/2/2020,,0,,,,
AS,28/2/2020,,0,,,,
IB,28/2/2020,,2,,,,
CN,28/2/2020,,6,,,,
CB,28/2/2020,,0,,,,
CM,28/2/2020,,0,,,,
CL,28/2/2020,,2,,,,
CT,28/2/2020,,5,,,,
CE,28/2/2020,,0,,,,
VC,28/2/2020,,10,,78,3,
EX,28/2/2020,,0,,,,
GA,28/2/2020,,0,,,,
MD,28/2/2020,,20,,,,
ML,28/2/2020,,0,,,,
MC,28/2/2020,,0,,,,
NC,28/2/2020,,0,,,,
PV,28/2/2020,,2,,,,
RI,28/2/2020,,0,,,,
AN,29/2/2020,,12,,,,
AR,29/2/2020,,0,,,,
AS,29/2/2020,,1,,0,1,0
IB,29/2/2020,,2,,,,
CN,29/2/2020,,7,,,,
CB,29/2/2020,,1,,,,
CM,29/2/2020,,1,,,,
CL,29/2/2020,,3,,,,
CT,29/2/2020,,6,,,,
CE,29/2/2020,,0,,,,
VC,29/2/2020,,15,,85,3,
EX,29/2/2020,,4,,,,
GA,29/2/2020,,0,,,,
MD,29/2/2020,,27,,,,
ML,29/2/2020,,0,,,,
MC,29/2/2020,,0,,,,
NC,29/2/2020,,1,,,,
PV,29/2/2020,,3,,,,
RI,29/2/2020,,0,,,,
AN,1/3/2020,,12,,,,
AR,1/3/2020,,0,,,,
AS,1/3/2020,,1,,0,1,0
IB,1/3/2020,,2,,,,
CN,1/3/2020,,7,,,,
CB,1/3/2020,,10,,,,
CM,1/3/2020,,3,,,,
CL,1/3/2020,,3,,,,
CT,1/3/2020,,15,,,,
CE,1/3/2020,,0,,,,
VC,1/3/2020,,15,,88,3,
EX,1/3/2020,,6,,,,
GA,1/3/2020,,0,,,,
MD,1/3/2020,,53,,,,
ML,1/3/2020,,0,,,,
MC,1/3/2020,,0,,,,
NC,1/3/2020,,1,,,,
PV,1/3/2020,,9,,,,
RI,1/3/2020,,1,,,,
AN,2/3/2020,,12,,,,
AR,2/3/2020,,0,,,,
AS,2/3/2020,,1,,1,1,0
IB,2/3/2020,,2,,,,
CN,2/3/2020,,7,,,,
CB,2/3/2020,,10,,,,
CM,2/3/2020,,7,,,,
CL,2/3/2020,,8,,,,
CT,2/3/2020,,15,,,,
CE,2/3/2020,,0,,,,
VC,2/3/2020,,15,,93,3,
EX,2/3/2020,,6,,,,
GA,2/3/2020,,0,,,,
MD,2/3/2020,,96,,,,
ML,2/3/2020,,0,,,,
MC,2/3/2020,,0,,,,
NC,2/3/2020,,1,,,,
PV,2/3/2020,,13,,,,
RI,2/3/2020,,2,,,,
AN,3/3/2020,,12,,,,
AR,3/3/2020,,0,,,,
AS,3/3/2020,,2,,1,1,0
IB,3/3/2020,,5,,,,
CN,3/3/2020,,7,,,,
CB,3/3/2020,,10,,,,
CM,3/3/2020,,12,,,,
CL,3/3/2020,,11,,,,
CT,3/3/2020,,15,,,,
CE,3/3/2020,,0,,,,
VC,3/3/2020,,19,,105,5,
EX,3/3/2020,,6,,,,
GA,3/3/2020,,1,,,,
MD,3/3/2020,,142,,,,
ML,3/3/2020,,0,,,,
MC,3/3/2020,,0,,,,
NC,3/3/2020,,3,,,,
PV,3/3/2020,,17,,,,
RI,3/3/2020,,7,,,,
AN,4/3/2020,,12,,,,
AR,4/3/2020,,1,,,,
AS,4/3/2020,,4,,1,1,0
IB,4/3/2020,,6,,,,
CN,4/3/2020,,8,,,,
CB,4/3/2020,,10,,,,
CM,4/3/2020,,13,,,,
CL,4/3/2020,,11,,,,
CT,4/3/2020,,24,,,,
CE,4/3/2020,,0,,,,
VC,4/3/2020,,19,,117,6,
EX,4/3/2020,,6,,,,
GA,4/3/2020,,1,,,,
MD,4/3/2020,,199,,,,
ML,4/3/2020,,0,,,,
MC,4/3/2020,,0,,,,
NC,4/3/2020,,3,,,,
PV,4/3/2020,,17,,,,
RI,4/3/2020,,17,,,,
AN,5/3/2020,,21,,,,
AR,5/3/2020,,1,,,,
AS,5/3/2020,,4,,4,1,0
IB,5/3/2020,,6,,,,
CN,5/3/2020,,11,,,,
CB,5/3/2020,,10,,,,
CM,5/3/2020,,15,,,,
CL,5/3/2020,,14,,,,
CT,5/3/2020,,24,,,,
CE,5/3/2020,,0,,,,
VC,5/3/2020,,30,,130,8,
EX,5/3/2020,,6,,,,
GA,5/3/2020,,3,,,,
MD,5/3/2020,,311,,,,
ML,5/3/2020,,0,,,,
MC,5/3/2020,,0,,,,
NC,5/3/2020,,3,,,,
PV,5/3/2020,,45,,,,
RI,5/3/2020,,29,,,,
AN,6/3/2020,,27,,,,
AR,6/3/2020,,5,,,,
AS,6/3/2020,,7,,4,1,0
IB,6/3/2020,,6,,,,
CN,6/3/2020,,11,,,,
CB,6/3/2020,,10,,,,
CM,6/3/2020,,15,,,,
CL,6/3/2020,,14,,,,
CT,6/3/2020,,24,,,,
CE,6/3/2020,,0,,,,
VC,6/3/2020,,30,,138,8,
EX,6/3/2020,,6,,,,
GA,6/3/2020,,3,,,,
MD,6/3/2020,,515,,,,
ML,6/3/2020,,0,,,,
MC,6/3/2020,,0,,,,
NC,6/3/2020,,3,,,,
PV,6/3/2020,,45,,,,
RI,6/3/2020,,47,,,,
AN,7/3/2020,,34,,,,
AR,7/3/2020,,5,,,,
AS,7/3/2020,,8,,4,1,0
IB,7/3/2020,,8,,,,
CN,7/3/2020,,17,,,,
CB,7/3/2020,,12,,,,
CM,7/3/2020,,15,,,,
CL,7/3/2020,,22,,,,
CT,7/3/2020,,49,,,,
CE,7/3/2020,,0,,,,
VC,7/3/2020,,37,,146,9,
EX,7/3/2020,,6,,,,
GA,7/3/2020,,5,,,,
MD,7/3/2020,,738,,,,
ML,7/3/2020,,0,,,,
MC,7/3/2020,,1,,,,
NC,7/3/2020,,3,,,,
PV,7/3/2020,,70,,,,
RI,7/3/2020,,70,,,,
AN,8/3/2020,,54,,,1,0
AR,8/3/2020,,7,,,3,3
AS,8/3/2020,,10,,7,1,0
IB,8/3/2020,,11,,,1,0
CN,8/3/2020,,22,,,0,0
CB,8/3/2020,,12,,,0,0
CM,8/3/2020,,26,,,2,0
CL,8/3/2020,,23,,,2,0
CT,8/3/2020,,59,,16,5,2
CE,8/3/2020,,0,,,0,0
VC,8/3/2020,,37,,153,9,1
EX,8/3/2020,,7,,,0,0
GA,8/3/2020,,6,,,2,0
MD,8/3/2020,,1003,,,53,16
ML,8/3/2020,,0,,,0,0
MC,8/3/2020,,4,,,0,0
NC,8/3/2020,,3,,,1,0
PV,8/3/2020,,149,,,5,6
RI,8/3/2020,,102,,,1,0
AN,9/3/2020,,71,,,1,0
AR,9/3/2020,,30,,,3,4
AS,9/3/2020,,15,,11,1,0
IB,9/3/2020,,13,,,1,0
CN,9/3/2020,,25,,,1,0
CB,9/3/2020,,12,,,0,0
CM,9/3/2020,,39,,,3,0
CL,9/3/2020,,56,,,2,0
CT,9/3/2020,,82,,31,7,2
CE,9/3/2020,,0,,,0,0
VC,9/3/2020,,50,,171,10,1
EX,9/3/2020,,8,,,0,0
GA,9/3/2020,,22,,,2,0
MD,9/3/2020,,1508,,,77,21
ML,9/3/2020,,0,,,0,0
MC,9/3/2020,,9,,,0,0
NC,9/3/2020,,12,,,2,0
PV,9/3/2020,,195,,,5,6
RI,9/3/2020,,155,,,1,1
AN,10/3/2020,,90,,32,3,0
AR,10/3/2020,,38,,22,3,4
AS,10/3/2020,,32,,13,2,0
IB,10/3/2020,,16,,8,1,0
CN,10/3/2020,,37,,10,1,0
CB,10/3/2020,,12,,0,0,0
CM,10/3/2020,,71,,0,5,0
CL,10/3/2020,,71,,24,5,0
CT,10/3/2020,,123,,50,8,3
CE,10/3/2020,,0,,0,0,0
VC,10/3/2020,,65,,200,12,1
EX,10/3/2020,,9,,2,1,1
GA,10/3/2020,,35,,7,2,0
MD,10/3/2020,,2213,,0,102,31
ML,10/3/2020,,0,,0,0,0
MC,10/3/2020,,11,,4,0,0
NC,10/3/2020,,46,,10,3,0
PV,10/3/2020,,225,,102,15,6
RI,10/3/2020,,185,,13,1,2
AN,11/3/2020,,115,,50,4,0
AR,11/3/2020,,45,,28,3,6
AS,11/3/2020,,37,,15,2,0
IB,11/3/2020,,22,,8,2,1
CN,11/3/2020,,51,,15,3,0
CB,11/3/2020,,16,,3,0,0
CM,11/3/2020,,115,,39,9,1
CL,11/3/2020,,92,,25,7,0
CT,11/3/2020,,202,,74,16,6
CE,11/3/2020,,0,,0,0,0
VC,11/3/2020,,76,,232,15,1
EX,11/3/2020,,19,,2,1,1
GA,11/3/2020,,35,,7,2,0
MD,11/3/2020,,2943,,0,135,56
ML,11/3/2020,,0,,0,0,0
MC,11/3/2020,,26,,5,1,0
NC,11/3/2020,,73,,17,3,0
PV,11/3/2020,,346,,146,18,11
RI,11/3/2020,,220,,21,1,2
AN,12/3/2020,,219,,92,8,0
AR,12/3/2020,,64,,30,3,7
AS,12/3/2020,,40,,18,2,1
IB,12/3/2020,,28,,9,2,1
CN,12/3/2020,,70,,15,3,0
CB,12/3/2020,,29,,3,0,0
CM,12/3/2020,,194,,78,10,5
CL,12/3/2020,,169,,25,8,0
CT,12/3/2020,,349,,137,22,9
CE,12/3/2020,,0,,0,0,0
VC,12/3/2020,,94,,271,22,1
EX,12/3/2020,,39,,3,1,1
GA,12/3/2020,,85,,15,6,0
MD,12/3/2020,,3732,,1304,180,81
ML,12/3/2020,,2,,3,0,0
MC,12/3/2020,,35,,8,2,0
NC,12/3/2020,,130,,28,4,0
PV,12/3/2020,,417,,179,20,14
RI,12/3/2020,,259,,27,2,3
AN,13/3/2020,,269,,92,8,2
AR,13/3/2020,,80,,42,5,7
AS,13/3/2020,,86,,24,2,2
IB,13/3/2020,,28,,9,2,1
CN,13/3/2020,,90,,15,6,1
CB,13/3/2020,,31,,3,0,0
CM,13/3/2020,,289,,78,10,6
CL,13/3/2020,,223,,25,15,1
CT,13/3/2020,,558,,200,29,13
CE,13/3/2020,,0,,0,0,0
VC,13/3/2020,,130,,307,29,4
EX,13/3/2020,,66,,3,1,2
GA,13/3/2020,,115,,32,6,0
MD,13/3/2020,,4672,,1518,180,86
ML,13/3/2020,,3,,3,0,0
MC,13/3/2020,,47,,8,2,0
NC,13/3/2020,,146,,28,4,0
PV,13/3/2020,,521,,179,22,14
RI,13/3/2020,,292,,38,2,3
AN,14/3/2020,,437,,92,8,6
AR,14/3/2020,,121,,59,5,7
AS,14/3/2020,,123,,28,3,2
IB,14/3/2020,,42,,9,2,1
CN,14/3/2020,,109,,15,6,1
CB,14/3/2020,,51,,3,0,0
CM,14/3/2020,,401,,78,10,10
CL,14/3/2020,,292,,45,22,3
CT,14/3/2020,,742,,287,40,15
CE,14/3/2020,,1,,0,0,0
VC,14/3/2020,,409,,339,37,5
EX,14/3/2020,,95,,8,1,2
GA,14/3/2020,,195,,32,6,2
MD,14/3/2020,,5576,,2337,253,213
ML,14/3/2020,,8,,4,0,0
MC,14/3/2020,,71,,13,2,0
NC,14/3/2020,,183,,34,4,0
PV,14/3/2020,,630,,262,29,23
RI,14/3/2020,,300,,58,7,3
AN,15/3/2020,,554,,197,11,7
AR,15/3/2020,,147,,64,7,11
AS,15/3/2020,,160,,39,3,2
IB,15/3/2020,,73,,21,4,1
CN,15/3/2020,,119,,40,9,1
CB,15/3/2020,,58,,18,2,0
CM,15/3/2020,,567,,207,23,17
CL,15/3/2020,,334,,95,29,6
CT,15/3/2020,,1017,,375,52,20
CE,15/3/2020,,1,,0,0,0
VC,15/3/2020,,409,,390,47,5
EX,15/3/2020,,111,,9,1,2
GA,15/3/2020,,245,,49,8,2
MD,15/3/2020,,6392,,2337,253,213
ML,15/3/2020,,8,,4,0,0
MC,15/3/2020,,77,,13,2,0
NC,15/3/2020,,274,,58,5,1
PV,15/3/2020,,630,,262,29,23
RI,15/3/2020,,312,,64,13,4
AN,16/3/2020,,683,,229,13,11
AR,16/3/2020,,207,,74,9,12
AS,16/3/2020,,224,,57,6,2
IB,16/3/2020,,92,,26,4,1
CN,16/3/2020,,148,,56,13,2
CB,16/3/2020,,58,,18,2,0
CM,16/3/2020,,567,,207,23,17
CL,16/3/2020,,431,,95,36,12
CT,16/3/2020,,1414,,525,73,23
CE,16/3/2020,,1,,0,0,0
VC,16/3/2020,,541,,456,52,13
EX,16/3/2020,,153,,18,2,3
GA,16/3/2020,,292,,49,12,3
MD,16/3/2020,,7653,,3710,340,355
ML,16/3/2020,,17,,4,0,0
MC,16/3/2020,,97,,18,3,0
NC,16/3/2020,,313,,72,10,2
PV,16/3/2020,,765,,309,33,36
RI,16/3/2020,,355,,82,13,5
AN,17/3/2020,,859,,319,21,19
AR,17/3/2020,,226,,81,9,13
AS,17/3/2020,,269,,78,9,2
IB,17/3/2020,,112,,29,4,1
CN,17/3/2020,,181,,73,17,3
CB,17/3/2020,,68,,25,3,1
CM,17/3/2020,,675,,277,29,28
CL,17/3/2020,,668,,281,50,22
CT,17/3/2020,,1866,,679,101,33
CE,17/3/2020,,1,,0,0,0
VC,17/3/2020,,726,,530,65,22
EX,17/3/2020,,194,,27,3,6
GA,17/3/2020,,341,,63,17,3
MD,17/3/2020,,9601,,3778,491,390
ML,17/3/2020,,20,,4,0,0
MC,17/3/2020,,122,,22,4,0
NC,17/3/2020,,386,,93,10,3
PV,17/3/2020,,973,,353,37,40
RI,17/3/2020,,419,,99,13,5
AN,18/3/2020,,1008,,384,25,23
AR,18/3/2020,,281,,101,14,15
AS,18/3/2020,,310,,105,11,2
IB,18/3/2020,,169,,31,7,2
CN,18/3/2020,,220,,82,23,3
CB,18/3/2020,,83,,40,4,1
CM,18/3/2020,,801,,313,37,42
CL,18/3/2020,,868,,362,63,29
CT,18/3/2020,,2702,,825,118,53
CE,18/3/2020,,1,,0,0,0
VC,18/3/2020,,921,,647,85,24
EX,18/3/2020,,241,,36,3,8
GA,18/3/2020,,453,,100,24,4
MD,18/3/2020,,11356,,5168,590,498
ML,18/3/2020,,23,,4,0,0
MC,18/3/2020,,167,,36,6,0
NC,18/3/2020,,482,,132,11,4
PV,18/3/2020,,1190,,455,44,53
RI,18/3/2020,,468,,121,15,5
AN,19/3/2020,,1287,,501,38,30
AR,19/3/2020,,360,,127,28,17
AS,19/3/2020,,429,,129,13,4
IB,19/3/2020,,203,,48,10,2
CN,19/3/2020,,287,,115,25,4
CB,19/3/2020,,144,,61,7,1
CM,19/3/2020,,1044,,313,37,42
CL,19/3/2020,,1147,,476,75,43
CT,19/3/2020,,3270,,994,175,93
CE,19/3/2020,,5,,0,0,0
VC,19/3/2020,,1105,,777,101,33
EX,19/3/2020,,297,,44,4,10
GA,19/3/2020,,578,,138,34,5
MD,19/3/2020,,13399,,6338,678,628
ML,19/3/2020,,24,,5,1,0
MC,19/3/2020,,204,,47,11,0
NC,19/3/2020,,554,,172,19,5
PV,19/3/2020,,1465,,550,53,71
RI,19/3/2020,,497,,122,15,7
AN,20/3/2020,,1515,,605,53,40
AR,20/3/2020,,424,,192,33,22
AS,20/3/2020,,524,,155,18,7
IB,20/3/2020,,246,,60,14,4
CN,20/3/2020,,348,,139,29,7
CB,20/3/2020,,215,,92,9,2
CM,20/3/2020,,1423,,635,65,84
CL,20/3/2020,,1466,,629,96,55
CT,20/3/2020,,4203,,1681,271,122
CE,20/3/2020,,5,,0,0,0
VC,20/3/2020,,1363,,947,129,50
EX,20/3/2020,,354,,65,6,12
GA,20/3/2020,,739,,168,40,9
MD,20/3/2020,,15722,,7388,767,804
ML,20/3/2020,,25,,8,1,0
MC,20/3/2020,,240,,61,14,1
NC,20/3/2020,,664,,222,25,9
PV,20/3/2020,,1725,,654,71,85
RI,20/3/2020,,564,,128,17,15
AN,21/3/2020,,1725,,724,55,47
AR,21/3/2020,,532,,241,45,24
AS,21/3/2020,,569,,180,22,12
IB,21/3/2020,,331,,79,14,4
CN,21/3/2020,,414,,150,32,9
CB,21/3/2020,,282,,116,9,5
CM,21/3/2020,,1819,,838,76,112
CL,21/3/2020,,1744,,798,111,74
CT,21/3/2020,,5046,,1917,290,143
CE,21/3/2020,,5,,0,0,0
VC,21/3/2020,,1604,,1136,152,69
EX,21/3/2020,,384,,87,8,14
GA,21/3/2020,,915,,227,50,12
MD,21/3/2020,,17397,,8441,834,1021
ML,21/3/2020,,25,,12,1,0
MC,21/3/2020,,296,,78,16,1
NC,21/3/2020,,794,,288,30,14
PV,21/3/2020,,2097,,988,81,97
RI,21/3/2020,,654,,134,17,18
AN,22/3/2020,,1961,,865,77,58
AR,22/3/2020,,638,,298,52,32
AS,22/3/2020,,621,,210,25,22
IB,22/3/2020,,400,,87,27,10
CN,22/3/2020,,481,,172,32,11
CB,22/3/2020,,347,,157,14,6
CM,22/3/2020,,2078,,1547,142,145
CL,22/3/2020,,2055,,977,130,102
CT,22/3/2020,,5747,,2158,308,199
CE,22/3/2020,,6,,0,0,0
VC,22/3/2020,,1901,,1311,181,94
EX,22/3/2020,,493,,131,13,18
GA,22/3/2020,,1208,,270,62,18
MD,22/3/2020,,18900,,9561,942,1263
ML,22/3/2020,,28,,12,1,0
MC,22/3/2020,,345,,80,23,2
NC,22/3/2020,,886,,339,40,24
PV,22/3/2020,,2421,,1252,92,120
RI,22/3/2020,,747,,166,22,22
AN,23/3/2020,,2470,,1132,102,87
AR,23/3/2020,,758,,384,66,37
AS,23/3/2020,,754,,251,29,26
IB,23/3/2020,,478,,127,35,10
CN,23/3/2020,,557,,207,36,16
CB,23/3/2020,,425,,200,16,9
CM,23/3/2020,,2465,,1826,182,216
CL,23/3/2020,,2460,,1197,151,124
CT,23/3/2020,,7864,,3209,471,293
CE,23/3/2020,,6,,0,0,0
VC,23/3/2020,,2167,,1562,222,115
EX,23/3/2020,,636,,161,20,26
GA,23/3/2020,,1415,,338,78,20
MD,23/3/2020,,21569,,10443,1050,1535
ML,23/3/2020,,28,,12,1,0
MC,23/3/2020,,385,,99,26,3
NC,23/3/2020,,1014,,405,45,31
PV,23/3/2020,,2728,,1425,106,133
RI,23/3/2020,,802,,206,24,30
AN,24/3/2020,,3008,,1433,116,113
AR,24/3/2020,,907,,459,75,40
AS,24/3/2020,,812,,281,39,29
IB,24/3/2020,,562,,164,40,13
CN,24/3/2020,,657,,235,43,21
CB,24/3/2020,,510,,241,18,14
CM,24/3/2020,,2780,,2162,210,263
CL,24/3/2020,,2940,,1457,179,165
CT,24/3/2020,,9937,,4349,713,385
CE,24/3/2020,,9,,2,1,0
VC,24/3/2020,,2616,,1842,255,143
EX,24/3/2020,,742,,209,28,39
GA,24/3/2020,,1653,,412,100,27
MD,24/3/2020,,24475,,11153,1150,1825
ML,24/3/2020,,38,,14,2,0
MC,24/3/2020,,477,,127,33,5
NC,24/3/2020,,1197,,506,51,33
PV,24/3/2020,,3271,,1577,119,155
RI,24/3/2020,,928,,254,33,37
AN,25/3/2020,,3404,,1626,134,134
AR,25/3/2020,,1116,,562,93,48
AS,25/3/2020,,891,,322,48,29
IB,25/3/2020,,660,,205,43,17
CN,25/3/2020,,784,,279,45,24
CB,25/3/2020,,671,,300,26,17
CM,25/3/2020,,3383,,2162,243,316
CL,25/3/2020,,3488,,1823,198,206
CT,25/3/2020,,11592,,5371,764,501
CE,25/3/2020,,10,,2,2,0
VC,25/3/2020,,3200,,2097,289,167
EX,25/3/2020,,969,,241,34,58
GA,25/3/2020,,1915,,503,107,32
MD,25/3/2020,,27422,,12440,1221,2090
ML,25/3/2020,,39,,16,2,1
MC,25/3/2020,,596,,172,36,8
NC,25/3/2020,,1411,,649,54,49
PV,25/3/2020,,3946,,1907,137,180
RI,25/3/2020,,995,,316,36,43
AN,26/3/2020,,3790,,1843,148,144
AR,26/3/2020,,1338,,693,114,58
AS,26/3/2020,,960,,370,56,39
IB,26/3/2020,,755,,237,46,22
CN,26/3/2020,,878,,328,61,27
CB,26/3/2020,,810,,355,29,21
CM,26/3/2020,,3934,,2707,273,367
CL,26/3/2020,,4132,,2214,215,252
CT,26/3/2020,,12940,,6714,972,685
CE,26/3/2020,,17,,2,2,0
VC,26/3/2020,,3532,,2357,325,198
EX,26/3/2020,,1231,,277,41,69
GA,26/3/2020,,2322,,557,122,43
MD,26/3/2020,,30796,,13580,1312,2412
ML,26/3/2020,,42,,18,2,1
MC,26/3/2020,,714,,209,53,15
NC,26/3/2020,,1641,,732,75,58
PV,26/3/2020,,4601,,2270,154,207
RI,26/3/2020,,1236,,388,43,55
AN,27/3/2020,,4271,,2106,172,175
AR,27/3/2020,,1592,,835,124,93
AS,27/3/2020,,1037,,427,59,44
IB,27/3/2020,,862,,283,59,26
CN,27/3/2020,,1025,,377,68,36
CB,27/3/2020,,937,,406,37,22
CM,27/3/2020,,4512,,2977,289,448
CL,27/3/2020,,4791,,2648,238,321
CT,27/3/2020,,14263,,7954,1036,827
CE,27/3/2020,,17,,2,2,1
VC,27/3/2020,,4034,,2606,348,234
EX,27/3/2020,,1394,,312,40,88
GA,27/3/2020,,2772,,906,141,47
MD,27/3/2020,,33162,,14211,1404,2757
ML,27/3/2020,,45,,22,2,1
MC,27/3/2020,,802,,231,58,17
NC,27/3/2020,,1829,,827,84,70
PV,27/3/2020,,5136,,2612,176,241
RI,27/3/2020,,1436,,458,43,65
AN,28/3/2020,,4676,,2294,201,207
AR,28/3/2020,,1858,,835,124,104
AS,28/3/2020,,1143,,452,63,47
IB,28/3/2020,,958,,345,71,29
CN,28/3/2020,,1125,,425,78,39
CB,28/3/2020,,1023,,449,40,26
CM,28/3/2020,,5246,,3018,299,539
CL,28/3/2020,,5414,,3160,261,380
CT,28/3/2020,,15025,,8447,1080,904
CE,28/3/2020,,21,,2,2,1
VC,28/3/2020,,4784,,2773,375,267
EX,28/3/2020,,1456,,313,41,100
GA,28/3/2020,,3139,,1043,159,60
MD,28/3/2020,,34189,,14454,1429,3082
ML,28/3/2020,,48,,24,2,1
MC,28/3/2020,,872,,260,58,20
NC,28/3/2020,,2011,,896,90,84
PV,28/3/2020,,5740,,3106,271,265
RI,28/3/2020,,1629,,497,43,68
AN,29/3/2020,,5398,,2671,216,236
AR,29/3/2020,,2078,,1094,156,106
AS,29/3/2020,,1206,,491,67,59
IB,29/3/2020,,1000,,353,80,37
CN,29/3/2020,,1204,,444,84,40
CB,29/3/2020,,1100,,481,46,27
CM,29/3/2020,,5858,,3134,302,622
CL,29/3/2020,,5801,,3411,272,442
CT,29/3/2020,,16104,,9126,1150,983
CE,29/3/2020,,25,,2,2,1
VC,29/3/2020,,5110,,2914,393,310
EX,29/3/2020,,1560,,353,43,106
GA,29/3/2020,,3723,,1147,176,66
MD,29/3/2020,,35061,,14917,1460,3392
ML,29/3/2020,,51,,27,3,1
MC,29/3/2020,,939,,265,58,25
NC,29/3/2020,,2146,,955,96,102
PV,29/3/2020,,6057,,3427,293,297
RI,29/3/2020,,1733,,517,43,71
AN,30/3/2020,,5809,,2867,235,248
AR,30/3/2020,,2272,,1176,165,138
AS,30/3/2020,,1295,,529,71,66
IB,30/3/2020,,1069,,399,85,42
CN,30/3/2020,,1262,,483,94,55
CB,30/3/2020,,1171,,522,50,37
CM,30/3/2020,,6424,,3225,344,708
CL,30/3/2020,,6211,,3629,294,516
CT,30/3/2020,,18520,,9925,1218,1216
CE,30/3/2020,,34,,3,3,1
VC,30/3/2020,,5508,,3111,416,339
EX,30/3/2020,,1628,,371,51,133
GA,30/3/2020,,4039,,1250,189,84
MD,30/3/2020,,37607,,15140,1514,3603
ML,30/3/2020,,54,,27,3,1
MC,30/3/2020,,974,,283,59,34
NC,30/3/2020,,2305,,1035,99,113
PV,30/3/2020,,6320,,3594,307,325
RI,30/3/2020,,1810,,575,51,85
AN,31/3/2020,,6379,,3147,260,308
AR,31/3/2020,,2491,,1234,168,169
AS,31/3/2020,,1367,,554,79,75
IB,31/3/2020,,1131,,467,94,46
CN,31/3/2020,,1380,,532,110,62
CB,31/3/2020,,1213,,543,54,54
CM,31/3/2020,,7047,,3230,353,774
CL,31/3/2020,,6847,,3951,318,585
CT,31/3/2020,,19991,,11446,1345,1458
CE,31/3/2020,,51,,6,3,1
VC,31/3/2020,,5922,,3253,434,395
EX,31/3/2020,,1679,,372,58,152
GA,31/3/2020,,4432,,1338,203,103
MD,31/3/2020,,39409,,15227,1514,3865
ML,31/3/2020,,62,,32,3,1
MC,31/3/2020,,1041,,304,59,37
NC,31/3/2020,,2497,,1120,104,130
PV,31/3/2020,,6838,,3806,324,369
RI,31/3/2020,,1960,,619,54,90
AN,1/4/2020,,6957,,3444,280,343
AR,1/4/2020,,2700,,1320,178,200
AS,1/4/2020,,1435,,602,84,76
IB,1/4/2020,,1204,,516,104,58
CN,1/4/2020,,1444,,566,113,68
CB,1/4/2020,,1268,,567,57,60
CM,1/4/2020,,7682,,3230,355,854
CL,1/4/2020,,7355,,4207,332,641
CT,1/4/2020,,21804,,12398,1415,1629
CE,1/4/2020,,55,,7,3,1
VC,1/4/2020,,6308,,3389,449,443
EX,1/4/2020,,1837,,412,62,181
GA,1/4/2020,,4842,,1447,212,120
MD,1/4/2020,,41199,,15227,1528,4175
ML,1/4/2020,,62,,32,3,1
MC,1/4/2020,,1084,,389,68,42
NC,1/4/2020,,2682,,1181,108,141
PV,1/4/2020,,7317,,4087,344,412
RI,1/4/2020,,2083,,660,57,101
AN,2/4/2020,,7353,,3673,338,376
AR,2/4/2020,,2889,,1431,180,224
AS,2/4/2020,,1504,,634,88,80
IB,2/4/2020,,1257,,586,111,69
CN,2/4/2020,,1490,,605,120,73
CB,2/4/2020,,1321,,592,59,64
CM,2/4/2020,,8523,,3168,355,916
CL,2/4/2020,,7875,,4472,342,723
CT,2/4/2020,,23460,,13101,1482,1784
CE,2/4/2020,,62,,8,3,1
VC,2/4/2020,,6624,,3492,460,511
EX,2/4/2020,,1893,,415,64,200
GA,2/4/2020,,5219,,1630,219,138
MD,2/4/2020,,43038,,15050,1506,4483
ML,2/4/2020,,70,,34,3,2
MC,2/4/2020,,1145,,405,72,46
NC,2/4/2020,,2836,,1284,119,151
PV,2/4/2020,,7827,,4283,363,444
RI,2/4/2020,,2224,,738,64,109
AN,3/4/2020,,7847,,3896,364,426
AR,3/4/2020,,3078,,1505,190,251
AS,3/4/2020,,1573,12,657,91,83
IB,3/4/2020,,1271,,633,113,71
CN,3/4/2020,,1564,,632,128,78
CB,3/4/2020,,1384,,619,60,68
CM,3/4/2020,,9324,,3133,360,989
CL,3/4/2020,,8332,,4685,351,786
CT,3/4/2020,,24734,,14251,1569,1928
CE,3/4/2020,,73,,8,4,1
VC,3/4/2020,,6901,,3560,470,571
EX,3/4/2020,,1979,,453,64,208
GA,3/4/2020,,5625,,1767,229,159
MD,3/4/2020,,44779,,14741,1498,4723
ML,3/4/2020,,79,,37,3,2
MC,3/4/2020,,1188,,434,79,51
NC,3/4/2020,,2972,,1341,120,171
PV,3/4/2020,,8187,,4522,377,477
RI,3/4/2020,,2405,,805,64,128
AN,4/4/2020,,8279,,4107,474,470
AR,4/4/2020,,3232,,1588,233,270
AS,4/4/2020,,1627,13,674,93,87
IB,4/4/2020,,1293,,663,119,75
CN,4/4/2020,,1622,,644,129,80
CB,4/4/2020,,1441,,639,62,68
CM,4/4/2020,,10031,,2950,357,1055
CL,4/4/2020,,8749,,4905,361,847
CT,4/4/2020,,26032,,14798,1653,2053
CE,4/4/2020,,83,,9,4,2
VC,4/4/2020,,7184,,3620,478,613
EX,4/4/2020,,2047,,417,66,218
GA,4/4/2020,,5944,,1831,237,174
MD,4/4/2020,,45671,,14551,1499,4941
ML,4/4/2020,,83,,38,3,2
MC,4/4/2020,,1235,,447,80,59
NC,4/4/2020,,3073,,1399,123,178
PV,4/4/2020,,8628,,4666,404,515
RI,4/4/2020,,2592,,855,66,134
AN,5/4/2020,,8559,,4227,489,491
AR,5/4/2020,,3347,,1637,237,284
AS,5/4/2020,,1681,14,695,94,93
IB,5/4/2020,,1320,,682,120,81
CN,5/4/2020,,1649,,651,133,85
CB,5/4/2020,,1483,,658,65,77
CM,5/4/2020,,10602,,2901,354,1132
CL,5/4/2020,,9116,,5041,368,919
CT,5/4/2020,,26824,,15258,1685,2167
CE,5/4/2020,,83,,9,4,3
VC,5/4/2020,,7334,,3668,487,637
EX,5/4/2020,,2068,,453,66,228
GA,5/4/2020,,6151,,1916,245,190
MD,5/4/2020,,46197,,14501,1510,5136
ML,5/4/2020,,86,,38,3,2
MC,5/4/2020,,1259,,468,81,68
NC,5/4/2020,,3231,,1432,124,187
PV,5/4/2020,,8810,,4794,410,548
RI,5/4/2020,,2719,,888,66,141
AN,6/4/2020,,8743,,4335,499,528
AR,6/4/2020,,3449,,1663,247,312
AS,6/4/2020,,1702,16,727,96,101
IB,6/4/2020,,1369,,704,123,84
CN,6/4/2020,,1725,,689,137,89
CB,6/4/2020,,1501,,677,66,85
CM,6/4/2020,,11077,,2908,360,1177
CL,6/4/2020,,9581,,5180,375,982
CT,6/4/2020,,28323,,15643,1740,2329
CE,6/4/2020,,83,,9,4,4
VC,6/4/2020,,7443,,3698,492,672
EX,6/4/2020,,2116,,686,70,258
GA,6/4/2020,,6331,,1968,253,204
MD,6/4/2020,,47763,,13950,1494,5371
ML,6/4/2020,,92,,40,3,2
MC,6/4/2020,,1259,4,500,84,78
NC,6/4/2020,,3355,,1488,124,202
PV,6/4/2020,,8974,47,4856,417,586
RI,6/4/2020,,2846,,918,66,160
AN,7/4/2020,,8973,,4463,520,605
AR,7/4/2020,,3549,,1716,255,349
AS,7/4/2020,,1729,22,747,97,107
IB,7/4/2020,,1412,,730,128,89
CN,7/4/2020,,1762,,703,138,91
CB,7/4/2020,,1572,,700,69,92
CM,7/4/2020,,11788,,2731,354,1255
CL,7/4/2020,,10058,,5322,386,1028
CT,7/4/2020,,29647,,16235,1829,2462
CE,7/4/2020,,84,,9,4,4
VC,7/4/2020,,7655,,3713,496,724
EX,7/4/2020,,2184,,898,98,271
GA,7/4/2020,,6538,,2014,256,213
MD,7/4/2020,,49160,,13289,1450,5586
ML,7/4/2020,,93,,40,3,2
MC,7/4/2020,,1297,8,515,86,85
NC,7/4/2020,,3467,,1526,124,206
PV,7/4/2020,,9392,60,4982,430,635
RI,7/4/2020,,2951,,955,68,177
AN,8/4/2020,,9234,,4599,538,652
AR,8/4/2020,,3685,,1765,261,385
AS,8/4/2020,,1774,57,775,100,113
IB,8/4/2020,,1448,,750,131,89
CN,8/4/2020,,1834,,730,140,92
CB,8/4/2020,,1619,,720,71,98
CM,8/4/2020,,12489,,2575,342,1322
CL,8/4/2020,,10518,,5523,399,1082
CT,8/4/2020,,31043,,16970,1946,2667
CE,8/4/2020,,84,,9,4,4
VC,8/4/2020,,7964,,3815,541,767
EX,8/4/2020,,2273,,958,99,283
GA,8/4/2020,,6758,,2094,260,231
MD,8/4/2020,,50580,,12853,1433,5800
ML,8/4/2020,,93,,40,3,2
MC,8/4/2020,,1322,18,533,87,88
NC,8/4/2020,,3575,,1526,124,214
PV,8/4/2020,,9740,66,5130,433,689
RI,8/4/2020,,3026,,997,69,182
AN,9/4/2020,,9482,,4715,582,691
AR,9/4/2020,,3831,,1822,263,409
AS,9/4/2020,,1822,67,797,100,129
IB,9/4/2020,,1488,,776,135,97
CN,9/4/2020,,1858,,738,141,94
CB,9/4/2020,,1659,,747,73,102
CM,9/4/2020,,13063,,2359,329,1431
CL,9/4/2020,,11102,,5674,407,1129
CT,9/4/2020,,31824,,17780,1966,2787
CE,9/4/2020,,91,,9,4,4
VC,9/4/2020,,8331,,3987,561,796
EX,9/4/2020,,2332,,1003,101,288
GA,9/4/2020,,6946,,2165,263,243
MD,9/4/2020,,51535,,12432,1399,5972
ML,9/4/2020,,95,,41,3,2
MC,9/4/2020,,1338,29,533,88,90
NC,9/4/2020,,3748,,1620,124,218
PV,9/4/2020,,9992,111,5290,442,729
RI,9/4/2020,,3076,,1047,71,196
AN,10/4/2020,,9682,,4808,602,737
AR,10/4/2020,,3969,29,1860,266,425
AS,10/4/2020,,1865,78,831,101,134
IB,10/4/2020,,1507,,777,136,102
CN,10/4/2020,,1887,,745,144,95
CB,10/4/2020,,1719,,773,75,107
CM,10/4/2020,,13456,,2198,316,1483
CL,10/4/2020,,11543,,5817,414,1180
CT,10/4/2020,,32984,,18194,1989,2877
CE,10/4/2020,,93,,9,4,4
VC,10/4/2020,,8578,,4132,565,818
EX,10/4/2020,,2486,,1052,104,303
GA,10/4/2020,,7176,,2215,264,261
MD,10/4/2020,,52400,,11894,1376,6084
ML,10/4/2020,,98,,43,3,2
MC,10/4/2020,,1371,33,533,88,94
NC,10/4/2020,,3817,,1641,124,227
PV,10/4/2020,,10313,202,5402,453,765
RI,10/4/2020,,3223,273,1082,73,207
AN,11/4/2020,,9976,,4950,619,799
AR,11/4/2020,,4070,55,1901,272,450
AS,11/4/2020,,1949,81,863,102,150
IB,11/4/2020,,1534,,804,141,112
CN,11/4/2020,,1918,,758,144,95
CB,11/4/2020,,1752,,805,75,110
CM,11/4/2020,,13698,,6838,316,1543
CL,11/4/2020,,12118,,5957,418,1221
CT,11/4/2020,,34027,,18772,2018,2975
CE,11/4/2020,,93,,9,4,4
VC,11/4/2020,,8841,,4149,567,838
EX,11/4/2020,,2580,,1074,106,312
GA,11/4/2020,,7336,,2306,267,274
MD,11/4/2020,,52944,,11424,1332,6278
ML,11/4/2020,,98,,43,3,2
MC,11/4/2020,,1380,56,537,91,97
NC,11/4/2020,,3969,,1663,124,232
PV,11/4/2020,,10514,258,5547,459,804
RI,11/4/2020,,3279,317,1122,73,219
AN,12/4/2020,,10062,,4993,621,815
AR,12/4/2020,,4187,61,1938,274,464
AS,12/4/2020,,2001,83,884,105,157
IB,12/4/2020,,1550,,810,142,117
CN,12/4/2020,,1944,,763,145,96
CB,12/4/2020,,1777,,827,75,117
CM,12/4/2020,,14054,,7782,475,1626
CL,12/4/2020,,12628,,6077,423,1263
CT,12/4/2020,,34726,,18963,2084,3105
CE,12/4/2020,,95,,9,4,4
VC,12/4/2020,,9060,,4269,576,876
EX,12/4/2020,,2658,,1096,107,321
GA,12/4/2020,,7494,,2344,275,284
MD,12/4/2020,,53285,,11233,1327,6423
ML,12/4/2020,,101,,43,3,2
MC,12/4/2020,,1387,65,543,94,101
NC,12/4/2020,,4092,,1693,124,239
PV,12/4/2020,,10674,344,5622,464,831
RI,12/4/2020,,3358,317,1141,73,223
AN,13/4/2020,,10169,114,5054,631,836
AR,13/4/2020,,4245,87,1966,280,492
AS,13/4/2020,,2030,89,902,109,165
IB,13/4/2020,,1571,,825,144,118
CN,13/4/2020,,1958,,771,147,102
CB,13/4/2020,,1796,,853,76,120
CM,13/4/2020,,14329,,7830,486,1714
CL,13/4/2020,,13180,,6175,432,1299
CT,13/4/2020,,35197,,19224,2102,3201
CE,13/4/2020,,96,,9,4,4
VC,13/4/2020,,9213,,4397,581,907
EX,13/4/2020,,2684,,1114,107,334
GA,13/4/2020,,7597,,2403,280,290
MD,13/4/2020,,54287,,10753,1299,6568
ML,13/4/2020,,101,,43,3,2
MC,13/4/2020,,1393,86,566,96,106
NC,13/4/2020,,4150,,1705,124,249
PV,13/4/2020,,10845,381,5679,470,859
RI,13/4/2020,,3420,329,1152,74,234
AN,14/4/2020,,10392,169,5147,665,865
AR,14/4/2020,,4338,112,2006,282,514
AS,14/4/2020,,2089,105,914,111,172
IB,14/4/2020,,1605,,856,148,125
CN,14/4/2020,,1975,,781,152,104
CB,14/4/2020,,1823,,873,76,132
CM,14/4/2020,,14680,,7896,495,1755
CL,14/4/2020,,13697,,6306,440,1337
CT,14/4/2020,,36505,,20264,2189,3453
CE,14/4/2020,,98,,9,4,4
VC,14/4/2020,,9424,,4465,588,945
EX,14/4/2020,,2762,,1155,107,342
GA,14/4/2020,,7708,,2471,282,299
MD,14/4/2020,,55398,,10116,1244,6724
ML,14/4/2020,,102,,43,3,2
MC,14/4/2020,,1400,128,574,97,109
NC,14/4/2020,,4246,,1731,124,252
PV,14/4/2020,,11014,461,5750,471,902
RI,14/4/2020,,3457,374,1182,75,246
AN,15/4/2020,,10557,216,5226,671,912
AR,15/4/2020,,4411,155,2108,291,543
AS,15/4/2020,,2110,137,927,112,176
IB,15/4/2020,,1636,,871,151,131
CN,15/4/2020,,1988,0,802,156,107
CB,15/4/2020,,1845,,890,77,137
CM,15/4/2020,,15151,,7987,503,1796
CL,15/4/2020,,14380,,6449,445,1372
CT,15/4/2020,,37354,,20553,2252,3618
CE,15/4/2020,,98,2,9,4,4
VC,15/4/2020,,9615,,4524,625,972
EX,15/4/2020,,2581,300,1186,107,359
GA,15/4/2020,,7873,,2494,282,310
MD,15/4/2020,,56304,,9653,1206,6877
ML,15/4/2020,,103,0,43,3,2
MC,15/4/2020,,1416,174,575,97,111
NC,15/4/2020,,4348,,1752,124,261
PV,15/4/2020,,11203,587,5863,478,956
RI,15/4/2020,,3539,377,1207,75,257
AN,16/4/2020,,10635,383,5298,675,940
AR,16/4/2020,,4489,175,2151,240,562
AS,16/4/2020,,2163,156,966,113,186
IB,16/4/2020,,1667,,904,151,134
CN,16/4/2020,,2009,0,811,159,111
CB,16/4/2020,,1884,,903,78,144
CM,16/4/2020,,15997,,8018,511,1852
CL,16/4/2020,,14903,,6518,449,1401
CT,16/4/2020,,38316,,21242,2305,3752
CE,16/4/2020,,98,3,9,4,4
VC,16/4/2020,,9486,297,4605,632,999
EX,16/4/2020,,2656,363,1212,107,372
GA,16/4/2020,,8013,,2535,290,320
MD,16/4/2020,,57157,,9141,1154,7007
ML,16/4/2020,,104,,44,3,2
MC,16/4/2020,,1424,202,585,99,112
NC,16/4/2020,,4433,,1781,124,338
PV,16/4/2020,,11403,686,5939,484,992
RI,16/4/2020,,3547,551,1226,76,262
AN,17/4/2020,,10734,434,5341,677,967
AR,17/4/2020,,4551,210,2180,243,601
AS,17/4/2020,,2186,180,980,113,190
IB,17/4/2020,,1723,24,936,156,148
CN,17/4/2020,,2035,0,822,160,115
CB,17/4/2020,,1990,,911,78,149
CM,17/4/2020,,16349,,8093,514,1913
CL,17/4/2020,,15293,,6831,495,1429
CT,17/4/2020,,39943,152,22013,2349,3879
CE,17/4/2020,,100,11,9,4,4
VC,17/4/2020,,9584,533,4708,636,1042
EX,17/4/2020,,2663,468,1240,107,380
GA,17/4/2020,,8084,,2554,291,334
MD,17/4/2020,,57978,0,8597,1094,7132
ML,17/4/2020,,104,0,44,3,2
MC,17/4/2020,,1430,217,611,102,115
NC,17/4/2020,,4349,230,1829,127,354
PV,17/4/2020,,11553,802,6030,490,1020
RI,17/4/2020,,3583,667,1249,78,272
AN,18/4/2020,,10898,491,5424,687,993
AR,18/4/2020,,4608,223,2216,246,619
AS,18/4/2020,,2203,188,988,114,197
IB,18/4/2020,,1739,33,954,159,155
CN,18/4/2020,,2047,0,825,162,119
CB,18/4/2020,,1949,101,924,78,153
CM,18/4/2020,,14588,2037,8137,518,1963
CL,18/4/2020,,14644,977,6981,498,1458
CT,18/4/2020,,40448,152,22235,2395,3933
CE,18/4/2020,,100,12,9,4,4
VC,18/4/2020,,9657,593,4781,643,1065
EX,18/4/2020,,2673,519,1278,107,384
GA,18/4/2020,,8185,,2590,294,346
MD,18/4/2020,,58466,2475,8291,1123,7239
ML,18/4/2020,,104,3,44,3,2
MC,18/4/2020,,1438,215,612,102,116
NC,18/4/2020,,4413,243,1843,127,369
PV,18/4/2020,,11731,838,6086,499,1062
RI,18/4/2020,,3636,694,1268,79,277
AN,19/4/2020,,10991,527,5473,690,1013
AR,19/4/2020,,4654,232,2244,248,637
AS,19/4/2020,,2213,194,993,115,199
IB,19/4/2020,,1748,39,962,160,157
CN,19/4/2020,,2067,0,826,163,119
CB,19/4/2020,,1973,110,934,78,158
CM,19/4/2020,,14725,2071,8173,531,2021
CL,19/4/2020,,14781,1076,7080,501,1493
CT,19/4/2020,,41676,1027,22375,2409,4009
CE,19/4/2020,,100,14,9,4,4
VC,19/4/2020,,9708,631,4827,646,1079
EX,19/4/2020,,2692,551,1306,107,389
GA,19/4/2020,,8299,,2609,296,352
MD,19/4/2020,,58673,2663,8191,1111,7351
ML,19/4/2020,,104,5,44,3,2
MC,19/4/2020,,1440,219,612,103,117
NC,19/4/2020,,4449,286,1856,128,385
PV,19/4/2020,,11789,839,6109,501,1081
RI,19/4/2020,,3664,707,1282,79,285
AN,20/4/2020,,11095,553,5509,692,1017
AR,20/4/2020,,4684,254,2271,250,643
AS,20/4/2020,,2220,229,999,116,203
IB,20/4/2020,,1766,41,985,160,161
CN,20/4/2020,,2085,0,837,164,120
CB,20/4/2020,,1998,110,948,78,165
CM,20/4/2020,,14936,2109,8199,534,2075
CL,20/4/2020,,14951,1308,7174,503,1521
CT,20/4/2020,,43112,1027,22796,2437,4152
CE,20/4/2020,,100,14,9,4,4
VC,20/4/2020,,9750,649,4866,648,1089
EX,20/4/2020,,2692,551,1327,107,397
GA,20/4/2020,,8468,,2652,296,360
MD,20/4/2020,,59300,2672,7930,1076,7460
ML,20/4/2020,,105,5,44,3,2
MC,20/4/2020,,1445,251,614,104,120
NC,20/4/2020,,4475,356,1877,128,397
PV,20/4/2020,,11843,967,6141,507,1103
RI,20/4/2020,,3684,799,1297,81,294
AN,21/4/2020,,11225,654,5565,696,1050
AR,21/4/2020,,4761,293,2304,252,656
AS,21/4/2020,,2230,277,1007,116,211
IB,21/4/2020,,1786,48,1004,165,164
CN,21/4/2020,,2094,0,841,164,121
CB,21/4/2020,,2012,148,956,78,167
CM,21/4/2020,,15053,2268,8243,537,2140
CL,21/4/2020,,15141,1698,7264,505,1554
CT,21/4/2020,,43802,1027,23295,2460,4247
CE,21/4/2020,,100,24,9,4,4
VC,21/4/2020,,9825,746,4896,649,1106
EX,21/4/2020,,2692,551,1349,107,404
GA,21/4/2020,,8634,,2674,297,368
MD,21/4/2020,,59950,2954,7464,1024,7577
ML,21/4/2020,,105,6,44,3,2
MC,21/4/2020,,1455,262,622,104,123
NC,21/4/2020,,4531,427,1894,128,401
PV,21/4/2020,,11974,1070,6201,513,1124
RI,21/4/2020,,3704,882,1318,81,298
AN,22/4/2020,,11358,837,5616,702,1079
AR,22/4/2020,,4833,404,2340,253,681
AS,22/4/2020,,2241,318,1009,116,222
IB,22/4/2020,,1805,54,1021,165,168
CN,22/4/2020,,2113,0,855,169,121
CB,22/4/2020,,2023,183,965,78,173
CM,22/4/2020,,15128,2429,8304,546,2188
CL,22/4/2020,,15510,1892,7397,508,1582
CT,22/4/2020,,44892,1027,23647,2478,4343
CE,22/4/2020,,100,24,9,4,4
VC,22/4/2020,,9869,866,4917,650,1124
EX,22/4/2020,,2715,651,1375,107,407
GA,22/4/2020,,8805,,2694,298,375
MD,22/4/2020,,60657,3393,7077,981,7684
ML,22/4/2020,,106,7,44,3,2
MC,22/4/2020,,1460,261,624,104,124
NC,22/4/2020,,4577,486,1907,129,409
PV,22/4/2020,,12094,1342,6260,516,1167
RI,22/4/2020,,3741,986,1331,82,303
AN,23/4/2020,,11486,963,5675,714,1107
AR,23/4/2020,,4867,428,2359,254,695
AS,23/4/2020,,2245,354,1012,117,228
IB,23/4/2020,,1819,57,1039,165,172
CN,23/4/2020,,2140,0,868,169,128
CB,23/4/2020,,2055,218,978,78,178
CM,23/4/2020,,15365,2688,8342,553,2255
CL,23/4/2020,,15692,2084,7506,510,1612
CT,23/4/2020,,45544,1027,24130,2569,4393
CE,23/4/2020,,100,25,10,4,4
VC,23/4/2020,,9939,967,4945,651,1147
EX,23/4/2020,,2718,685,1413,107,411
GA,23/4/2020,,8932,,2707,301,382
MD,23/4/2020,,61099,3535,6601,949,7765
ML,23/4/2020,,107,9,44,3,2
MC,23/4/2020,,1468,273,625,105,125
NC,23/4/2020,,4581,599,1915,129,417
PV,23/4/2020,,12204,1576,6315,518,1193
RI,23/4/2020,,3790,1075,1344,82,307
AN,24/4/2020,,11645,1129,5715,717,1131
AR,24/4/2020,,4922,460,2372,255,709
AS,24/4/2020,,2249,393,1020,117,235
IB,24/4/2020,,1845,60,1057,165,174
CN,24/4/2020,,2155,0,878,171,130
CB,24/4/2020,,2071,244,982,78,182
CM,24/4/2020,,15509,3016,8385,559,2292
CL,24/4/2020,,15990,2269,7555,511,1639
CT,24/4/2020,,46261,1027,24420,2576,4498
CE,24/4/2020,,100,25,10,4,4
VC,24/4/2020,,10066,1057,4978,653,1172
EX,24/4/2020,,2718,740,1447,107,416
GA,24/4/2020,,9116,,2717,302,388
MD,24/4/2020,,61619,3691,6183,892,7848
ML,24/4/2020,,108,10,44,3,2
MC,24/4/2020,,1468,288,625,105,126
NC,24/4/2020,,4627,647,1937,129,429
PV,24/4/2020,,12366,1766,6375,525,1212
RI,24/4/2020,,3821,1125,1360,83,311
AN,25/4/2020,,11712,1260,5747,716,1145
AR,25/4/2020,,4955,501,2395,257,712
AS,25/4/2020,,2261,441,1022,117,243
IB,25/4/2020,,1852,63,1061,165,175
CN,25/4/2020,,2167,0,880,171,131
CB,25/4/2020,,2083,247,991,78,183
CM,25/4/2020,,15609,3386,8417,565,2330
CL,25/4/2020,,16222,2462,7653,515,1666
CT,25/4/2020,,46811,1027,25665,2583,4566
CE,25/4/2020,,100,31,10,4,4
VC,25/4/2020,,10160,1212,5013,654,1186
EX,25/4/2020,,2736,729,1480,107,422
GA,25/4/2020,,9176,,2724,303,394
MD,25/4/2020,,61855,3691,5892,873,7922
ML,25/4/2020,,110,11,44,3,2
MC,25/4/2020,,1474,297,627,106,127
NC,25/4/2020,,4712,740,1942,129,431
PV,25/4/2020,,12455,1860,6426,533,1230
RI,25/4/2020,,3861,1137,1380,84,315
AN,26/4/2020,,11787,1321,5767,720,1157
AR,26/4/2020,,4985,519,2403,257,726
AS,26/4/2020,,2263,472,1028,117,248
IB,26/4/2020,,1857,63,1061,165,179
CN,26/4/2020,,2178,0,881,171,131
CB,26/4/2020,,2104,246,995,78,186
CM,26/4/2020,,15664,3622,8444,579,2365
CL,26/4/2020,,16404,2624,7703,518,1690
CT,26/4/2020,,47755,1027,25799,2724,4699
CE,26/4/2020,,100,31,10,4,4
VC,26/4/2020,,10180,1232,5032,656,1189
EX,26/4/2020,,2749,731,1490,107,428
GA,26/4/2020,,9238,,2728,304,405
MD,26/4/2020,,61985,4022,39472,3309,7986
ML,26/4/2020,,110,11,44,3,2
MC,26/4/2020,,1474,297,627,106,128
NC,26/4/2020,,4733,753,1942,130,432
PV,26/4/2020,,12513,1899,6457,538,1241
RI,26/4/2020,,3892,1149,1392,85,320
AN,27/4/2020,,11836,1359,5792,721,1168
AR,27/4/2020,,5004,553,2425,258,735
AS,27/4/2020,,2269,537,1035,117,252
IB,27/4/2020,,1868,70,1073,165,181
CN,27/4/2020,,2187,0,900,174,133
CB,27/4/2020,,2115,271,1000,78,188
CM,27/4/2020,,15706,3812,8464,584,2396
CL,27/4/2020,,16589,2783,7777,522,1710
CT,27/4/2020,,48158,1027,26230,2750,4808
CE,27/4/2020,,100,34,10,4,4
VC,27/4/2020,,10204,1454,5046,659,1200
EX,27/4/2020,,2751,736,1505,107,433
GA,27/4/2020,,9328,,2734,305,412
MD,27/4/2020,,62579,4205,39634,3338,8048
ML,27/4/2020,,114,11,44,3,2
MC,27/4/2020,,1475,318,629,106,130
NC,27/4/2020,,4759,871,1945,130,432
PV,27/4/2020,,12564,2240,6482,539,1255
RI,27/4/2020,,3897,1200,1400,87,326
AN,28/4/2020,,11917,1528,5831,722,1188
AR,28/4/2020,,5042,610,2454,258,736
AS,28/4/2020,,2284,587,1041,117,259
IB,28/4/2020,,1877,71,1078,165,185
CN,28/4/2020,,2202,0,906,175,134
CB,28/4/2020,,2146,293,1006,79,191
CM,28/4/2020,,15785,4010,8523,588,2436
CL,28/4/2020,,16690,3161,7854,524,1736
CT,28/4/2020,,48654,1027,26546,2768,4905
CE,28/4/2020,,101,38,10,4,4
VC,28/4/2020,,10236,1580,5072,662,1218
EX,28/4/2020,,2764,749,1526,107,440
GA,28/4/2020,,8693,791,2736,308,551
MD,28/4/2020,,63079,4381,39850,3355,8105
ML,28/4/2020,,114,11,44,3,2
MC,28/4/2020,,1480,360,635,106,130
NC,28/4/2020,,4794,1090,1951,130,448
PV,28/4/2020,,12619,2519,6522,540,1274
RI,28/4/2020,,3910,1263,1413,87,330
AN,29/4/2020,,11949,1675,5873,721,1207
AR,29/4/2020,,5091,880,2477,258,739
AS,29/4/2020,,2295,627,1047,117,263
IB,29/4/2020,,1881,72,1081,166,188
CN,29/4/2020,,2205,0,909,175,135
CB,29/4/2020,,2173,332,1007,79,191
CM,29/4/2020,,15832,4239,8567,592,2463
CL,29/4/2020,,16885,3427,7957,528,1752
CT,29/4/2020,,48916,1027,26763,2784,4975
CE,29/4/2020,,101,45,10,4,4
VC,29/4/2020,,10331,1727,5096,663,1236
EX,29/4/2020,,2785,753,1550,108,446
GA,29/4/2020,,8731,848,2747,310,551
MD,29/4/2020,,63454,4488,40076,3377,8176
ML,29/4/2020,,114,11,44,3,2
MC,29/4/2020,,1486,408,637,108,130
NC,29/4/2020,,4815,1325,1965,132,451
PV,29/4/2020,,12701,2818,6561,541,1296
RI,29/4/2020,,3918,1288,1424,88,332
AN,30/4/2020,,12061,1820,5935,729,1238
AR,30/4/2020,,5116,987,2494,260,749
AS,30/4/2020,,2310,663,1048,118,264
IB,30/4/2020,,1892,76,1089,166,193
CN,30/4/2020,,2206,0,914,175,136
CB,30/4/2020,,2184,363,1009,79,192
CM,30/4/2020,,15910,4606,8618,596,2498
CL,30/4/2020,,16993,3746,8010,531,1770
CT,30/4/2020,,49307,1027,26932,2795,5061
CE,30/4/2020,,101,50,10,4,4
VC,30/4/2020,,10347,1862,5126,694,1245
EX,30/4/2020,,2811,819,1565,108,451
GA,30/4/2020,,8769,848,2759,313,558
MD,30/4/2020,,63747,4609,40293,3392,8222
ML,30/4/2020,,115,11,44,3,2
MC,30/4/2020,,1488,472,638,109,132
NC,30/4/2020,,4848,1489,1977,132,458
PV,30/4/2020,,12824,3145,6607,544,1312
RI,30/4/2020,,3936,1290,1433,88,333
AN,1/5/2020,,12105,2023,5961,735,1253
AR,1/5/2020,,5136,1028,2503,260,761
AS,1/5/2020,,2311,686,1052,120,270
IB,1/5/2020,,1900,82,1093,166,197
CN,1/5/2020,,2212,0,918,175,140
CB,1/5/2020,,2201,376,1009,79,193
CM,1/5/2020,,15967,5056,8645,601,2534
CL,1/5/2020,,17165,3834,8054,531,1788
CT,1/5/2020,,49850,1027,27049,2811,5137
CE,1/5/2020,,101,51,10,4,4
VC,1/5/2020,,10411,2103,5153,695,1258
EX,1/5/2020,,2824,866,1592,108,458
GA,1/5/2020,,8804,848,2769,313,563
MD,1/5/2020,,63892,4609,40457,3404,8292
ML,1/5/2020,,115,11,44,3,2
MC,1/5/2020,,1491,475,639,110,132
NC,1/5/2020,,4888,1523,1979,132,460
PV,1/5/2020,,12887,3232,6659,551,1321
RI,1/5/2020,,3947,1292,1439,88,334
AN,2/5/2020,,12139,2112,5961,736,1256
AR,2/5/2020,,5164,1044,2519,260,761
AS,2/5/2020,,2313,706,1055,120,270
IB,2/5/2020,,1906,82,1098,166,197
CN,2/5/2020,,2221,0,919,175,140
CB,2/5/2020,,2205,384,1010,79,195
CM,2/5/2020,,16017,5273,8676,604,2565
CL,2/5/2020,,17283,3946,8085,533,1800
CT,2/5/2020,,50234,1027,27257,2844,5185
CE,2/5/2020,,101,51,10,4,4
VC,2/5/2020,,10436,2250,5181,698,1264
EX,2/5/2020,,2844,868,1603,108,460
GA,2/5/2020,,8837,848,2774,315,569
MD,2/5/2020,,64009,4609,40597,3421,8332
ML,2/5/2020,,117,12,44,3,2
MC,2/5/2020,,1492,482,641,110,134
NC,2/5/2020,,4902,1525,1986,133,462
PV,2/5/2020,,12938,3259,6692,553,1329
RI,2/5/2020,,3952,1295,1446,88,335
AN,3/5/2020,,12156,2155,5973,738,1263
AR,3/5/2020,,5188,1051,2526,260,762
AS,3/5/2020,,2315,716,1057,120,274
IB,3/5/2020,,1906,83,1101,166,197
CN,3/5/2020,,2225,0,919,175,141
CB,3/5/2020,,2206,390,1011,79,197
CM,3/5/2020,,16050,5461,8698,606,2590
CL,3/5/2020,,17334,4045,8123,534,1818
CT,3/5/2020,,50366,1027,27321,2847,5220
CE,3/5/2020,,101,51,10,4,4
VC,3/5/2020,,10436,2383,5204,700,1269
EX,3/5/2020,,2849,873,1618,108,460
GA,3/5/2020,,8859,848,2782,315,575
MD,3/5/2020,,64121,4609,40741,3431,8376
ML,3/5/2020,,119,12,44,3,2
MC,3/5/2020,,1492,482,645,110,134
NC,3/5/2020,,4918,1529,1990,133,466
PV,3/5/2020,,12952,3294,6719,554,1341
RI,3/5/2020,,3961,1297,1449,88,335
AN,4/5/2020,,12167,2184,5983,738,1267
AR,4/5/2020,,5207,1075,2539,260,770
AS,4/5/2020,,2316,743,1061,120,275
IB,4/5/2020,,1908,87,1109,167,198
CN,4/5/2020,,2231,0,920,176,142
CB,4/5/2020,,2207,400,1015,79,198
CM,4/5/2020,,16080,5576,8725,609,2616
CL,4/5/2020,,17429,4290,8153,537,1832
CT,4/5/2020,,50771,1027,27745,2856,5270
CE,4/5/2020,,101,54,10,4,4
VC,4/5/2020,,10500,2383,5214,701,1279
EX,4/5/2020,,2852,876,1629,108,462
GA,4/5/2020,,8881,902,2792,317,579
MD,4/5/2020,,64452,4689,40851,3442,8420
ML,4/5/2020,,119,12,44,3,2
MC,4/5/2020,,1496,555,650,111,136
NC,4/5/2020,,4936,1625,1995,134,471
PV,4/5/2020,,12965,3461,6736,556,1353
RI,4/5/2020,,3967,1303,1452,90,336
AN,5/5/2020,,12190,2403,6012,740,1281
AR,5/5/2020,,5231,1151,2552,260,788
AS,5/5/2020,,2322,768,1068,120,278
IB,5/5/2020,,1919,92,1121,167,199
CN,5/5/2020,,2231,0,920,176,143
CB,5/5/2020,,2213,413,1018,79,199
CM,5/5/2020,,16144,6022,8765,612,2647
CL,5/5/2020,,17520,4636,8246,538,1847
CT,5/5/2020,,50924,1166,28085,2871,5345
CE,5/5/2020,,109,55,10,4,4
VC,5/5/2020,,10537,2527,5225,701,1291
EX,5/5/2020,,2865,881,1650,108,463
GA,5/5/2020,,8901,1095,2811,319,588
MD,5/5/2020,,64781,4689,41031,3465,8466
ML,5/5/2020,,119,12,44,3,2
MC,5/5/2020,,1498,635,650,111,136
NC,5/5/2020,,4966,1804,2005,135,476
PV,5/5/2020,,13008,3671,6781,559,1364
RI,5/5/2020,,3980,1342,1458,91,337
AN,6/5/2020,,12222,2602,6027,742,1294
AR,6/5/2020,,5258,1258,2564,262,800
AS,6/5/2020,,2330,773,1072,121,279
IB,6/5/2020,,1927,94,1125,167,201
CN,6/5/2020,,2235,0,921,176,144
CB,6/5/2020,,2220,422,1020,79,200
CM,6/5/2020,,16184,6383,8796,613,2677
CL,6/5/2020,,17625,4912,8300,541,1864
CT,6/5/2020,,51190,1315,28248,2891,5394
CE,6/5/2020,,109,56,10,4,4
VC,6/5/2020,,10592,2719,5252,704,1303
EX,6/5/2020,,2877,931,1664,108,467
GA,6/5/2020,,8919,1158,2833,320,591
MD,6/5/2020,,65055,4792,41159,3485,8504
ML,6/5/2020,,119,13,44,3,2
MC,6/5/2020,,1501,691,652,111,137
NC,6/5/2020,,4983,2027,2015,135,480
PV,6/5/2020,,13041,3918,6797,561,1383
RI,6/5/2020,,3986,1344,1463,91,338
AN,7/5/2020,,12239,2763,6038,742,1301
AR,7/5/2020,,5274,1301,2578,263,815
AS,7/5/2020,,2338,821,1076,121,280
IB,7/5/2020,,1933,94,1125,167,202
CN,7/5/2020,,2240,,927,176,148
CB,7/5/2020,,2232,433,1022,79,201
CM,7/5/2020,,16237,6671,8828,617,2713
CL,7/5/2020,,17716,5210,8357,543,1876
CT,7/5/2020,,51733,1476,28608,2949,5471
CE,7/5/2020,,109,59,11,4,4
VC,7/5/2020,,10619,2888,5287,706,1309
EX,7/5/2020,,2900,953,1678,109,472
GA,7/5/2020,,8952,1269,2852,321,592
MD,7/5/2020,,65292,4792,41304,3493,8552
ML,7/5/2020,,119,13,44,3,2
MC,7/5/2020,,1504,748,659,113,137
NC,7/5/2020,,5006,2221,2015,135,484
PV,7/5/2020,,13101,4185,6818,566,1390
RI,7/5/2020,,3992,1363,1469,91,342
AN,8/5/2020,,12250,2930,6069,745,1317
AR,8/5/2020,,5291,1365,2583,263,823
AS,8/5/2020,,2344,841,1077,121,280
IB,8/5/2020,,1942,98,1125,168,207
CN,8/5/2020,,2250,0,935,178,148
CB,8/5/2020,,2241,440,1023,79,201
CM,8/5/2020,,16278,7015,8867,621,2738
CL,8/5/2020,,17822,5630,8394,546,1885
CT,8/5/2020,,51935,1643,28687,2950,5507
CE,8/5/2020,,110,59,11,4,4
VC,8/5/2020,,10661,3015,5317,709,1315
EX,8/5/2020,,2907,979,1695,109,477
GA,8/5/2020,,8964,1358,2876,323,595
MD,8/5/2020,,65513,4852,41436,3508,8598
ML,8/5/2020,,119,13,44,3,2
MC,8/5/2020,,1506,757,662,113,138
NC,8/5/2020,,5039,2403,2021,135,487
PV,8/5/2020,,13111,4442,6865,568,1403
RI,8/5/2020,,4000,1365,1473,91,344
AN,9/5/2020,,12267,3088,6080,745,1320
AR,9/5/2020,,5316,1386,2588,263,824
AS,9/5/2020,,2346,854,1080,121,283
IB,9/5/2020,,1948,105,1125,168,209
CN,9/5/2020,,2258,0,935,178,148
CB,9/5/2020,,2244,440,1027,79,201
CM,9/5/2020,,16343,7319,8895,623,2759
CL,9/5/2020,,17952,5869,8468,546,1897
CT,9/5/2020,,52162,1643,28784,2951,5532
CE,9/5/2020,,110,59,11,4,4
VC,9/5/2020,,10713,3127,5354,716,1323
EX,9/5/2020,,2912,991,1711,109,480
GA,9/5/2020,,8981,1389,2886,325,596
MD,9/5/2020,,65598,4875,41559,3520,8644
ML,9/5/2020,,119,13,44,3,2
MC,9/5/2020,,1508,821,662,113,139
NC,9/5/2020,,5052,2403,2023,135,488
PV,9/5/2020,,13156,4521,6902,571,1418
RI,9/5/2020,,4008,1370,1474,91,346
AN,10/5/2020,,12285,3137,6092,745,1322
AR,10/5/2020,,5336,1395,2595,263,825
AS,10/5/2020,,2350,866,1080,121,288
IB,10/5/2020,,1951,105,1125,168,209
CN,10/5/2020,,2260,0,936,178,149
CB,10/5/2020,,2245,440,1027,79,201
CM,10/5/2020,,16387,7482,8918,624,2786
CL,10/5/2020,,17995,5996,8482,547,1905
CT,10/5/2020,,54807,1643,28820,2952,5555
CE,10/5/2020,,110,59,11,4,4
VC,10/5/2020,,10729,3152,5355,716,1330
EX,10/5/2020,,2918,1001,1725,109,483
GA,10/5/2020,,8999,1389,2902,326,597
MD,10/5/2020,,65650,4877,41650,3529,8683
ML,10/5/2020,,119,13,44,3,2
MC,10/5/2020,,1517,815,665,113,139
NC,10/5/2020,,5065,2421,2029,135,490
PV,10/5/2020,,13167,4542,6922,573,1423
RI,10/5/2020,,4008,1374,1475,91,346
AN,11/5/2020,,12293,3229,6101,745,1326
AR,11/5/2020,,5359,1438,2606,264,828
AS,11/5/2020,,2352,875,1080,121,290
IB,11/5/2020,,1951,105,1126,169,210
CN,11/5/2020,,2268,0,937,178,151
CB,11/5/2020,,2246,445,1027,79,203
CM,11/5/2020,,16431,7620,8940,629,2811
CL,11/5/2020,,18048,6122,8493,547,1914
CT,11/5/2020,,55144,1643,29138,2952,5621
CE,11/5/2020,,114,59,11,4,4
VC,11/5/2020,,10740,3197,5360,717,1336
EX,11/5/2020,,2919,1001,1737,109,487
GA,11/5/2020,,9003,1446,2905,326,598
MD,11/5/2020,,65839,4877,41735,3543,8720
ML,11/5/2020,,119,13,44,3,2
MC,11/5/2020,,1517,816,665,112,139
NC,11/5/2020,,5081,2556,2039,135,493
PV,11/5/2020,,13176,4664,6929,574,1429
RI,11/5/2020,,4008,1384,1478,91,347
AN,12/5/2020,,12317,3312,6114,750,1332
AR,12/5/2020,,5372,1484,2614,265,829
AS,12/5/2020,,2356,896,1080,121,292
IB,12/5/2020,,1955,106,1131,171,215
CN,12/5/2020,,2271,0,937,178,151
CB,12/5/2020,,2256,477,1029,79,205
CM,12/5/2020,,16453,7732,8963,632,2835
CL,12/5/2020,,18105,6157,8517,547,1919
CT,12/5/2020,,55287,1643,29267,2953,5692
CE,12/5/2020,,114,59,11,4,4
VC,12/5/2020,,10760,3285,5370,717,1341
EX,12/5/2020,,2919,1001,1754,109,489
GA,12/5/2020,,9014,1481,2909,327,599
MD,12/5/2020,,66058,4958,41856,3555,8760
ML,12/5/2020,,119,13,44,3,2
MC,12/5/2020,,1525,873,666,112,142
NC,12/5/2020,,5094,2658,2042,135,494
PV,12/5/2020,,13214,4881,6955,575,1442
RI,12/5/2020,,4009,1388,1481,91,348
AN,13/5/2020,,12359,3464,6128,751,1336
AR,13/5/2020,,5389,1554,2625,265,836
AS,13/5/2020,,2357,910,1084,121,293
IB,13/5/2020,,1956,106,1131,171,216
CN,13/5/2020,,2275,0,937,178,151
CB,13/5/2020,,2256,483,1030,79,205
CM,13/5/2020,,16470,7861,8980,634,2852
CL,13/5/2020,,18173,6206,8560,548,1925
CT,13/5/2020,,55313,1643,29305,2954,5823
CE,13/5/2020,,116,59,11,4,4
VC,13/5/2020,,10784,3370,5389,717,1349
EX,13/5/2020,,2923,1001,1761,109,492
GA,13/5/2020,,9030,1515,2915,327,603
MD,13/5/2020,,66262,4958,41962,3564,8779
ML,13/5/2020,,119,13,44,3,2
MC,13/5/2020,,1532,905,672,112,142
NC,13/5/2020,,5105,2786,2045,135,498
PV,13/5/2020,,13219,4881,6994,577,1454
RI,13/5/2020,,4014,1391,1484,91,348
AN,14/5/2020,,12401,3667,6146,754,1344
AR,14/5/2020,,5432,1583,2637,266,837
AS,14/5/2020,,2364,936,1087,121,298
IB,14/5/2020,,1965,106,1134,169,216
CN,14/5/2020,,2280,0,938,178,151
CB,14/5/2020,,2263,498,1031,79,206
CM,14/5/2020,,16513,8014,9001,635,2870
CL,14/5/2020,,18272,6226,8595,548,1930
CT,14/5/2020,,55562,1643,29339,2955,5882
CE,14/5/2020,,116,59,11,4,4
VC,14/5/2020,,10813,3579,5415,721,1358
EX,14/5/2020,,2933,1001,1772,109,494
GA,14/5/2020,,9036,1569,2921,332,603
MD,14/5/2020,,66469,5093,42057,3574,8809
ML,14/5/2020,,119,13,44,3,2
MC,14/5/2020,,1534,943,675,112,143
NC,14/5/2020,,5116,2966,2045,136,500
PV,14/5/2020,,13257,4881,7009,578,1454
RI,14/5/2020,,4016,1393,1488,91,348
AN,15/5/2020,,12420,3843,6161,758,1355
AR,15/5/2020,,5456,1669,2648,266,838
AS,15/5/2020,,2366,961,1087,121,299
IB,15/5/2020,,1982,105,1134,169,216
CN,15/5/2020,,2284,0,939,178,151
CB,15/5/2020,,2265,505,1032,79,206
CM,15/5/2020,,16587,8189,9027,636,2883
CL,15/5/2020,,18369,6226,8649,549,1940
CT,15/5/2020,,55685,1643,29339,2956,5915
CE,15/5/2020,,116,59,11,4,4
VC,15/5/2020,,10850,3686,5435,722,1365
EX,15/5/2020,,2944,1001,1772,109,497
GA,15/5/2020,,9041,1893,2923,332,604
MD,15/5/2020,,66573,5293,42157,3577,8826
ML,15/5/2020,,119,13,44,3,2
MC,15/5/2020,,1542,1004,676,112,144
NC,15/5/2020,,5137,3098,2045,136,501
PV,15/5/2020,,13291,5216,7011,578,1455
RI,15/5/2020,,4020,1393,1490,91,348
AN,16/5/2020,,12450,3982,6174,760,1358
AR,16/5/2020,,5478,1699,2655,266,838
AS,16/5/2020,,2366,978,1087,121,299
IB,16/5/2020,,1991,105,1136,169,218
CN,16/5/2020,,2289,0,939,178,151
CB,16/5/2020,,2268,505,1033,79,207
CM,16/5/2020,,16618,8290,9054,637,2893
CL,16/5/2020,,18470,6226,8690,550,1946
CT,16/5/2020,,55824,1643,29400,2957,5944
CE,16/5/2020,,116,59,11,4,4
VC,16/5/2020,,10893,3787,5454,723,1366
EX,16/5/2020,,2947,1001,1775,110,500
GA,16/5/2020,,9051,1909,2926,332,606
MD,16/5/2020,,66597,5293,42227,3584,8847
ML,16/5/2020,,121,13,44,3,2
MC,16/5/2020,,1551,1015,676,112,144
NC,16/5/2020,,5148,3145,2045,136,503
PV,16/5/2020,,13407,5326,7015,578,1459
RI,16/5/2020,,4024,1393,1496,91,349
AN,17/5/2020,,12458,3999,6178,761,1358
AR,17/5/2020,,5503,1698,2659,267,838
AS,17/5/2020,,2370,985,1088,121,301
IB,17/5/2020,,1993,105,1136,169,218
CN,17/5/2020,,2294,0,942,178,153
CB,17/5/2020,,2271,503,1035,79,207
CM,17/5/2020,,16648,8366,9066,637,2898
CL,17/5/2020,,18512,6234,8717,551,1953
CT,17/5/2020,,55921,1643,29421,2957,5956
CE,17/5/2020,,116,59,11,4,4
VC,17/5/2020,,10914,3810,5469,725,1370
EX,17/5/2020,,2948,1001,1775,110,500
GA,17/5/2020,,9056,1926,2934,332,607
MD,17/5/2020,,66625,5293,42283,3594,8863
ML,17/5/2020,,121,13,44,3,2
MC,17/5/2020,,1556,1039,678,112,145
NC,17/5/2020,,5178,3157,2045,136,503
PV,17/5/2020,,13422,5358,7016,578,1466
RI,17/5/2020,,4024,1393,1496,91,351
AN,18/5/2020,,12489,3999,6182,760,1367
AR,18/5/2020,,5520,1751,2667,267,843
AS,18/5/2020,,2373,985,1088,119,303
IB,18/5/2020,,2005,106,1139,169,219
CN,18/5/2020,,2294,0,942,178,155
CB,18/5/2020,,2273,509,1035,79,208
CM,18/5/2020,,16677,8397,9082,638,2900
CL,18/5/2020,,18549,6285,8729,551,1960
CT,18/5/2020,,55825,1643,29459,2960,5981
CE,18/5/2020,,117,59,11,4,4
VC,18/5/2020,,10927,3810,5738,727,1376
EX,18/5/2020,,3038,1001,1779,110,504
GA,18/5/2020,,9058,1966,2935,332,607
MD,18/5/2020,,66748,5293,42350,3600,8894
ML,18/5/2020,,121,13,44,3,2
MC,18/5/2020,,1558,1039,679,112,145
NC,18/5/2020,,5131,3157,2045,136,503
PV,18/5/2020,,13409,5358,7021,578,1470
RI,18/5/2020,,4027,1395,1498,91,352
AN,19/5/2020,,12502,3999,6196,764,1371
AR,19/5/2020,,5551,1751,2667,267,843
AS,19/5/2020,,2374,985,1089,119,304
IB,19/5/2020,,2018,106,1144,169,221
CN,19/5/2020,,2300,0,943,179,155
CB,19/5/2020,,2277,510,1036,79,209
CM,19/5/2020,,16739,8546,9122,639,2913
CL,19/5/2020,,18586,6290,8734,555,1960
CT,19/5/2020,,55888,1643,29497,2969,6021
CE,19/5/2020,,119,59,11,4,4
VC,19/5/2020,,10949,3810,5742,727,1378
EX,19/5/2020,,3040,1001,1780,110,504
GA,19/5/2020,,9067,2014,2939,334,607
MD,19/5/2020,,66860,5293,42422,3610,8912
ML,19/5/2020,,121,13,44,3,2
MC,19/5/2020,,1560,1039,679,112,148
NC,19/5/2020,,5136,3157,2048,136,503
PV,19/5/2020,,13435,5358,7024,578,1480
RI,19/5/2020,,4033,1395,1499,91,353
"NOTA 1: Los datos publicados reflejan el nmero de casos, confirmados por PCR, hospitalizados, admitidos en UCI y fallecidos acumulados cada da. La diferencia entre dos das consecutivos no necesariamente corresponde al nmero de episodios que se han producido en un da determinado, debido a que pueden haberse asignado con posterioridad a fechas anteriores. Esta serie est en revisin diaria por las CCAA y el Ministerio de Sanidad. Cualquier inferencia que se haga sobre las diferencias de un da a otro son nicamente la responsabilidad del usuario.",,,,,,,
NOTA 2: Los datos de estas comunidades son datos de prevalencia (personas ingresadas a fecha de hoy). No reflejan el total de personas que han sido hospitalizadas o ingresadas en UCI  a lo largo del periodo de notificacin(CL(UCIs*)-GA(UCIS**)-CM***-MD****),,,,,,,
* Desde el da 17/04/2020 las cifras de UCIs de CL son casos acumulados. Previamente se refieren a personas ingresadas ese da.,,,,,,,
** Desde el da 28/04/2020 las cifras  UCIs de GA  son casos acumulados. Previamente se refieren a personas ingresadas ese da. Se actualizar la serie cuando est disponible.,,,,,,,
*** Desde el da 11/04/2020 las cifras de hospitalizados de CM son casos acumulados. Previamente se refieren a personas ingresadas ese da.,,,,,,,
*** Desde el da 12/04/2020 las cifras de UCIs de CM son casos acumulados. Previamente se refieren a personas ingresadas ese da.,,,,,,,
**** Desde el da 26/04/2020 las cifras de Hospitalizados y UCIs de MD son casos acumulados. Previamente se refieren a personas ingresadas ese da. Se actualizar la serie cuando est disponible.,,,,,,,
NOTA 3: Se excluyen de la serie las notificaciones de personas  con anticuerpos positivos sin sntomas en el momento de realizacin de la prueba en los que no se puede establecer un momento de contagio ni si han padecido o no la enfermedad.,,,,,,,
NOTA 4: En los datos de PCR+ de Catalua se incluyen casos pendientes de distribuir en la serie histrica.,,,,,,,
