date,subregion1_name,total_confirmed,total_tested,total_deceased,new_confirmed,new_tested,new_deceased,subregion2_code,country_code,key
2020-01-30,England,2,,,,,,,GB,GB_ENG
2020-01-31,England,3,,,1,,,,GB,GB_ENG
2020-02-03,England,8,,,5,,,,GB,GB_ENG
2020-02-05,England,9,,,1,,,,GB,GB_ENG
2020-02-08,England,13,,,4,,,,GB,GB_ENG
2020-02-09,England,14,,,1,,,,GB,GB_ENG
2020-02-11,England,15,,,1,,,,GB,GB_ENG
2020-02-12,England,16,,,1,,,,GB,GB_ENG
2020-02-13,England,17,,,1,,,,GB,GB_ENG
2020-02-14,England,18,,,1,,,,GB,GB_ENG
2020-02-16,England,18,,,0,,,,GB,GB_ENG
2020-02-17,England,19,,,1,,,,GB,GB_ENG
2020-02-19,England,20,,,1,,,,GB,GB_ENG
2020-02-20,England,21,,,1,,,,GB,GB_ENG
2020-02-21,England,22,,,1,,,,GB,GB_ENG
2020-02-23,England,27,,,5,,,,GB,GB_ENG
2020-02-24,England,29,,,2,,,,GB,GB_ENG
2020-02-25,England,33,,,4,,,,GB,GB_ENG
2020-02-26,England,36,,,3,,,,GB,GB_ENG
2020-02-27,England,42,,,6,,,,GB,GB_ENG
2020-02-28,England,54,,,12,,,,GB,GB_ENG
2020-02-29,England,58,,,4,,,,GB,GB_ENG
2020-03-01,England,89,,,31,,,,GB,GB_ENG
2020-03-02,England,128,,,39,,,,GB,GB_ENG
2020-03-03,England,180,,,52,,,,GB,GB_ENG
2020-03-04,England,229,,,49,,,,GB,GB_ENG
2020-03-05,England,276,,0,47,,,,GB,GB_ENG
2020-03-06,England,349,,1,73,,1,,GB,GB_ENG
2020-03-07,England,396,,2,47,,1,,GB,GB_ENG
2020-03-08,England,446,,2,50,,0,,GB,GB_ENG
2020-03-09,England,571,,3,125,,1,,GB,GB_ENG
2020-03-10,England,794,,7,223,,4,,GB,GB_ENG
2020-03-11,England,1152,,7,358,,0,,GB,GB_ENG
2020-03-12,England,1572,,9,420,,2,,GB,GB_ENG
2020-03-13,England,1965,,10,393,,1,,GB,GB_ENG
2020-03-14,England,2282,,28,317,,18,,GB,GB_ENG
2020-03-15,England,2679,,42,397,,14,,GB,GB_ENG
2020-03-16,England,3226,,64,547,,22,,GB,GB_ENG
2020-03-17,England,3905,,79,679,,15,,GB,GB_ENG
2020-03-18,England,4814,,112,909,,33,,GB,GB_ENG
2020-03-19,England,5745,,154,931,,42,,GB,GB_ENG
2020-03-20,England,6825,,186,1080,,32,,GB,GB_ENG
2020-03-21,England,7859,,240,1034,,54,,GB,GB_ENG
2020-03-22,England,9067,,264,1208,,24,,GB,GB_ENG
2020-03-23,England,11083,,331,2016,,67,,GB,GB_ENG
2020-03-24,England,13103,,474,2020,,143,,GB,GB_ENG
2020-03-25,England,15367,,652,2264,,178,,GB,GB_ENG
2020-03-26,England,17976,,821,2609,,169,,GB,GB_ENG
2020-03-27,England,20634,,1093,2658,,272,,GB,GB_ENG
2020-03-28,England,23007,,1372,2373,,279,,GB,GB_ENG
2020-03-29,England,25441,,1567,2434,,195,,GB,GB_ENG
2020-03-30,England,28931,,1920,3490,,353,,GB,GB_ENG
2020-03-31,England,32696,,2288,3765,,368,,GB,GB_ENG
2020-04-01,England,36780,,2901,4084,,613,,GB,GB_ENG
2020-04-02,England,40790,,3504,4010,,603,,GB,GB_ENG
2020-04-03,England,44833,,4159,4043,,655,,GB,GB_ENG
2020-04-04,England,48148,,4848,3315,,689,,GB,GB_ENG
2020-04-05,England,51174,,5426,3026,,578,,GB,GB_ENG
2020-04-06,England,55505,,5958,4331,,532,,GB,GB_ENG
2020-04-07,England,59985,,6968,4480,,1010,,GB,GB_ENG
2020-04-08,England,64212,,7892,4227,,924,,GB,GB_ENG
2020-04-09,England,68231,,8886,4019,,994,,GB,GB_ENG
2020-04-10,England,71740,,9924,3509,,1038,,GB,GB_ENG
2020-04-11,England,74734,,10670,2994,,746,,GB,GB_ENG
2020-04-12,England,77418,,11276,2684,,606,,GB,GB_ENG
2020-04-13,England,80722,,11970,3304,,694,,GB,GB_ENG
2020-04-14,England,84137,,12983,3415,,1013,,GB,GB_ENG
2020-04-15,England,87738,,13715,3601,,732,,GB,GB_ENG
2020-04-16,England,91170,,14622,3432,,907,,GB,GB_ENG
2020-04-17,England,94592,,15449,3422,,827,,GB,GB_ENG
2020-04-18,England,97161,,16460,2569,,1011,,GB,GB_ENG
2020-04-19,England,99245,,16844,2084,,384,,GB,GB_ENG
2020-04-20,England,102321,,17383,3076,,539,,GB,GB_ENG
2020-04-21,England,105308,,18506,2987,,1123,,GB,GB_ENG
2020-04-22,England,108066,,19245,2758,,739,,GB,GB_ENG
2020-04-23,England,110831,,19848,2765,,603,,GB,GB_ENG
2020-04-24,England,113599,,20673,2768,,825,,GB,GB_ENG
2020-04-25,England,115410,,21414,1811,,741,,GB,GB_ENG
2020-04-26,England,116815,,21757,1405,,343,,GB,GB_ENG
2020-04-27,England,119035,,22064,2220,,307,,GB,GB_ENG
2020-04-28,England,121319,,22935,2284,,871,,GB,GB_ENG
2020-04-29,England,123665,,23567,2346,,632,,GB,GB_ENG
2020-04-30,England,125789,,24127,2124,,560,,GB,GB_ENG
2020-05-01,England,127736,,24781,1947,,654,,GB,GB_ENG
2020-05-02,England,128973,,25300,1237,,519,,GB,GB_ENG
2020-05-03,England,129932,,25546,959,,246,,GB,GB_ENG
2020-05-04,England,131551,,25803,1619,,257,,GB,GB_ENG
2020-05-05,England,133161,,26460,1610,,657,,GB,GB_ENG
2020-05-06,England,134598,,27030,1437,,570,,GB,GB_ENG
2020-05-07,England,136043,,27455,1445,,425,,GB,GB_ENG
2020-05-08,England,137066,,27991,1023,,536,,GB,GB_ENG
2020-05-09,England,137957,,28274,891,,283,,GB,GB_ENG
2020-05-10,England,138683,,28491,726,,217,,GB,GB_ENG
2020-05-11,England,139926,,28682,1243,,191,,GB,GB_ENG
2020-05-12,England,141024,,29288,1098,,606,,GB,GB_ENG
2020-05-13,England,142099,,29703,1075,,415,,GB,GB_ENG
2020-05-14,England,142994,,30058,895,,355,,GB,GB_ENG
2020-05-15,England,143903,,30394,909,,336,,GB,GB_ENG
2020-05-16,England,144536,,30795,633,,401,,GB,GB_ENG
2020-05-17,England,145170,,30908,634,,113,,GB,GB_ENG
2020-05-18,England,146112,,31052,942,,144,,GB,GB_ENG
2020-05-19,England,147132,,31575,1020,,523,,GB,GB_ENG
2020-05-20,England,147954,,31894,822,,319,,GB,GB_ENG
2020-05-21,England,148702,,32168,748,,274,,GB,GB_ENG
2020-05-22,England,149410,,32475,708,,307,,GB,GB_ENG
2020-05-23,England,149865,,32725,455,,250,,GB,GB_ENG
2020-05-24,England,150250,,33142,385,,417,,GB,GB_ENG
2020-05-25,England,150759,,33247,509,,105,,GB,GB_ENG
2020-05-26,England,151299,,33364,540,,117,,GB,GB_ENG
2020-05-27,England,151842,,33778,543,,414,,GB,GB_ENG
2020-05-28,England,152294,,34165,452,,387,,GB,GB_ENG
2020-05-29,England,152730,,34514,436,,349,,GB,GB_ENG
2020-05-30,England,153071,,34712,341,,198,,GB,GB_ENG
2020-05-31,England,153374,,34793,303,,81,,GB,GB_ENG
2020-06-01,England,153823,,34889,449,,96,,GB,GB_ENG
2020-06-02,England,154304,,35206,481,,317,,GB,GB_ENG
2020-06-03,England,154745,,35540,441,,334,,GB,GB_ENG
2020-06-04,England,155060,,35690,315,,150,,GB,GB_ENG
2020-06-05,England,155383,,36034,323,,344,,GB,GB_ENG
2020-06-06,England,155591,,36216,208,,182,,GB,GB_ENG
2020-06-07,England,155796,,36281,205,,65,,GB,GB_ENG
2020-06-08,England,156094,,36333,298,,52,,GB,GB_ENG
2020-06-09,England,156404,,36613,310,,280,,GB,GB_ENG
2020-06-10,England,156767,,36847,363,,234,,GB,GB_ENG
2020-06-11,England,157041,,36981,274,,134,,GB,GB_ENG
2020-06-12,England,157308,,37169,267,,188,,GB,GB_ENG
2020-06-13,England,157566,,37342,258,,173,,GB,GB_ENG
2020-06-14,England,157774,,37368,208,,26,,GB,GB_ENG
2020-06-15,England,158053,,37401,279,,33,,GB,GB_ENG
2020-06-16,England,158358,,37629,305,,228,,GB,GB_ENG
2020-06-17,England,158645,,37797,287,,168,,GB,GB_ENG
2020-06-18,England,158888,,37919,243,,122,,GB,GB_ENG
2020-06-19,England,159117,,38086,229,,167,,GB,GB_ENG
2020-06-20,England,159246,,38208,129,,122,,GB,GB_ENG
2020-06-21,England,159332,,38247,86,,39,,GB,GB_ENG
2020-06-22,England,159420,,38261,88,,14,,GB,GB_ENG
2020-06-23,England,159435,,38427,15,,166,,GB,GB_ENG
2020-06-24,England,,,38568,0,,141,,GB,GB_ENG
2020-01-16,Northern Ireland,0,1,,,,,,GB,GB_NIR
2020-01-27,Northern Ireland,0,2,,0,1,,,GB,GB_NIR
2020-02-03,Northern Ireland,0,2,,0,0,,,GB,GB_NIR
2020-02-06,Northern Ireland,0,3,,0,1,,,GB,GB_NIR
2020-02-07,Northern Ireland,0,9,,0,6,,,GB,GB_NIR
2020-02-08,Northern Ireland,0,13,,0,4,,,GB,GB_NIR
2020-02-09,Northern Ireland,0,16,,0,3,,,GB,GB_NIR
2020-02-10,Northern Ireland,0,19,,0,3,,,GB,GB_NIR
2020-02-11,Northern Ireland,0,21,,0,2,,,GB,GB_NIR
2020-02-12,Northern Ireland,0,21,0,0,0,,,GB,GB_NIR
2020-02-13,Northern Ireland,0,24,,0,3,0,,GB,GB_NIR
2020-02-14,Northern Ireland,0,27,,0,3,0,,GB,GB_NIR
2020-02-15,Northern Ireland,0,28,,0,1,0,,GB,GB_NIR
2020-02-17,Northern Ireland,0,35,,0,7,0,,GB,GB_NIR
2020-02-18,Northern Ireland,0,38,,0,3,0,,GB,GB_NIR
2020-02-19,Northern Ireland,0,41,0,0,3,0,,GB,GB_NIR
2020-02-20,Northern Ireland,0,42,,0,1,0,,GB,GB_NIR
2020-02-21,Northern Ireland,0,45,,0,3,0,,GB,GB_NIR
2020-02-23,Northern Ireland,0,48,,0,3,0,,GB,GB_NIR
2020-02-24,Northern Ireland,0,50,,0,2,0,,GB,GB_NIR
2020-02-25,Northern Ireland,0,74,,0,24,0,,GB,GB_NIR
2020-02-26,Northern Ireland,0,115,0,0,41,0,,GB,GB_NIR
2020-02-27,Northern Ireland,0,157,0,0,42,0,,GB,GB_NIR
2020-02-28,Northern Ireland,0,183,0,0,26,0,,GB,GB_NIR
2020-02-29,Northern Ireland,0,199,0,0,16,0,,GB,GB_NIR
2020-03-01,Northern Ireland,0,208,0,0,9,0,,GB,GB_NIR
2020-03-02,Northern Ireland,0,227,0,0,19,0,,GB,GB_NIR
2020-03-03,Northern Ireland,0,253,0,0,26,0,,GB,GB_NIR
2020-03-04,Northern Ireland,0,280,0,0,27,0,,GB,GB_NIR
2020-03-05,Northern Ireland,0,305,0,0,25,0,,GB,GB_NIR
2020-03-06,Northern Ireland,0,324,0,0,19,0,,GB,GB_NIR
2020-03-07,Northern Ireland,0,345,0,0,21,0,,GB,GB_NIR
2020-03-08,Northern Ireland,0,375,0,0,30,0,,GB,GB_NIR
2020-03-09,Northern Ireland,1,437,0,1,62,0,,GB,GB_NIR
2020-03-10,Northern Ireland,5,591,0,4,154,0,,GB,GB_NIR
2020-03-11,Northern Ireland,16,749,0,11,158,0,,GB,GB_NIR
2020-03-12,Northern Ireland,20,886,0,4,137,0,,GB,GB_NIR
2020-03-13,Northern Ireland,31,1017,0,11,131,0,,GB,GB_NIR
2020-03-14,Northern Ireland,41,1136,0,10,119,0,,GB,GB_NIR
2020-03-15,Northern Ireland,43,1237,0,2,101,0,,GB,GB_NIR
2020-03-16,Northern Ireland,51,1389,0,8,152,0,,GB,GB_NIR
2020-03-17,Northern Ireland,60,1513,0,9,124,0,,GB,GB_NIR
2020-03-18,Northern Ireland,73,1703,1,13,190,1,,GB,GB_NIR
2020-03-19,Northern Ireland,87,1892,2,14,189,1,,GB,GB_NIR
2020-03-20,Northern Ireland,104,2136,,17,244,0,,GB,GB_NIR
2020-03-21,Northern Ireland,126,2344,3,22,208,1,,GB,GB_NIR
2020-03-22,Northern Ireland,144,2541,4,18,197,1,,GB,GB_NIR
2020-03-23,Northern Ireland,186,2915,9,42,374,5,,GB,GB_NIR
2020-03-24,Northern Ireland,227,3263,11,41,348,2,,GB,GB_NIR
2020-03-25,Northern Ireland,285,3650,15,58,387,4,,GB,GB_NIR
2020-03-26,Northern Ireland,362,4098,17,77,448,2,,GB,GB_NIR
2020-03-27,Northern Ireland,435,4486,20,73,388,3,,GB,GB_NIR
2020-03-28,Northern Ireland,513,4818,28,78,332,8,,GB,GB_NIR
2020-03-29,Northern Ireland,574,5106,32,61,288,4,,GB,GB_NIR
2020-03-30,Northern Ireland,659,5525,36,85,419,4,,GB,GB_NIR
2020-03-31,Northern Ireland,772,5963,41,113,438,5,,GB,GB_NIR
2020-04-01,Northern Ireland,876,6451,45,104,488,4,,GB,GB_NIR
2020-04-02,Northern Ireland,981,6883,55,105,432,10,,GB,GB_NIR
2020-04-03,Northern Ireland,1086,7321,65,105,438,10,,GB,GB_NIR
2020-04-04,Northern Ireland,1175,7694,74,89,373,9,,GB,GB_NIR
2020-04-05,Northern Ireland,1235,7969,85,60,275,11,,GB,GB_NIR
2020-04-06,Northern Ireland,1341,8390,91,106,421,6,,GB,GB_NIR
2020-04-07,Northern Ireland,1471,8873,99,130,483,8,,GB,GB_NIR
2020-04-08,Northern Ireland,1573,9391,103,102,518,4,,GB,GB_NIR
2020-04-09,Northern Ireland,1673,9967,121,100,576,18,,GB,GB_NIR
2020-04-10,Northern Ireland,1770,10483,132,97,516,11,,GB,GB_NIR
2020-04-11,Northern Ireland,1837,10799,143,67,316,11,,GB,GB_NIR
2020-04-12,Northern Ireland,1917,11185,159,80,386,16,,GB,GB_NIR
2020-04-13,Northern Ireland,2031,11565,166,114,380,7,,GB,GB_NIR
2020-04-14,Northern Ireland,2130,12030,178,99,465,12,,GB,GB_NIR
2020-04-15,Northern Ireland,2269,12635,194,139,605,16,,GB,GB_NIR
2020-04-16,Northern Ireland,2408,13218,205,139,583,11,,GB,GB_NIR
2020-04-17,Northern Ireland,2570,13847,214,162,629,9,,GB,GB_NIR
2020-04-18,Northern Ireland,2656,14234,224,86,387,10,,GB,GB_NIR
2020-04-19,Northern Ireland,2699,14491,234,43,257,10,,GB,GB_NIR
2020-04-20,Northern Ireland,2811,14968,246,112,477,12,,GB,GB_NIR
2020-04-21,Northern Ireland,2943,15599,259,132,631,13,,GB,GB_NIR
2020-04-22,Northern Ireland,3043,16165,278,100,566,19,,GB,GB_NIR
2020-04-23,Northern Ireland,3118,16655,294,75,490,16,,GB,GB_NIR
2020-04-24,Northern Ireland,3204,17228,305,86,573,11,,GB,GB_NIR
2020-04-25,Northern Ireland,3259,17613,320,55,385,15,,GB,GB_NIR
2020-04-26,Northern Ireland,3302,18016,334,43,403,14,,GB,GB_NIR
2020-04-27,Northern Ireland,3375,18724,347,73,708,13,,GB,GB_NIR
2020-04-28,Northern Ireland,3447,19526,353,72,802,6,,GB,GB_NIR
2020-04-29,Northern Ireland,3539,20407,367,92,881,14,,GB,GB_NIR
2020-04-30,Northern Ireland,3628,21327,375,89,920,8,,GB,GB_NIR
2020-05-01,Northern Ireland,3714,22384,387,86,1057,12,,GB,GB_NIR
2020-05-02,Northern Ireland,3774,23176,399,60,792,12,,GB,GB_NIR
2020-05-03,Northern Ireland,3802,23671,410,28,495,11,,GB,GB_NIR
2020-05-04,Northern Ireland,3858,24663,419,56,992,9,,GB,GB_NIR
2020-05-05,Northern Ireland,3916,25688,425,58,1025,6,,GB,GB_NIR
2020-05-06,Northern Ireland,3958,26781,428,42,1093,3,,GB,GB_NIR
2020-05-07,Northern Ireland,4018,27770,431,60,989,3,,GB,GB_NIR
2020-05-08,Northern Ireland,4064,28647,437,46,877,6,,GB,GB_NIR
2020-05-09,Northern Ireland,4095,29406,444,31,759,7,,GB,GB_NIR
2020-05-10,Northern Ireland,4142,30147,454,47,741,10,,GB,GB_NIR
2020-05-11,Northern Ireland,4207,31202,456,65,1055,2,,GB,GB_NIR
2020-05-12,Northern Ireland,4263,32275,460,56,1073,4,,GB,GB_NIR
2020-05-13,Northern Ireland,4294,33379,463,31,1104,3,,GB,GB_NIR
2020-05-14,Northern Ireland,4327,34317,473,33,938,10,,GB,GB_NIR
2020-05-15,Northern Ireland,4375,35449,476,48,1132,3,,GB,GB_NIR
2020-05-16,Northern Ireland,4399,36143,480,24,694,4,,GB,GB_NIR
2020-05-17,Northern Ireland,4423,36704,487,24,561,7,,GB,GB_NIR
2020-05-18,Northern Ireland,4457,37832,494,34,1128,7,,GB,GB_NIR
2020-05-19,Northern Ireland,4501,38917,499,44,1085,5,,GB,GB_NIR
2020-05-20,Northern Ireland,4528,40023,504,27,1106,5,,GB,GB_NIR
2020-05-21,Northern Ireland,4566,41064,508,38,1041,4,,GB,GB_NIR
2020-05-22,Northern Ireland,4584,42126,509,18,1062,1,,GB,GB_NIR
2020-05-23,Northern Ireland,4617,42879,511,33,753,2,,GB,GB_NIR
2020-05-24,Northern Ireland,4629,43531,518,12,652,7,,GB,GB_NIR
2020-05-25,Northern Ireland,4650,44412,519,21,881,1,,GB,GB_NIR
2020-05-26,Northern Ireland,4663,45334,520,13,922,1,,GB,GB_NIR
2020-05-27,Northern Ireland,4678,46220,524,15,886,4,,GB,GB_NIR
2020-05-28,Northern Ireland,4696,47204,527,18,984,3,,GB,GB_NIR
2020-05-29,Northern Ireland,4706,48142,528,10,938,1,,GB,GB_NIR
2020-05-30,Northern Ireland,4712,49036,530,6,894,2,,GB,GB_NIR
2020-05-31,Northern Ireland,4723,49636,531,11,600,1,,GB,GB_NIR
2020-06-01,Northern Ireland,4734,50742,532,11,1106,1,,GB,GB_NIR
2020-06-02,Northern Ireland,4750,51972,534,16,1230,2,,GB,GB_NIR
2020-06-03,Northern Ireland,4753,53235,536,3,1263,2,,GB,GB_NIR
2020-06-04,Northern Ireland,4757,54457,,4,1222,0,,GB,GB_NIR
2020-06-05,Northern Ireland,4774,55735,537,17,1278,1,,GB,GB_NIR
2020-06-06,Northern Ireland,4778,56543,537,4,808,0,,GB,GB_NIR
2020-06-07,Northern Ireland,4780,57253,537,2,710,0,,GB,GB_NIR
2020-06-08,Northern Ireland,4789,58387,537,9,1134,0,,GB,GB_NIR
2020-06-09,Northern Ireland,4800,59588,537,11,1201,0,,GB,GB_NIR
2020-06-10,Northern Ireland,4816,60784,537,16,1196,0,,GB,GB_NIR
2020-06-11,Northern Ireland,4825,61956,539,9,1172,2,,GB,GB_NIR
2020-06-12,Northern Ireland,4831,63052,540,6,1096,1,,GB,GB_NIR
2020-06-13,Northern Ireland,4838,63815,541,7,763,1,,GB,GB_NIR
2020-06-14,Northern Ireland,4840,64574,541,2,759,0,,GB,GB_NIR
2020-06-15,Northern Ireland,4847,65820,541,7,1246,0,,GB,GB_NIR
2020-06-16,Northern Ireland,4855,67040,542,8,1220,1,,GB,GB_NIR
2020-06-17,Northern Ireland,4858,68153,543,3,1113,1,,GB,GB_NIR
2020-06-18,Northern Ireland,4859,69256,544,1,1103,1,,GB,GB_NIR
2020-06-19,Northern Ireland,4864,70278,545,5,1022,1,,GB,GB_NIR
2020-06-20,Northern Ireland,4864,70966,545,0,688,0,,GB,GB_NIR
2020-06-21,Northern Ireland,4866,71624,545,2,658,0,,GB,GB_NIR
2020-06-22,Northern Ireland,4870,72699,546,4,1075,1,,GB,GB_NIR
2020-06-23,Northern Ireland,4873,73238,547,3,539,1,,GB,GB_NIR
2020-06-24,Northern Ireland,4873,73239,547,0,1,0,,GB,GB_NIR
2020-01-24,Scotland,0,2,0,,,,,GB,GB_SCT
2020-01-25,Scotland,0,5,0,0,3,0,,GB,GB_SCT
2020-01-26,Scotland,0,6,0,0,1,0,,GB,GB_SCT
2020-01-27,Scotland,0,7,0,0,1,0,,GB,GB_SCT
2020-01-28,Scotland,0,11,0,0,4,0,,GB,GB_SCT
2020-01-29,Scotland,0,11,0,0,0,0,,GB,GB_SCT
2020-01-30,Scotland,0,16,0,0,5,0,,GB,GB_SCT
2020-01-31,Scotland,0,16,0,0,0,0,,GB,GB_SCT
2020-02-01,Scotland,0,16,0,0,0,0,,GB,GB_SCT
2020-02-02,Scotland,0,16,0,0,0,0,,GB,GB_SCT
2020-02-03,Scotland,0,26,0,0,10,0,,GB,GB_SCT
2020-02-04,Scotland,0,26,0,0,0,0,,GB,GB_SCT
2020-02-05,Scotland,0,31,0,0,5,0,,GB,GB_SCT
2020-02-06,Scotland,0,34,0,0,3,0,,GB,GB_SCT
2020-02-07,Scotland,0,38,0,0,4,0,,GB,GB_SCT
2020-02-08,Scotland,0,38,0,0,0,0,,GB,GB_SCT
2020-02-09,Scotland,0,41,0,0,3,0,,GB,GB_SCT
2020-02-10,Scotland,0,57,0,0,16,0,,GB,GB_SCT
2020-02-11,Scotland,0,82,0,0,25,0,,GB,GB_SCT
2020-02-12,Scotland,0,106,0,0,24,0,,GB,GB_SCT
2020-02-13,Scotland,0,148,0,0,42,0,,GB,GB_SCT
2020-02-14,Scotland,0,200,0,0,52,0,,GB,GB_SCT
2020-02-15,Scotland,0,224,0,0,24,0,,GB,GB_SCT
2020-02-16,Scotland,0,252,0,0,28,0,,GB,GB_SCT
2020-02-17,Scotland,0,264,0,0,12,0,,GB,GB_SCT
2020-02-18,Scotland,0,276,0,0,12,0,,GB,GB_SCT
2020-02-19,Scotland,0,306,0,0,30,0,,GB,GB_SCT
2020-02-20,Scotland,0,327,0,0,21,0,,GB,GB_SCT
2020-02-21,Scotland,0,368,0,0,41,0,,GB,GB_SCT
2020-02-22,Scotland,0,382,0,0,14,0,,GB,GB_SCT
2020-02-23,Scotland,0,393,0,0,11,0,,GB,GB_SCT
2020-02-24,Scotland,0,404,0,0,11,0,,GB,GB_SCT
2020-02-25,Scotland,0,412,0,0,8,0,,GB,GB_SCT
2020-02-26,Scotland,0,437,0,0,25,0,,GB,GB_SCT
2020-02-27,Scotland,0,470,0,0,33,0,,GB,GB_SCT
2020-02-28,Scotland,0,500,0,0,30,0,,GB,GB_SCT
2020-02-29,Scotland,0,630,0,0,130,0,,GB,GB_SCT
2020-03-01,Scotland,0,698,0,0,68,0,,GB,GB_SCT
2020-03-02,Scotland,1,815,0,1,117,0,,GB,GB_SCT
2020-03-03,Scotland,1,915,0,0,100,0,,GB,GB_SCT
2020-03-04,Scotland,3,1046,0,2,131,0,,GB,GB_SCT
2020-03-05,Scotland,6,1256,0,3,210,0,,GB,GB_SCT
2020-03-06,Scotland,11,1525,0,5,269,0,,GB,GB_SCT
2020-03-07,Scotland,16,1680,0,5,155,0,,GB,GB_SCT
2020-03-08,Scotland,18,1957,0,2,277,0,,GB,GB_SCT
2020-03-09,Scotland,23,2101,0,5,144,0,,GB,GB_SCT
2020-03-10,Scotland,27,2234,0,4,133,0,,GB,GB_SCT
2020-03-11,Scotland,36,2316,0,9,82,0,,GB,GB_SCT
2020-03-12,Scotland,60,2892,0,24,576,0,,GB,GB_SCT
2020-03-13,Scotland,85,3314,1,25,422,1,,GB,GB_SCT
2020-03-14,Scotland,121,3715,1,36,401,0,,GB,GB_SCT
2020-03-15,Scotland,153,4240,1,32,525,0,,GB,GB_SCT
2020-03-16,Scotland,171,4895,1,18,655,0,,GB,GB_SCT
2020-03-17,Scotland,195,5246,2,24,351,1,,GB,GB_SCT
2020-03-18,Scotland,227,6091,3,32,845,1,,GB,GB_SCT
2020-03-19,Scotland,266,6772,6,39,681,3,,GB,GB_SCT
2020-03-20,Scotland,322,7550,6,56,778,0,,GB,GB_SCT
2020-03-21,Scotland,373,8259,7,51,709,1,,GB,GB_SCT
2020-03-22,Scotland,416,8679,10,43,420,3,,GB,GB_SCT
2020-03-23,Scotland,499,9364,14,83,685,4,,GB,GB_SCT
2020-03-24,Scotland,584,9968,16,85,604,2,,GB,GB_SCT
2020-03-25,Scotland,719,10676,22,135,708,6,,GB,GB_SCT
2020-03-26,Scotland,894,11487,25,175,811,3,,GB,GB_SCT
2020-03-27,Scotland,1059,12273,33,165,786,8,,GB,GB_SCT
2020-03-28,Scotland,1245,13133,40,186,860,7,,GB,GB_SCT
2020-03-29,Scotland,1384,13889,41,139,756,1,,GB,GB_SCT
2020-03-30,Scotland,1563,14624,47,179,735,6,,GB,GB_SCT
2020-03-31,Scotland,1993,15895,69,430,1271,22,,GB,GB_SCT
2020-04-01,Scotland,2310,17007,97,317,1112,28,,GB,GB_SCT
2020-04-02,Scotland,2602,18128,126,292,1121,29,,GB,GB_SCT
2020-04-03,Scotland,3001,19535,172,399,1407,46,,GB,GB_SCT
2020-04-04,Scotland,3345,20798,218,344,1263,46,,GB,GB_SCT
2020-04-05,Scotland,3706,23143,220,361,2345,2,,GB,GB_SCT
2020-04-06,Scotland,3961,24036,222,255,893,2,,GB,GB_SCT
2020-04-07,Scotland,4229,25022,296,268,986,74,,GB,GB_SCT
2020-04-08,Scotland,4565,26226,366,336,1204,70,,GB,GB_SCT
2020-04-09,Scotland,4957,27518,447,392,1292,81,,GB,GB_SCT
2020-04-10,Scotland,5275,28652,495,318,1134,48,,GB,GB_SCT
2020-04-11,Scotland,5590,29903,542,315,1251,47,,GB,GB_SCT
2020-04-12,Scotland,5912,31114,566,322,1211,24,,GB,GB_SCT
2020-04-13,Scotland,6067,31813,575,155,699,9,,GB,GB_SCT
2020-04-14,Scotland,6358,32855,615,291,1042,40,,GB,GB_SCT
2020-04-15,Scotland,6748,34064,699,390,1209,84,,GB,GB_SCT
2020-04-16,Scotland,7102,35392,779,354,1328,80,,GB,GB_SCT
2020-04-17,Scotland,7409,36637,837,307,1245,58,,GB,GB_SCT
2020-04-18,Scotland,7820,38233,893,411,1596,56,,GB,GB_SCT
2020-04-19,Scotland,8187,39612,903,367,1379,10,,GB,GB_SCT
2020-04-20,Scotland,8450,40700,915,263,1088,12,,GB,GB_SCT
2020-04-21,Scotland,8672,41699,985,222,999,70,,GB,GB_SCT
2020-04-22,Scotland,9038,43309,1062,366,1610,77,,GB,GB_SCT
2020-04-23,Scotland,9409,44799,1120,371,1490,58,,GB,GB_SCT
2020-04-24,Scotland,9697,46089,1184,288,1290,64,,GB,GB_SCT
2020-04-25,Scotland,10051,47749,1231,354,1660,47,,GB,GB_SCT
2020-04-26,Scotland,10324,49157,1249,273,1408,18,,GB,GB_SCT
2020-04-27,Scotland,10521,50294,1262,197,1137,13,,GB,GB_SCT
2020-04-28,Scotland,10721,51499,1332,200,1205,70,,GB,GB_SCT
2020-04-29,Scotland,11034,53082,1415,313,1583,83,,GB,GB_SCT
2020-04-30,Scotland,11353,54639,1475,319,1557,60,,GB,GB_SCT
2020-05-01,Scotland,11654,56702,1515,301,2063,40,,GB,GB_SCT
2020-05-02,Scotland,11927,58833,1559,273,2131,44,,GB,GB_SCT
2020-05-03,Scotland,12097,60295,1571,170,1462,12,,GB,GB_SCT
2020-05-04,Scotland,12266,61696,1576,169,1401,5,,GB,GB_SCT
2020-05-05,Scotland,12437,63311,1620,171,1615,44,,GB,GB_SCT
2020-05-06,Scotland,12709,65125,1703,272,1814,83,,GB,GB_SCT
2020-05-07,Scotland,12924,67097,1762,215,1972,59,,GB,GB_SCT
2020-05-08,Scotland,13149,69191,1811,225,2094,49,,GB,GB_SCT
2020-05-09,Scotland,13305,71092,1847,156,1901,36,,GB,GB_SCT
2020-05-10,Scotland,13486,72683,1857,181,1591,10,,GB,GB_SCT
2020-05-11,Scotland,13627,74063,1862,141,1380,5,,GB,GB_SCT
2020-05-12,Scotland,13763,75570,1912,136,1507,50,,GB,GB_SCT
2020-05-13,Scotland,13929,77750,1973,166,2180,61,,GB,GB_SCT
2020-05-14,Scotland,14117,80275,2007,188,2525,34,,GB,GB_SCT
2020-05-15,Scotland,14260,82266,2053,143,1991,46,,GB,GB_SCT
2020-05-16,Scotland,14447,85604,2094,187,3338,41,,GB,GB_SCT
2020-05-17,Scotland,14537,87660,2103,90,2056,9,,GB,GB_SCT
2020-05-18,Scotland,14594,88940,2105,57,1280,2,,GB,GB_SCT
2020-05-19,Scotland,14655,90421,2134,61,1481,29,,GB,GB_SCT
2020-05-20,Scotland,14751,92594,2184,96,2173,50,,GB,GB_SCT
2020-05-21,Scotland,14856,95173,2221,105,2579,37,,GB,GB_SCT
2020-05-22,Scotland,14969,97607,2245,113,2434,24,,GB,GB_SCT
2020-05-23,Scotland,15041,99932,2261,72,2325,16,,GB,GB_SCT
2020-05-24,Scotland,15101,101713,2270,60,1781,9,,GB,GB_SCT
2020-05-25,Scotland,15156,103508,2273,55,1795,3,,GB,GB_SCT
2020-05-26,Scotland,15185,104880,2291,29,1372,18,,GB,GB_SCT
2020-05-27,Scotland,15240,106984,2304,55,2104,13,,GB,GB_SCT
2020-05-28,Scotland,15288,109031,2316,48,2047,12,,GB,GB_SCT
2020-05-29,Scotland,15327,111085,2331,39,2054,15,,GB,GB_SCT
2020-05-30,Scotland,15382,112984,2353,55,1899,22,,GB,GB_SCT
2020-05-31,Scotland,15400,114322,2362,18,1338,9,,GB,GB_SCT
2020-06-01,Scotland,15418,115259,2363,18,937,1,,GB,GB_SCT
2020-06-02,Scotland,15471,116848,2375,53,1589,12,,GB,GB_SCT
2020-06-03,Scotland,15504,118573,2386,33,1725,11,,GB,GB_SCT
2020-06-04,Scotland,15553,120601,2395,49,2028,9,,GB,GB_SCT
2020-06-05,Scotland,15582,122762,2409,29,2161,14,,GB,GB_SCT
2020-06-06,Scotland,15603,124543,2415,21,1781,6,,GB,GB_SCT
2020-06-07,Scotland,15621,126012,2415,18,1469,0,,GB,GB_SCT
2020-06-08,Scotland,15639,127204,2415,18,1192,0,,GB,GB_SCT
2020-06-09,Scotland,15653,128495,2422,14,1291,7,,GB,GB_SCT
2020-06-10,Scotland,15665,130104,2434,12,1609,12,,GB,GB_SCT
2020-06-11,Scotland,15682,132001,2439,17,1897,5,,GB,GB_SCT
2020-06-12,Scotland,15709,133894,2442,27,1893,3,,GB,GB_SCT
2020-06-13,Scotland,15730,136146,2447,21,2252,5,,GB,GB_SCT
2020-06-14,Scotland,15755,137638,2448,25,1492,1,,GB,GB_SCT
2020-06-15,Scotland,18030,210959,2448,2275,73321,0,,GB,GB_SCT
2020-06-16,Scotland,18045,213527,2453,15,2568,5,,GB,GB_SCT
2020-06-17,Scotland,18066,216743,2462,21,3216,9,,GB,GB_SCT
2020-06-18,Scotland,18077,220198,2464,11,3455,2,,GB,GB_SCT
2020-06-19,Scotland,18104,222516,2470,27,2318,6,,GB,GB_SCT
2020-06-20,Scotland,18130,228083,2472,26,5567,2,,GB,GB_SCT
2020-06-21,Scotland,18156,231525,2472,26,3442,0,,GB,GB_SCT
2020-06-22,Scotland,18170,233535,2472,14,2010,0,,GB,GB_SCT
2020-06-23,Scotland,18182,235359,2476,12,1824,4,,GB,GB_SCT
2020-06-24,Scotland,18191,238076,2480,9,2717,4,,GB,GB_SCT
2020-01-25,,0,31,0,,,,,GB,GB
2020-01-26,,0,52,0,0,21,0,,GB,GB
2020-01-27,,0,73,0,0,21,0,,GB,GB
2020-01-28,,0,97,0,0,24,0,,GB,GB
2020-01-29,,0,130,0,0,33,0,,GB,GB
2020-01-30,,0,161,0,0,31,0,,GB,GB
2020-01-31,,2,177,0,2,16,0,,GB,GB
2020-02-01,,2,203,0,0,26,0,,GB,GB
2020-02-02,,2,266,0,0,63,0,,GB,GB
2020-02-03,,2,326,0,0,60,0,,GB,GB
2020-02-04,,2,416,0,0,90,0,,GB,GB
2020-02-05,,2,468,0,0,52,0,,GB,GB
2020-02-06,,3,566,0,1,98,0,,GB,GB
2020-02-07,,3,620,0,0,54,0,,GB,GB
2020-02-08,,3,686,0,0,66,0,,GB,GB
2020-02-09,,4,795,0,1,109,0,,GB,GB
2020-02-10,,8,1114,0,4,319,0,,GB,GB
2020-02-11,,8,1358,0,0,244,0,,GB,GB
2020-02-12,,8,1758,0,0,400,0,,GB,GB
2020-02-13,,9,2521,0,1,763,0,,GB,GB
2020-02-14,,9,2964,0,0,443,0,,GB,GB
2020-02-15,,9,2992,0,0,28,0,,GB,GB
2020-02-16,,9,3109,0,0,117,0,,GB,GB
2020-02-17,,9,4501,0,0,1392,0,,GB,GB
2020-02-18,,9,4916,0,0,415,0,,GB,GB
2020-02-19,,9,5207,0,0,291,0,,GB,GB
2020-02-20,,9,5549,0,0,342,0,,GB,GB
2020-02-21,,9,5885,0,0,336,0,,GB,GB
2020-02-22,,9,6152,0,0,267,0,,GB,GB
2020-02-23,,9,6324,0,0,172,0,,GB,GB
2020-02-24,,13,6536,0,4,212,0,,GB,GB
2020-02-25,,13,6795,0,0,259,0,,GB,GB
2020-02-26,,13,7132,0,0,337,0,,GB,GB
2020-02-27,,13,7690,0,0,558,0,,GB,GB
2020-02-28,,19,8986,0,6,1296,0,,GB,GB
2020-02-29,,23,10483,0,4,1497,0,,GB,GB
2020-03-01,,35,11750,0,12,1267,0,,GB,GB
2020-03-02,,40,13525,0,5,1775,0,,GB,GB
2020-03-03,,51,13911,0,11,386,0,,GB,GB
2020-03-04,,85,16659,0,34,2748,0,,GB,GB
2020-03-05,,114,18083,0,29,1424,0,,GB,GB
2020-03-06,,160,20338,1,46,2255,1,,GB,GB
2020-03-07,,206,21460,2,46,1122,1,,GB,GB
2020-03-08,,271,23513,2,65,2053,0,,GB,GB
2020-03-09,,321,24960,3,50,1447,1,,GB,GB
2020-03-10,,373,26261,7,52,1301,4,,GB,GB
2020-03-11,,456,27476,7,83,1215,0,,GB,GB
2020-03-12,,590,29764,9,134,2288,2,,GB,GB
2020-03-13,,797,32771,10,207,3007,1,,GB,GB
2020-03-14,,1061,37746,28,264,4975,18,,GB,GB
2020-03-15,,1391,40279,43,330,2533,15,,GB,GB
2020-03-16,,1543,44105,65,152,3826,22,,GB,GB
2020-03-17,,1950,50442,81,407,6337,16,,GB,GB
2020-03-18,,2626,56221,115,676,5779,34,,GB,GB
2020-03-19,,3269,64621,158,643,8400,43,,GB,GB
2020-03-20,,3983,66976,194,714,2355,36,,GB,GB
2020-03-21,,5018,72818,250,1035,5842,56,,GB,GB
2020-03-22,,5683,78340,285,665,5522,35,,GB,GB
2020-03-23,,6650,83945,359,967,5605,74,,GB,GB
2020-03-24,,8077,90436,508,1427,6491,149,,GB,GB
2020-03-25,,9529,97019,695,1452,6583,187,,GB,GB
2020-03-26,,11658,104866,878,2129,7847,183,,GB,GB
2020-03-27,,14543,113777,1162,2885,8911,284,,GB,GB
2020-03-28,,17089,120776,1456,2546,6999,294,,GB,GB
2020-03-29,,19522,127737,1670,2433,6961,214,,GB,GB
2020-03-30,,22141,134946,2044,2619,7209,374,,GB,GB
2020-03-31,,25150,143186,2426,3009,8240,382,,GB,GB
2020-04-01,,29474,152979,3096,4324,9793,670,,GB,GB
2020-04-02,,33718,163194,3748,4244,10215,652,,GB,GB
2020-04-03,,38168,173784,4462,4450,10590,714,,GB,GB
2020-04-04,,41903,183190,5222,3735,9406,760,,GB,GB
2020-04-05,,47806,195524,5866,5903,12334,644,,GB,GB
2020-04-06,,51608,208837,6434,3802,13313,568,,GB,GB
2020-04-07,,55242,213181,7472,3634,4344,1038,,GB,GB
2020-04-08,,60733,232708,8506,5491,19527,1034,,GB,GB
2020-04-09,,65077,243421,9616,4344,10713,1110,,GB,GB
2020-04-10,,70272,256605,10768,5195,13184,1152,,GB,GB
2020-04-11,,78991,269598,11608,8719,12993,840,,GB,GB
2020-04-12,,84279,282279,12294,5288,12681,686,,GB,GB
2020-04-13,,88621,290720,13038,4342,8441,744,,GB,GB
2020-04-14,,93873,302599,14085,5252,11879,1047,,GB,GB
2020-04-15,,98476,313769,14927,4603,11170,842,,GB,GB
2020-04-16,,103093,327608,15956,4617,13839,1029,,GB,GB
2020-04-17,,108692,341551,16892,5599,13943,936,,GB,GB
2020-04-18,,114217,357023,18007,5525,15472,1115,,GB,GB
2020-04-19,,120067,372967,18505,5850,15944,498,,GB,GB
2020-04-20,,124743,386044,19064,4676,13077,559,,GB,GB
2020-04-21,,129044,397670,20237,4301,11626,1173,,GB,GB
2020-04-22,,133495,411192,21074,4451,13522,837,,GB,GB
2020-04-23,,138078,425821,21801,4583,14629,727,,GB,GB
2020-04-24,,143464,444222,22807,5386,18401,1006,,GB,GB
2020-04-25,,148377,517836,23650,4913,73614,843,,GB,GB
2020-04-26,,152840,543413,24070,4463,25577,420,,GB,GB
2020-04-27,,157149,569768,24408,4309,26355,338,,GB,GB
2020-04-28,,161145,599339,25319,3996,29571,911,,GB,GB
2020-04-29,,165221,632794,26114,4076,33455,795,,GB,GB
2020-04-30,,171253,687369,26788,6032,54575,674,,GB,GB
2020-05-01,,177454,762279,27528,6201,74910,740,,GB,GB
2020-05-02,,182260,825946,28149,4806,63667,621,,GB,GB
2020-05-03,,186599,882343,28464,4339,56397,315,,GB,GB
2020-05-04,,190584,945299,28752,3985,62956,288,,GB,GB
2020-05-05,,194990,1015138,29446,4406,69839,694,,GB,GB
2020-05-06,,201101,1072144,30098,6111,57006,652,,GB,GB
2020-05-07,,206715,1139626,30638,5614,67482,540,,GB,GB
2020-05-08,,211364,1207069,31265,4649,67443,627,,GB,GB
2020-05-09,,215260,1270408,31610,3896,63339,345,,GB,GB
2020-05-10,,219183,1334770,31879,3923,64362,269,,GB,GB
2020-05-11,,223060,1400107,32090,3877,65337,211,,GB,GB
2020-05-12,,226463,1460517,32720,3403,60410,630,,GB,GB
2020-05-13,,229705,1522258,33216,3242,61741,496,,GB,GB
2020-05-14,,233151,1593902,33644,3446,71644,428,,GB,GB
2020-05-15,,236711,1663492,34028,3560,69590,384,,GB,GB
2020-05-16,,240161,1742028,34508,3450,78536,480,,GB,GB
2020-05-17,,243695,1818712,34678,3534,76684,170,,GB,GB
2020-05-18,,246406,1887051,34838,2711,68339,160,,GB,GB
2020-05-19,,,,35386,0,0,548,,GB,GB
2020-05-20,,248293,1996648,35755,1887,109597,369,,GB,GB
2020-05-21,,250908,2064329,36093,2615,67681,338,,GB,GB
2020-05-22,,254195,2144626,36451,3287,80297,358,,GB,GB
2020-05-23,,257154,,36734,2959,0,283,,GB,GB
2020-05-24,,259559,,37175,2405,0,441,,GB,GB
2020-05-25,,261184,,37297,1625,0,122,,GB,GB
2020-05-26,,265227,,37433,4043,0,136,,GB,GB
2020-05-27,,267240,,37876,2013,0,443,,GB,GB
2020-05-28,,269127,,38292,1887,0,416,,GB,GB
2020-05-29,,271222,,38665,2095,0,373,,GB,GB
2020-05-30,,272826,,38895,1604,0,230,,GB,GB
2020-05-31,,274762,,39010,1936,0,115,,GB,GB
2020-06-01,,276332,,39121,1570,0,111,,GB,GB
2020-06-02,,277985,,39447,1653,0,326,,GB,GB
2020-06-03,,279856,,39812,1871,0,365,,GB,GB
2020-06-04,,281661,,39989,1805,0,177,,GB,GB
2020-06-05,,283311,,40347,1650,0,358,,GB,GB
2020-06-06,,284868,,40554,1557,0,207,,GB,GB
2020-06-07,,286194,,40631,1326,0,77,,GB,GB
2020-06-08,,287399,,40686,1205,0,55,,GB,GB
2020-06-09,,289140,,40975,1741,0,289,,GB,GB
2020-06-10,,290143,,41225,1003,0,250,,GB,GB
2020-06-11,,291409,,41377,1266,0,152,,GB,GB
2020-06-12,,292950,,41581,1541,0,204,,GB,GB
2020-06-13,,294375,,41764,1425,0,183,,GB,GB
2020-06-14,,295889,,41800,1514,0,36,,GB,GB
2020-06-15,,296857,,41838,968,0,38,,GB,GB
2020-06-16,,298136,,42074,1279,0,236,,GB,GB
2020-06-17,,299251,,42258,1115,0,184,,GB,GB
2020-06-18,,300469,,42395,1218,0,137,,GB,GB
2020-06-19,,301815,,42568,1346,0,173,,GB,GB
2020-06-20,,303110,,42698,1295,0,130,,GB,GB
2020-06-21,,304331,,42741,1221,0,43,,GB,GB
2020-06-22,,305289,,42756,958,0,15,,GB,GB
2020-06-23,,306210,,42927,921,0,171,,GB,GB
2020-06-24,,306862,,43081,652,0,154,,GB,GB
2020-01-08,Wales,0,1,,,,,,GB,GB_WLS
2020-01-09,Wales,0,1,,0,0,,,GB,GB_WLS
2020-01-10,Wales,0,1,,0,0,,,GB,GB_WLS
2020-01-11,Wales,0,1,,0,0,,,GB,GB_WLS
2020-01-12,Wales,0,1,,0,0,,,GB,GB_WLS
2020-01-13,Wales,0,1,,0,0,,,GB,GB_WLS
2020-01-14,Wales,0,1,,0,0,,,GB,GB_WLS
2020-01-15,Wales,0,1,,0,0,,,GB,GB_WLS
2020-01-16,Wales,0,1,,0,0,,,GB,GB_WLS
2020-01-17,Wales,0,3,,0,2,,,GB,GB_WLS
2020-01-18,Wales,0,3,,0,0,,,GB,GB_WLS
2020-01-19,Wales,0,3,,0,0,,,GB,GB_WLS
2020-01-20,Wales,0,4,,0,1,,,GB,GB_WLS
2020-01-21,Wales,0,4,,0,0,,,GB,GB_WLS
2020-01-22,Wales,1,5,,1,1,,,GB,GB_WLS
2020-01-23,Wales,1,5,,0,0,,,GB,GB_WLS
2020-01-24,Wales,1,5,,0,0,,,GB,GB_WLS
2020-01-25,Wales,1,5,,0,0,,,GB,GB_WLS
2020-01-26,Wales,1,5,,0,0,,,GB,GB_WLS
2020-01-27,Wales,2,6,,1,1,,,GB,GB_WLS
2020-01-28,Wales,2,6,,0,0,,,GB,GB_WLS
2020-01-29,Wales,2,6,,0,0,,,GB,GB_WLS
2020-01-30,Wales,2,7,,0,1,,,GB,GB_WLS
2020-01-31,Wales,2,7,,0,0,,,GB,GB_WLS
2020-02-01,Wales,2,8,,0,1,,,GB,GB_WLS
2020-02-02,Wales,2,8,,0,0,,,GB,GB_WLS
2020-02-03,Wales,2,8,,0,0,,,GB,GB_WLS
2020-02-04,Wales,3,9,,1,1,,,GB,GB_WLS
2020-02-05,Wales,3,9,,0,0,,,GB,GB_WLS
2020-02-06,Wales,3,9,,0,0,,,GB,GB_WLS
2020-02-07,Wales,3,9,,0,0,,,GB,GB_WLS
2020-02-08,Wales,3,9,,0,0,,,GB,GB_WLS
2020-02-09,Wales,3,9,,0,0,,,GB,GB_WLS
2020-02-10,Wales,3,9,,0,0,,,GB,GB_WLS
2020-02-11,Wales,3,9,,0,0,,,GB,GB_WLS
2020-02-12,Wales,0,1,,-3,-8,,,GB,GB_WLS
2020-02-13,Wales,0,2,,0,1,,,GB,GB_WLS
2020-02-14,Wales,0,4,,0,2,,,GB,GB_WLS
2020-02-15,Wales,0,4,,0,0,,,GB,GB_WLS
2020-02-16,Wales,0,4,,0,0,,,GB,GB_WLS
2020-02-17,Wales,0,4,,0,0,,,GB,GB_WLS
2020-02-18,Wales,0,4,,0,0,,,GB,GB_WLS
2020-02-19,Wales,0,4,,0,0,,,GB,GB_WLS
2020-02-20,Wales,0,4,,0,0,,,GB,GB_WLS
2020-02-21,Wales,0,4,,0,0,,,GB,GB_WLS
2020-02-22,Wales,0,4,,0,0,,,GB,GB_WLS
2020-02-23,Wales,0,5,,0,1,,,GB,GB_WLS
2020-02-24,Wales,0,5,,0,0,,,GB,GB_WLS
2020-02-25,Wales,0,5,,0,0,,,GB,GB_WLS
2020-02-26,Wales,0,5,,0,0,,,GB,GB_WLS
2020-02-27,Wales,1,6,,1,1,,,GB,GB_WLS
2020-02-28,Wales,1,6,0,0,0,,,GB,GB_WLS
2020-02-29,Wales,1,6,0,0,0,0,,GB,GB_WLS
2020-03-01,Wales,1,6,0,0,0,0,,GB,GB_WLS
2020-03-02,Wales,1,6,0,0,0,0,,GB,GB_WLS
2020-03-03,Wales,1,7,0,0,1,0,,GB,GB_WLS
2020-03-04,Wales,2,9,0,1,2,0,,GB,GB_WLS
2020-03-05,Wales,2,9,0,0,0,0,,GB,GB_WLS
2020-03-06,Wales,2,9,0,0,0,0,,GB,GB_WLS
2020-03-07,Wales,4,11,0,2,2,0,,GB,GB_WLS
2020-03-08,Wales,4,11,0,0,0,0,,GB,GB_WLS
2020-03-09,Wales,7,14,0,3,3,0,,GB,GB_WLS
2020-03-10,Wales,18,25,0,11,11,0,,GB,GB_WLS
2020-03-11,Wales,32,43,0,14,18,0,,GB,GB_WLS
2020-03-12,Wales,56,68,0,24,25,0,,GB,GB_WLS
2020-03-13,Wales,83,95,0,27,27,0,,GB,GB_WLS
2020-03-14,Wales,103,116,0,20,21,0,,GB,GB_WLS
2020-03-15,Wales,134,147,0,31,31,0,,GB,GB_WLS
2020-03-16,Wales,168,187,3,34,40,3,,GB,GB_WLS
2020-03-17,Wales,205,1778,3,37,1591,0,,GB,GB_WLS
2020-03-18,Wales,241,1973,3,36,195,0,,GB,GB_WLS
2020-03-19,Wales,301,2364,6,60,391,3,,GB,GB_WLS
2020-03-20,Wales,374,2799,8,73,435,2,,GB,GB_WLS
2020-03-21,Wales,449,3261,15,75,462,7,,GB,GB_WLS
2020-03-22,Wales,525,3612,20,76,351,5,,GB,GB_WLS
2020-03-23,Wales,658,4151,24,133,539,4,,GB,GB_WLS
2020-03-24,Wales,799,4827,33,141,676,9,,GB,GB_WLS
2020-03-25,Wales,989,5516,43,190,689,10,,GB,GB_WLS
2020-03-26,Wales,1167,6181,54,178,665,11,,GB,GB_WLS
2020-03-27,Wales,1360,6798,64,193,617,10,,GB,GB_WLS
2020-03-28,Wales,1527,7219,79,167,421,15,,GB,GB_WLS
2020-03-29,Wales,1686,7693,97,159,474,18,,GB,GB_WLS
2020-03-30,Wales,2029,8568,113,343,875,16,,GB,GB_WLS
2020-03-31,Wales,2306,9344,128,277,776,15,,GB,GB_WLS
2020-04-01,Wales,2633,10224,149,327,880,21,,GB,GB_WLS
2020-04-02,Wales,2969,11075,177,336,851,28,,GB,GB_WLS
2020-04-03,Wales,3299,11880,206,330,805,29,,GB,GB_WLS
2020-04-04,Wales,3581,12549,237,282,669,31,,GB,GB_WLS
2020-04-05,Wales,3804,13052,267,223,503,30,,GB,GB_WLS
2020-04-06,Wales,4187,13868,287,383,816,20,,GB,GB_WLS
2020-04-07,Wales,4573,14740,319,386,872,32,,GB,GB_WLS
2020-04-08,Wales,4959,15657,361,386,917,42,,GB,GB_WLS
2020-04-09,Wales,5350,16562,404,391,905,43,,GB,GB_WLS
2020-04-10,Wales,5658,17298,429,308,736,25,,GB,GB_WLS
2020-04-11,Wales,5905,17900,460,247,602,31,,GB,GB_WLS
2020-04-12,Wales,6152,18466,497,247,566,37,,GB,GB_WLS
2020-04-13,Wales,6425,19100,540,273,634,43,,GB,GB_WLS
2020-04-14,Wales,6742,19862,566,317,762,26,,GB,GB_WLS
2020-04-15,Wales,7103,20862,604,361,1000,38,,GB,GB_WLS
2020-04-16,Wales,7466,21867,639,363,1005,35,,GB,GB_WLS
2020-04-17,Wales,7790,22873,668,324,1006,29,,GB,GB_WLS
2020-04-18,Wales,8037,23625,700,247,752,32,,GB,GB_WLS
2020-04-19,Wales,8218,24195,726,181,570,26,,GB,GB_WLS
2020-04-20,Wales,8499,25095,751,281,900,25,,GB,GB_WLS
2020-04-21,Wales,8758,26111,781,259,1016,30,,GB,GB_WLS
2020-04-22,Wales,9011,27042,804,253,931,23,,GB,GB_WLS
2020-04-23,Wales,9211,28011,822,200,969,18,,GB,GB_WLS
2020-04-24,Wales,9424,29040,853,213,1029,31,,GB,GB_WLS
2020-04-25,Wales,9560,29685,882,136,645,29,,GB,GB_WLS
2020-04-26,Wales,9680,30190,898,120,505,16,,GB,GB_WLS
2020-04-27,Wales,9846,31045,914,166,855,16,,GB,GB_WLS
2020-04-28,Wales,9994,31991,929,148,946,15,,GB,GB_WLS
2020-04-29,Wales,10161,32999,955,167,1008,26,,GB,GB_WLS
2020-04-30,Wales,10355,34053,971,194,1054,16,,GB,GB_WLS
2020-05-01,Wales,10516,35228,1000,161,1175,29,,GB,GB_WLS
2020-05-02,Wales,10685,36156,1014,169,928,14,,GB,GB_WLS
2020-05-03,Wales,10779,36653,1028,94,497,14,,GB,GB_WLS
2020-05-04,Wales,10910,37558,1051,131,905,23,,GB,GB_WLS
2020-05-05,Wales,11073,38780,1068,163,1222,17,,GB,GB_WLS
2020-05-06,Wales,11240,40175,1091,167,1395,23,,GB,GB_WLS
2020-05-07,Wales,11408,41432,1110,168,1257,19,,GB,GB_WLS
2020-05-08,Wales,11509,42410,1123,101,978,13,,GB,GB_WLS
2020-05-09,Wales,11633,43347,1130,124,937,7,,GB,GB_WLS
2020-05-10,Wales,11734,44287,1140,101,940,10,,GB,GB_WLS
2020-05-11,Wales,11906,45396,1155,172,1109,15,,GB,GB_WLS
2020-05-12,Wales,12045,46518,1166,139,1122,11,,GB,GB_WLS
2020-05-13,Wales,12188,47844,1182,143,1326,16,,GB,GB_WLS
2020-05-14,Wales,12308,49154,1194,120,1310,12,,GB,GB_WLS
2020-05-15,Wales,12483,51103,1210,175,1949,16,,GB,GB_WLS
2020-05-16,Wales,12642,52832,1223,159,1729,13,,GB,GB_WLS
2020-05-17,Wales,12755,54051,1233,113,1219,10,,GB,GB_WLS
2020-05-18,Wales,12919,55495,1243,164,1444,10,,GB,GB_WLS
2020-05-19,Wales,13127,57572,1254,208,2077,11,,GB,GB_WLS
2020-05-20,Wales,13279,59705,1261,152,2133,7,,GB,GB_WLS
2020-05-21,Wales,13386,61819,1270,107,2114,9,,GB,GB_WLS
2020-05-22,Wales,13492,63874,1280,106,2055,10,,GB,GB_WLS
2020-05-23,Wales,13598,66062,1287,106,2188,7,,GB,GB_WLS
2020-05-24,Wales,13665,67367,1299,67,1305,12,,GB,GB_WLS
2020-05-25,Wales,13755,68849,1309,90,1482,10,,GB,GB_WLS
2020-05-26,Wales,13839,71285,1319,84,2436,10,,GB,GB_WLS
2020-05-27,Wales,13936,73595,1325,97,2310,6,,GB,GB_WLS
2020-05-28,Wales,14026,76094,1341,90,2499,16,,GB,GB_WLS
2020-05-29,Wales,14115,78818,1352,89,2724,11,,GB,GB_WLS
2020-05-30,Wales,14169,80607,1362,54,1789,10,,GB,GB_WLS
2020-05-31,Wales,14207,82110,1369,38,1503,7,,GB,GB_WLS
2020-06-01,Wales,14270,85072,1378,63,2962,9,,GB,GB_WLS
2020-06-02,Wales,14331,88032,1383,61,2960,5,,GB,GB_WLS
2020-06-03,Wales,14394,91070,1390,63,3038,7,,GB,GB_WLS
2020-06-04,Wales,14446,94994,1402,52,3924,12,,GB,GB_WLS
2020-06-05,Wales,14493,98222,1406,47,3228,4,,GB,GB_WLS
2020-06-06,Wales,14535,99995,1415,42,1773,9,,GB,GB_WLS
2020-06-07,Wales,14562,101594,1423,27,1599,8,,GB,GB_WLS
2020-06-08,Wales,14627,104528,1430,65,2934,7,,GB,GB_WLS
2020-06-09,Wales,14680,106959,1434,53,2431,4,,GB,GB_WLS
2020-06-10,Wales,14732,109447,1441,52,2488,7,,GB,GB_WLS
2020-06-11,Wales,14780,111258,1446,48,1811,5,,GB,GB_WLS
2020-06-12,Wales,14839,113737,1450,59,2479,4,,GB,GB_WLS
2020-06-13,Wales,14894,115148,1456,55,1411,6,,GB,GB_WLS
2020-06-14,Wales,14932,116279,1463,38,1131,7,,GB,GB_WLS
2020-06-15,Wales,14980,118193,1469,48,1914,6,,GB,GB_WLS
2020-06-16,Wales,15038,120101,1477,58,1908,8,,GB,GB_WLS
2020-06-17,Wales,15080,121750,1478,42,1649,1,,GB,GB_WLS
2020-06-18,Wales,15130,123444,1478,50,1694,0,,GB,GB_WLS
2020-06-19,Wales,15256,125534,1482,126,2090,4,,GB,GB_WLS
2020-06-20,Wales,15279,126392,1485,23,858,3,,GB,GB_WLS
2020-06-21,Wales,15328,127201,1489,49,809,4,,GB,GB_WLS
2020-06-22,Wales,15341,127594,1491,13,393,2,,GB,GB_WLS
2020-06-23,Wales,15341,127609,1491,0,15,0,,GB,GB_WLS
